Workbook

Sheet 装备总表
A1: 序号 | B1: 装备key | C1: 装备名称 | D1: 价格 | E1: 占用空间 | F1: 生命 | G1: 防御 | H1: 武力 | I1: 智力 | J1: 敏捷 | K1: 带兵上限 | L1: 运势 | M1: 合计 | N1: 套装名称 | O1: 套装属性 | P1: 稀有度 | Q1: 稀有度中文 | R1: 装备类型 | S1: 细分类型 | T1: 装备描述 | U1: 可交易 | V1: 可在仓库直接使用 | W1: 图片文件 | X1: 图标 | Y1: effect_type | Z1: 套装key | AA1: 护院兵种加成 | AB1: 可普通锻造 | AC1: 可图纸合成 | AD1: 图纸key | AE1: 获取途径摘要 | AF1: 原始effect_payload(JSON) | AG1: 数据来源
A2: 1 | B2: equip_bumao | C2: 布帽 | D2: 100 | E2: 50 | F2: 100 | G2: 5 | H2: 0 | I2: 8 | J2: 5 | K2: 0 | L2: 0 | M2: =F2/54+G2+H2+I2+J2+L2*1.2+K2/2 -> 19.851852 | N2: 无 | O2: 无 | P2: black | Q2: 普通/白 | R2: 头盔 | S2: 头盔 | T2: 一般老百姓戴的帽子，遮风遮日用。 | U2: 是 | V2: 否 | W2: equip_bumao.png | Y2: equip_helmet | AA2: 无 | AB2: 是 | AC2: 否 | AE2: 铁匠铺直接锻造 | AF2: {"hp":100,"defense":5,"intellect":8,"agility":5} | AG2: data/item_templates.yaml:L3336
A3: 2 | B3: equip_caomao | C3: 斗笠 | D3: 0 | E3: 50 | F3: 250 | G3: 10 | H3: 5 | I3: 0 | J3: 0 | K3: 0 | L3: 0 | M3: =F3/54+G3+H3+I3+J3+L3*1.2+K3/2 -> 19.62963 | N3: 一蓑烟雨 | O3: 一蓑烟雨4件: 生命+200、武力+20、带兵上限+20、运势+15 | P3: black | Q3: 普通/白 | R3: 头盔 | S3: 头盔 | T3: 由棕叶编织而成的宽边帽，可以简单遮蔽风雨。 | U3: 否 | V3: 否 | W3: equip_caomao.png | Y3: equip_helmet | Z3: starter_cloth_set | AA3: 无 | AB3: 否 | AC3: 否 | AE3: 宝箱随机装备 | AF3: {"hp":250,"defense":10,"force":5,"set_key":"starter_cloth_set","set_description":"一蓑烟雨","set_bonus":{"pieces":4,"bonus":{"hp":200,"force":20,"troop_capacity":20,"luck":15}}} | AG3: data/item_templates.yaml:L3240
A4: 3 | B4: equip_niupimao | C4: 牛皮帽 | D4: 300 | E4: 50 | F4: 100 | G4: 10 | H4: 5 | I4: 0 | J4: 5 | K4: 0 | L4: 0 | M4: =F4/54+G4+H4+I4+J4+L4*1.2+K4/2 -> 21.851852 | N4: 无 | O4: 无 | P4: black | Q4: 普通/白 | R4: 头盔 | S4: 头盔 | T4: 既能御寒，又能稍微保护脑袋。 | U4: 是 | V4: 否 | W4: equip_niupimao.png | Y4: equip_helmet | AA4: 无 | AB4: 是 | AC4: 否 | AE4: 铁匠铺直接锻造 | AF4: {"hp":100,"defense":10,"force":5,"agility":5} | AG4: data/item_templates.yaml:L3351
A5: 4 | B5: equip_zhubiankui | C5: 竹编盔 | D5: 200 | E5: 50 | F5: 300 | G5: 15 | H5: 0 | I5: 0 | J5: 0 | K5: 0 | L5: 0 | M5: =F5/54+G5+H5+I5+J5+L5*1.2+K5/2 -> 20.555556 | N5: 无 | O5: 无 | P5: black | Q5: 普通/白 | R5: 头盔 | S5: 头盔 | T5: 终南山道士所编，取材自千年古竹林，轻巧透气。 | U5: 是 | V5: 否 | W5: equip_zhubiankui.png | Y5: equip_helmet | AA5: 无 | AB5: 否 | AC5: 否 | AE5: 宝箱随机装备 | AF5: {"hp":300,"defense":15} | AG5: data/item_templates.yaml:L3410
A6: 5 | B6: equip_baihongkui | C6: 白虹盔 | D6: 3000 | E6: 75 | F6: 160 | G6: 12 | H6: 4 | I6: 0 | J6: 0 | K6: 16 | L6: 0 | M6: =F6/54+G6+H6+I6+J6+L6*1.2+K6/2 -> 26.962963 | N6: 无 | O6: 无 | P6: green | Q6: 优秀/绿 | R6: 头盔 | S6: 头盔 | T6: 精钢铸就，盔顶白缨飘飘，威武不凡。 | U6: 是 | V6: 否 | W6: equip_baihongkui.png | Y6: equip_helmet | AA6: 无 | AB6: 是 | AC6: 否 | AE6: 商铺购买；宝箱随机装备；铁匠铺直接锻造 | AF6: {"hp":160,"defense":12,"force":4,"troop_capacity":16} | AG6: data/item_templates.yaml:L3395
A7: 6 | B7: equip_baoutoukui | C7: 豹头盔 | D7: 2800 | E7: 75 | F7: 200 | G7: 20 | H7: 0 | I7: 0 | J7: 15 | K7: 0 | L7: 0 | M7: =F7/54+G7+H7+I7+J7+L7*1.2+K7/2 -> 38.703704 | N7: 无 | O7: 无 | P7: green | Q7: 优秀/绿 | R7: 头盔 | S7: 头盔 | T7: 豹首造型的头盔，相传为豹子头林冲年轻时所佩。 | U7: 是 | V7: 否 | W7: equip_baoutoukui.png | Y7: equip_helmet | AA7: 无 | AB7: 否 | AC7: 否 | AE7: 任务宝箱装备；宝箱随机装备 | AF7: {"hp":200,"defense":20,"agility":15} | AG7: data/item_templates.yaml:L3460
A8: 7 | B8: equip_huwenkui | C8: 虎纹盔 | D8: 2500 | E8: 75 | F8: 220 | G8: 18 | H8: 15 | I8: 0 | J8: 0 | K8: 0 | L8: 0 | M8: =F8/54+G8+H8+I8+J8+L8*1.2+K8/2 -> 37.074074 | N8: 无 | O8: 无 | P8: green | Q8: 优秀/绿 | R8: 头盔 | S8: 头盔 | T8: 据说是某位虎将的遗物，虎纹威猛，煞气逼人。 | U8: 是 | V8: 否 | W8: equip_huwenkui.png | Y8: equip_helmet | AA8: 无 | AB8: 否 | AC8: 否 | AE8: 任务宝箱装备；宝箱随机装备 | AF8: {"hp":220,"defense":18,"force":15} | AG8: data/item_templates.yaml:L3446
A9: 8 | B9: equip_qingtengguan | C9: 青藤冠 | D9: 2600 | E9: 75 | F9: 200 | G9: 10 | H9: 0 | I9: 15 | J9: 0 | K9: 0 | L9: 5 | M9: =F9/54+G9+H9+I9+J9+L9*1.2+K9/2 -> 34.703704 | N9: 无 | O9: 无 | P9: green | Q9: 优秀/绿 | R9: 头盔 | S9: 头盔 | T9: 以藤蔓与玉扣编织而成，据说出自某位隐居山林的高人之手。 | U9: 是 | V9: 否 | W9: equip_qingtengguan.png | Y9: equip_helmet | AA9: 无 | AB9: 否 | AC9: 否 | AE9: 任务宝箱装备；宝箱随机装备 | AF9: {"hp":200,"defense":10,"intellect":15,"luck":5} | AG9: data/item_templates.yaml:L3488
A10: 9 | B10: equip_tieyekui | C10: 铁叶盔 | D10: 800 | E10: 75 | F10: 120 | G10: 8 | H10: 12 | I10: 0 | J10: 0 | K10: 0 | L10: 0 | M10: =F10/54+G10+H10+I10+J10+L10*1.2+K10/2 -> 22.222222 | N10: 无 | O10: 无 | P10: green | Q10: 优秀/绿 | R10: 头盔 | S10: 头盔 | T10: 有不错的保护效果，但是太过沉重，压着脑袋很难受。 | U10: 是 | V10: 否 | W10: equip_tieyekui.png | Y10: equip_helmet | AA10: 无 | AB10: 是 | AC10: 否 | AE10: 商铺购买；宝箱随机装备；铁匠铺直接锻造 | AF10: {"hp":120,"defense":8,"force":12} | AG10: data/item_templates.yaml:L3366
A11: 10 | B11: equip_yanlingmao | C11: 雁翎帽 | D11: 2200 | E11: 75 | F11: 200 | G11: 15 | H11: 0 | I11: 0 | J11: 15 | K11: 0 | L11: 0 | M11: =F11/54+G11+H11+I11+J11+L11*1.2+K11/2 -> 33.703704 | N11: 无 | O11: 无 | P11: green | Q11: 优秀/绿 | R11: 头盔 | S11: 头盔 | T11: 以雁翎装饰的轻帽，是江湖侠客间广为流传的款式。 | U11: 是 | V11: 否 | W11: equip_yanlingmao.png | Y11: equip_helmet | AA11: 无 | AB11: 否 | AC11: 否 | AE11: 任务宝箱装备；宝箱随机装备 | AF11: {"hp":200,"defense":15,"agility":15} | AG11: data/item_templates.yaml:L3474
A12: 11 | B12: equip_yemantoukie | C12: 野蛮头盔 | D12: 2000 | E12: 75 | F12: 150 | G12: 10 | H12: 20 | I12: 0 | J12: 0 | K12: 0 | L12: 0 | M12: =F12/54+G12+H12+I12+J12+L12*1.2+K12/2 -> 32.777778 | N12: 野蛮套装 | O12: 野蛮套装2件: 生命+300、武力+25、防御+10 | P12: green | Q12: 优秀/绿 | R12: 头盔 | S12: 头盔 | T12: 北方蛮族的战利品，以兽皮与铁铆拼制，带有异域风格。 | U12: 是 | V12: 否 | W12: equip_yemantoukie.png | Y12: equip_helmet | Z12: yeman_set | AA12: 无 | AB12: 否 | AC12: 否 | AE12: 任务宝箱装备 | AF12: {"hp":150,"defense":10,"force":20,"set_key":"yeman_set","set_description":"野蛮套装","set_bonus":{"pieces":2,"bonus":{"hp":300,"force":25,"defense":10}}} | AG12: data/item_templates.yaml:L3425
A13: 12 | B13: equip_yulindin | C13: 鱼鳞顶 | D13: 1500 | E13: 75 | F13: 400 | G13: 12 | H13: 1 | I13: 0 | J13: 4 | K13: 0 | L13: 0 | M13: =F13/54+G13+H13+I13+J13+L13*1.2+K13/2 -> 24.407407 | N13: 无 | O13: 无 | P13: green | Q13: 优秀/绿 | R13: 头盔 | S13: 头盔 | T13: 鱼鳞状的铜片编成，轻便而坚固。 | U13: 是 | V13: 否 | W13: equip_yulindin.png | Y13: equip_helmet | AA13: 无 | AB13: 是 | AC13: 否 | AE13: 商铺购买；宝箱随机装备；铁匠铺直接锻造 | AF13: {"hp":400,"defense":12,"force":1,"agility":4} | AG13: data/item_templates.yaml:L3380
A14: 13 | B14: equip_action_mask | C14: 动感超人面具 | D14: 6000 | E14: 100 | F14: 300 | G14: 5 | H14: 20 | I14: 0 | J14: 15 | K14: 0 | L14: 0 | M14: =F14/54+G14+H14+I14+J14+L14*1.2+K14/2 -> 45.555556 | N14: 春日部防卫队 | O14: 春日部防卫队2件: 防御+20、攻击+30；春日部防卫队4件: 生命+600、敏捷+20、运势+15 | P14: blue | Q14: 稀有/蓝 | R14: 头盔 | S14: 头盔 | T14: 春日部防卫队收藏的英雄面具，戴上后总觉得出拳更有气势。 | U14: 是 | V14: 否 | W14: equip_action_mask.png | Y14: equip_helmet | Z14: kasukabe_defense_set | AA14: 无 | AB14: 否 | AC14: 否 | AE14: 任务宝箱装备 | AF14: {"hp":300,"defense":5,"force":20,"agility":15,"set_key":"kasukabe_defense_set","set_description":"春日部防卫队","set_bonus":[{"pieces":2,"bonus":{"defense":20,"attack":30}},{"pieces":4,"bonus":{"hp":600,"agility":20,"luck":15}}]} | AG14: data/item_templates.yaml:L3113
A15: 14 | B15: equip_feiyukui | C15: 飞羽盔 | D15: 5600 | E15: 100 | F15: 400 | G15: 15 | H15: 0 | I15: 0 | J15: 25 | K15: 0 | L15: 10 | M15: =F15/54+G15+H15+I15+J15+L15*1.2+K15/2 -> 59.407407 | N15: 无 | O15: 无 | P15: blue | Q15: 稀有/蓝 | R15: 头盔 | S15: 头盔 | T15: 以百鸟之羽装饰的轻盔，据说曾是某位神箭手的心爱之物。 | U15: 是 | V15: 否 | W15: equip_feiyukui.png | Y15: equip_helmet | AA15: 无 | AB15: 否 | AC15: 否 | AE15: 任务宝箱装备 | AF15: {"hp":400,"defense":15,"agility":25,"luck":10} | AG15: data/item_templates.yaml:L3615
A16: 15 | B16: equip_hantiekui | C16: 寒铁盔 | D16: 6500 | E16: 100 | F16: 380 | G16: 35 | H16: 5 | I16: 0 | J16: 0 | K16: 0 | L16: 0 | M16: =F16/54+G16+H16+I16+J16+L16*1.2+K16/2 -> 47.037037 | N16: 无 | O16: 无 | P16: blue | Q16: 稀有/蓝 | R16: 头盔 | S16: 头盔 | T16: 以极北寒铁铸就，触之冰凉入骨，常年不受寒侵。 | U16: 是 | V16: 否 | W16: equip_hantiekui.png | Y16: equip_helmet | AA16: 无 | AB16: 否 | AC16: 否 | AE16: 任务宝箱装备 | AF16: {"hp":380,"defense":35,"force":5} | AG16: data/item_templates.yaml:L3586
A17: 16 | B17: equip_jiaodoushitoukui | C17: 角斗士头盔 | D17: 6200 | E17: 100 | F17: 350 | G17: 25 | H17: 20 | I17: 0 | J17: 0 | K17: 0 | L17: 0 | M17: =F17/54+G17+H17+I17+J17+L17*1.2+K17/2 -> 51.481481 | N17: 角斗士套装 | O17: 角斗士套装4件: 生命+280、防御+10、武力+30、敏捷+15 | P17: blue | Q17: 稀有/蓝 | R17: 头盔 | S17: 头盔 | T17: 角斗场老兵常用的重盔，面甲刻有胜场纹记，兼顾防护与压迫感。 | U17: 是 | V17: 否 | W17: equip_jiaodoushitoukui.png | Y17: equip_helmet | Z17: jiaodoushi_set | AA17: 无 | AB17: 否 | AC17: 否 | AE17: 宝箱随机装备；竞技场随机兑换 | AF17: {"hp":350,"defense":25,"force":20,"set_key":"jiaodoushi_set","set_description":"角斗士套装","set_bonus":{"pieces":4,"bonus":{"hp":280,"defense":10,"force":30,"agility":15}}} | AG17: data/item_templates.yaml:L3528
A18: 17 | B18: equip_langyakui | C18: 狼牙盔 | D18: 5800 | E18: 100 | F18: 300 | G18: 20 | H18: 20 | I18: 0 | J18: 15 | K18: 0 | L18: 0 | M18: =F18/54+G18+H18+I18+J18+L18*1.2+K18/2 -> 60.555556 | N18: 无 | O18: 无 | P18: blue | Q18: 稀有/蓝 | R18: 头盔 | S18: 头盔 | T18: 草原狼王的头骨所制，盔缘嵌有狼牙，凶悍异常。 | U18: 是 | V18: 否 | W18: equip_langyakui.png | Y18: equip_helmet | AA18: 无 | AB18: 否 | AC18: 否 | AE18: 任务宝箱装备 | AF18: {"hp":300,"defense":20,"force":20,"agility":15} | AG18: data/item_templates.yaml:L3600
A19: 18 | B19: equip_qinglongkui | C19: 青龙盔 | D19: 5500 | E19: 100 | F19: 400 | G19: 20 | H19: 0 | I19: 22 | J19: 0 | K19: 0 | L19: 0 | M19: =F19/54+G19+H19+I19+J19+L19*1.2+K19/2 -> 49.407407 | N19: 四象套装 | O19: 四象套装4件: 生命+360、武力+35、智力+35、敏捷+20 | P19: blue | Q19: 稀有/蓝 | R19: 头盔 | S19: 头盔 | T19: 青龙纹路盘绕其上，相传是东方青龙庙镇殿之物。 | U19: 是 | V19: 否 | W19: equip_qinglongkui.png | Y19: equip_helmet | Z19: sixiang_set | AA19: 无 | AB19: 否 | AC19: 是 | AD19: blueprint_qinglongkui | AE19: 图纸合成（任务宝箱）；图纸合成（帮会图纸领取）；图纸合成（竞技场随机图纸兑换） | AF19: {"hp":400,"defense":20,"intellect":22,"set_key":"sixiang_set","set_description":"四象套装","set_bonus":{"pieces":4,"bonus":{"hp":360,"force":35,"intellect":35,"agility":20}}} | AG19: data/item_templates.yaml:L3564
A20: 19 | B20: equip_xiaoweitoukui | C20: 校尉头盔 | D20: 5000 | E20: 100 | F20: 350 | G20: 20 | H20: 15 | I20: 0 | J20: 0 | K20: 20 | L20: 0 | M20: =F20/54+G20+H20+I20+J20+L20*1.2+K20/2 -> 51.481481 | N20: 校尉套装 | O20: 校尉套装4件: 生命+360、防御+15、武力+40、带兵上限+100 | P20: blue | Q20: 稀有/蓝 | R20: 头盔 | S20: 头盔 | T20: 军中校尉制式头盔，上有龙纹标识，象征军阶与荣誉。 | U20: 是 | V20: 否 | W20: equip_xiaoweitoukui.png | Y20: equip_helmet | Z20: xiaowei_set | AA20: 无 | AB20: 否 | AC20: 是 | AD20: blueprint_xiaoweitoukie | AE20: 任务宝箱装备；图纸合成（任务宝箱）；图纸合成（帮会图纸领取）；图纸合成（竞技场随机图纸兑换）；宝箱随机装备 | AF20: {"hp":350,"defense":20,"force":15,"troop_capacity":20,"set_key":"xiaowei_set","set_description":"校尉套装","set_bonus":{"pieces":4,"bonus":{"hp":360,"defense":15,"force":40,"troop_capacity":100}}} | AG20: data/item_templates.yaml:L3505
A21: 20 | B21: equip_xuantiekui | C21: 玄铁盔 | D21: 6000 | E21: 100 | F21: 340 | G21: 40 | H21: 15 | I21: 0 | J21: 0 | K21: 0 | L21: 0 | M21: =F21/54+G21+H21+I21+J21+L21*1.2+K21/2 -> 61.296296 | N21: 无 | O21: 无 | P21: blue | Q21: 稀有/蓝 | R21: 头盔 | S21: 头盔 | T21: 以罕见玄铁锻成，据传耗费了三位铁匠十年心血。 | U21: 是 | V21: 否 | W21: equip_xuantiekui.png | Y21: equip_helmet | AA21: 无 | AB21: 否 | AC21: 否 | AE21: 任务宝箱装备 | AF21: {"hp":340,"defense":40,"force":15} | AG21: data/item_templates.yaml:L3550
A22: 21 | B22: equip_yunwenkui | C22: 云纹盔 | D22: 6200 | E22: 100 | F22: 300 | G22: 15 | H22: 0 | I22: 25 | J22: 0 | K22: 0 | L22: 10 | M22: =F22/54+G22+H22+I22+J22+L22*1.2+K22/2 -> 57.555556 | N22: 无 | O22: 无 | P22: blue | Q22: 稀有/蓝 | R22: 头盔 | S22: 头盔 | T22: 盔面云纹如行云流水，出自名匠"云中子"之手。 | U22: 是 | V22: 否 | W22: equip_yunwenkui.png | Y22: equip_helmet | AA22: 无 | AB22: 否 | AC22: 否 | AE22: 任务宝箱装备 | AF22: {"hp":300,"defense":15,"intellect":25,"luck":10} | AG22: data/item_templates.yaml:L3630
A23: 22 | B23: equip_bawangkui | C23: 霸王盔 | D23: 18000 | E23: 150 | F23: 500 | G23: 30 | H23: 35 | I23: 0 | J23: 0 | K23: 0 | L23: 0 | M23: =F23/54+G23+H23+I23+J23+L23*1.2+K23/2 -> 74.259259 | N23: 无 | O23: 无 | P23: purple | Q23: 史诗/紫 | R23: 头盔 | S23: 头盔 | T23: 相传为西楚霸王项羽的遗物，气势撼人，威压四方。 | U23: 是 | V23: 否 | W23: equip_bawangkui.png | Y23: equip_helmet | AA23: 无 | AB23: 否 | AC23: 否 | AE23: 任务宝箱装备 | AF23: {"hp":500,"defense":30,"force":35} | AG23: data/item_templates.yaml:L3691
A24: 23 | B24: equip_fenglingguan | C24: 凤翎冠 | D24: 14000 | E24: 150 | F24: 360 | G24: 21 | H24: 0 | I24: 32 | J24: 0 | K24: 0 | L24: 11 | M24: =F24/54+G24+H24+I24+J24+L24*1.2+K24/2 -> 72.866667 | N24: 凤翎套装 | O24: 凤翎套装3件: 智力+60、运势+30 | P24: purple | Q24: 史诗/紫 | R24: 头盔 | S24: 头盔 | T24: 以凤凰翎羽点缀的华冠，曾是后宫贵妃所赐之物。 | U24: 是 | V24: 否 | W24: equip_fenglingguan.png | Y24: equip_helmet | Z24: fengling_set | AA24: 无 | AB24: 否 | AC24: 是 | AD24: blueprint_fenglingguan | AE24: 图纸合成（竞技场随机图纸兑换） | AF24: {"hp":360,"defense":21,"intellect":32,"luck":11,"set_key":"fengling_set","set_description":"凤翎套装","set_bonus":{"pieces":3,"bonus":{"intellect":60,"luck":30}}} | AG24: data/item_templates.yaml:L3670
A25: 24 | B25: equip_pojunkui | C25: 破军盔 | D25: 15500 | E25: 150 | F25: 445 | G25: 26 | H25: 27 | I25: 0 | J25: 15 | K25: 0 | L25: 0 | M25: =F25/54+G25+H25+I25+J25+L25*1.2+K25/2 -> 76.240741 | N25: 无 | O25: 无 | P25: purple | Q25: 史诗/紫 | R25: 头盔 | S25: 头盔 | T25: 破军星位所铸，据传戴者必成一方悍将。 | U25: 是 | V25: 否 | W25: equip_pojunkui.png | Y25: equip_helmet | AA25: 无 | AB25: 否 | AC25: 否 | AE25: 任务宝箱装备 | AF25: {"hp":445,"defense":26,"force":27,"agility":15} | AG25: data/item_templates.yaml:L3727
A26: 25 | B26: equip_qilinkui | C26: 麒麟盔 | D26: 15000 | E26: 150 | F26: 440 | G26: 33 | H26: 28 | I26: 3 | J26: 0 | K26: 0 | L26: 0 | M26: =F26/54+G26+H26+I26+J26+L26*1.2+K26/2 -> 72.148148 | N26: 麒麟套装 | O26: 麒麟套装4件: 生命+420、武力+38、敏捷+18、运势+30 | P26: purple | Q26: 史诗/紫 | R26: 头盔 | S26: 头盔 | T26: 仿麒麟头颅锻造，相传是某位开国将军的传家之宝。 | U26: 是 | V26: 否 | W26: equip_qilinkui.png | Y26: equip_helmet | Z26: qilin_set | AA26: 无 | AB26: 否 | AC26: 是 | AD26: blueprint_qilinkui | AE26: 图纸合成（任务宝箱）；图纸合成（帮会图纸领取）；图纸合成（竞技场随机图纸兑换）；宝箱随机装备 | AF26: {"hp":440,"defense":33,"force":28,"intellect":3,"set_key":"qilin_set","set_description":"麒麟套装","set_bonus":{"pieces":4,"bonus":{"hp":420,"force":38,"agility":18,"luck":30}}} | AG26: data/item_templates.yaml:L3647
A27: 26 | B27: equip_tianjiguan | C27: 天机冠 | D27: 14500 | E27: 150 | F27: 390 | G27: 20 | H27: 0 | I27: 38 | J27: 0 | K27: 0 | L27: 14 | M27: =F27/54+G27+H27+I27+J27+L27*1.2+K27/2 -> 82.022222 | N27: 无 | O27: 无 | P27: purple | Q27: 史诗/紫 | R27: 头盔 | S27: 头盔 | T27: 以天机门秘法打造，冠中暗藏机括，可察天象变化。 | U27: 是 | V27: 否 | W27: equip_tianjiguan.png | Y27: equip_helmet | AA27: 无 | AB27: 否 | AC27: 否 | AE27: 任务宝箱装备 | AF27: {"hp":390,"defense":20,"intellect":38,"luck":14} | AG27: data/item_templates.yaml:L3742
A28: 27 | B28: equip_xuanwukui | C28: 玄武盔 | D28: 16000 | E28: 150 | F28: 545 | G28: 44 | H28: 10 | I28: 10 | J28: 0 | K28: 0 | L28: 0 | M28: =F28/54+G28+H28+I28+J28+L28*1.2+K28/2 -> 74.092593 | N28: 玄武套装 | O28: 玄武套装4件: 生命+260、防御+70、武力+20 | P28: purple | Q28: 史诗/紫 | R28: 头盔 | S28: 头盔 | T28: 仿玄武之形锻造，背负龟壳纹样，象征长寿与坚固。 | U28: 是 | V28: 否 | W28: equip_xuanwukui.png | Y28: equip_helmet | Z28: xuanwu_set | AA28: 无 | AB28: 否 | AC28: 是 | AD28: blueprint_xuanwukui | AE28: 任务宝箱装备；图纸合成（竞技场随机图纸兑换） | AF28: {"hp":545,"defense":44,"force":10,"intellect":10,"set_key":"xuanwu_set","set_description":"玄武套装","set_bonus":{"pieces":4,"bonus":{"hp":260,"defense":70,"force":20}}} | AG28: data/item_templates.yaml:L3705
A29: 28 | B29: equip_diwangkui | C29: 帝王盔 | D29: 48000 | E29: 200 | F29: 503 | G29: 29 | H29: 29 | I29: 29 | J29: 0 | K29: 0 | L29: 0 | M29: =F29/54+G29+H29+I29+J29+L29*1.2+K29/2 -> 96.314815 | N29: 无 | O29: 无 | P29: orange | Q29: 传说/橙 | R29: 头盔 | S29: 头盔 | T29: 历代帝王御用的铠甲头盔，象征至高无上的权威。 | U29: 是 | V29: 否 | W29: equip_diwangkui.png | Y29: equip_helmet | AA29: 无 | AB29: 否 | AC29: 否 | AE29: 任务宝箱装备；碎片累计兑换（任务宝箱） | AF29: {"hp":503,"defense":29,"force":29,"intellect":29} | AG29: data/item_templates.yaml:L3775
A30: 29 | B30: equip_longhuangguan | C30: 龙皇冠 | D30: 50000 | E30: 200 | F30: 620 | G30: 26 | H30: 12 | I30: 32 | J30: 0 | K30: 20 | L30: 0 | M30: =F30/54+G30+H30+I30+J30+L30*1.2+K30/2 -> 91.481481 | N30: 无 | O30: 无 | P30: orange | Q30: 传说/橙 | R30: 头盔 | S30: 头盔 | T30: 相传为远古龙皇遗落人间的宝物，冠身隐有龙吟。 | U30: 是 | V30: 否 | W30: equip_longhuangguan.png | Y30: equip_helmet | AA30: 无 | AB30: 否 | AC30: 否 | AE30: 任务宝箱装备 | AF30: {"hp":620,"defense":26,"force":12,"intellect":32,"troop_capacity":20} | AG30: data/item_templates.yaml:L3759
A31: 30 | B31: equip_taixudiguan | C31: 太虚帝冠 | D31: 55000 | E31: 200 | F31: 560 | G31: 30 | H31: 0 | I31: 34 | J31: 0 | K31: 0 | L31: 14 | M31: =F31/54+G31+H31+I31+J31+L31*1.2+K31/2 -> 91.17037 | N31: 无 | O31: 无 | P31: orange | Q31: 传说/橙 | R31: 头盔 | S31: 头盔 | T31: 传说为太虚剑宗创派祖师所佩，内藏太虚真意。 | U31: 是 | V31: 否 | W31: equip_taixudiguan.png | Y31: equip_helmet | AA31: 无 | AB31: 否 | AC31: 否 | AE31: 任务宝箱装备 | AF31: {"hp":560,"defense":30,"intellect":34,"luck":14} | AG31: data/item_templates.yaml:L3790
A32: 31 | B32: equip_bupao | C32: 布袍 | D32: 100 | E32: 50 | F32: 80 | G32: 6 | H32: 0 | I32: 8 | J32: 0 | K32: 0 | L32: 0 | M32: =F32/54+G32+H32+I32+J32+L32*1.2+K32/2 -> 15.481481 | N32: 无 | O32: 无 | P32: black | Q32: 普通/白 | R32: 护甲 | S32: 护甲 | T32: 普通老百姓穿的衣服，所谓布衣。 | U32: 是 | V32: 否 | W32: equip_bupao.png | Y32: equip_armor | AA32: 无 | AB32: 是 | AC32: 否 | AE32: 商铺购买；宝箱随机装备；铁匠铺直接锻造 | AF32: {"hp":80,"defense":6,"intellect":8} | AG32: data/item_templates.yaml:L3809
A33: 32 | B33: equip_cubujia | C33: 粗布甲 | D33: 200 | E33: 50 | F33: 150 | G33: 10 | H33: 5 | I33: 0 | J33: 5 | K33: 0 | L33: 0 | M33: =F33/54+G33+H33+I33+J33+L33*1.2+K33/2 -> 22.777778 | N33: 无 | O33: 无 | P33: black | Q33: 普通/白 | R33: 护甲 | S33: 护甲 | T33: 多层粗布压缝而成，出自军中后勤的批量制作。 | U33: 是 | V33: 否 | W33: equip_cubujia.png | Y33: equip_armor | AA33: 无 | AB33: 否 | AC33: 否 | AE33: 宝箱随机装备 | AF33: {"hp":150,"defense":10,"force":5,"agility":5} | AG33: data/item_templates.yaml:L3867
A34: 33 | B34: equip_shengpijia | C34: 生皮甲 | D34: 300 | E34: 50 | F34: 160 | G34: 12 | H34: 4 | I34: 0 | J34: 0 | K34: 0 | L34: 0 | M34: =F34/54+G34+H34+I34+J34+L34*1.2+K34/2 -> 18.962963 | N34: 无 | O34: 无 | P34: black | Q34: 普通/白 | R34: 护甲 | S34: 护甲 | T34: 没经过硝制的动物皮做成的护甲，防御力很弱。 | U34: 是 | V34: 否 | W34: equip_shengpijia.png | Y34: equip_armor | AA34: 无 | AB34: 是 | AC34: 否 | AE34: 商铺购买；宝箱随机装备；铁匠铺直接锻造 | AF34: {"hp":160,"defense":12,"force":4} | AG34: data/item_templates.yaml:L3823
A35: 34 | B35: equip_suoyi | C35: 蓑衣 | D35: 0 | E35: 50 | F35: 100 | G35: 10 | H35: 5 | I35: 0 | J35: 5 | K35: 0 | L35: 0 | M35: =F35/54+G35+H35+I35+J35+L35*1.2+K35/2 -> 21.851852 | N35: 一蓑烟雨 | O35: 一蓑烟雨4件: 生命+200、武力+20、带兵上限+20、运势+15 | P35: black | Q35: 普通/白 | R35: 护甲 | S35: 护甲 | T35: 以莎草编织而成，劳动人民遮风避雨的必需品。 | U35: 否 | V35: 否 | W35: buyi.png | Y35: equip_armor | Z35: starter_cloth_set | AA35: 无 | AB35: 否 | AC35: 否 | AE35: 宝箱随机装备 | AF35: {"hp":100,"defense":10,"force":5,"agility":5,"set_key":"starter_cloth_set","set_description":"一蓑烟雨","set_bonus":{"pieces":4,"bonus":{"hp":200,"force":20,"troop_capacity":20,"luck":15}}} | AG35: data/item_templates.yaml:L3263
A36: 35 | B36: equip_housipao | C36: 厚丝袍 | D36: 800 | E36: 75 | F36: 80 | G36: 12 | H36: 0 | I36: 4 | J36: 6 | K36: 0 | L36: 0 | M36: =F36/54+G36+H36+I36+J36+L36*1.2+K36/2 -> 23.481481 | N36: 无 | O36: 无 | P36: green | Q36: 优秀/绿 | R36: 护甲 | S36: 护甲 | T36: 用油浸泡过的粗丝织成，又软又轻，但却能抵挡普通刀剑。 | U36: 是 | V36: 否 | W36: equip_housipao.png | Y36: equip_armor | AA36: 无 | AB36: 是 | AC36: 否 | AE36: 商铺购买；宝箱随机装备；铁匠铺直接锻造 | AF36: {"hp":80,"defense":12,"intellect":4,"agility":6} | AG36: data/item_templates.yaml:L3837
A37: 36 | B37: equip_nichangyuyi | C37: 霓裳羽衣 | D37: 2800 | E37: 75 | F37: 50 | G37: 15 | H37: 0 | I37: 15 | J37: 0 | K37: 0 | L37: 8 | M37: =F37/54+G37+H37+I37+J37+L37*1.2+K37/2 -> 40.525926 | N37: 霓裳 | O37: 霓裳3件: 生命+150、智力+20、敏捷+10、运势+15 | P37: green | Q37: 优秀/绿 | R37: 护甲 | S37: 护甲 | T37: 以流霞丝与细甲片缀成的羽衣，轻灵不失护身之力，文武门客都能穿出从容气度。 | U37: 是 | V37: 否 | W37: equip_nichangyuyi.png | Y37: equip_armor | Z37: nichang_set | AA37: 无 | AB37: 否 | AC37: 否 | AE37: 任务宝箱装备；宝箱独立随机物品组 | AF37: {"hp":50,"defense":15,"intellect":15,"luck":8,"set_key":"nichang_set","set_description":"霓裳","set_bonus":{"pieces":3,"bonus":{"hp":150,"intellect":20,"agility":10,"luck":15}}} | AG37: data/item_templates.yaml:L3954
A38: 37 | B38: equip_qingzhujia | C38: 青竹甲 | D38: 2200 | E38: 75 | F38: 200 | G38: 20 | H38: 5 | I38: 0 | J38: 12 | K38: 0 | L38: 0 | M38: =F38/54+G38+H38+I38+J38+L38*1.2+K38/2 -> 40.703704 | N38: 无 | O38: 无 | P38: green | Q38: 优秀/绿 | R38: 护甲 | S38: 护甲 | T38: 以蜀中翠竹片编织而成，是巴蜀匠人的独门手艺。 | U38: 是 | V38: 否 | W38: equip_qingzhujia.png | Y38: equip_armor | AA38: 无 | AB38: 否 | AC38: 否 | AE38: 任务宝箱装备；宝箱随机装备 | AF38: {"hp":200,"defense":20,"force":5,"agility":12} | AG38: data/item_templates.yaml:L3925
A39: 38 | B39: equip_shanwenjia | C39: 山纹甲 | D39: 2800 | E39: 75 | F39: 500 | G39: 20 | H39: 10 | I39: 0 | J39: 0 | K39: 0 | L39: 0 | M39: =F39/54+G39+H39+I39+J39+L39*1.2+K39/2 -> 39.259259 | N39: 无 | O39: 无 | P39: green | Q39: 优秀/绿 | R39: 护甲 | S39: 护甲 | T39: 甲面刻有五岳山纹，相传是五岳派镇派之物。 | U39: 是 | V39: 否 | W39: equip_shanwenjia.png | Y39: equip_armor | AA39: 无 | AB39: 否 | AC39: 否 | AE39: 任务宝箱装备；宝箱随机装备 | AF39: {"hp":500,"defense":20,"force":10} | AG39: data/item_templates.yaml:L3911
A40: 39 | B40: equip_shapijia | C40: 鲨皮甲 | D40: 1500 | E40: 75 | F40: 200 | G40: 14 | H40: 4 | I40: 0 | J40: 4 | K40: 0 | L40: 0 | M40: =F40/54+G40+H40+I40+J40+L40*1.2+K40/2 -> 25.703704 | N40: 无 | O40: 无 | P40: green | Q40: 优秀/绿 | R40: 护甲 | S40: 护甲 | T40: 鲨鱼皮做成的铠甲，是轻便铠甲中最坚固的。 | U40: 是 | V40: 否 | W40: equip_shapijia.png | Y40: equip_armor | AA40: 无 | AB40: 是 | AC40: 否 | AE40: 商铺购买；宝箱随机装备；铁匠铺直接锻造 | AF40: {"hp":200,"defense":14,"force":4,"agility":4} | AG40: data/item_templates.yaml:L3852
A41: 40 | B41: equip_suozijia | C41: 锁子甲 | D41: 2000 | E41: 75 | F41: 500 | G41: 25 | H41: 5 | I41: 0 | J41: 0 | K41: 0 | L41: 0 | M41: =F41/54+G41+H41+I41+J41+L41*1.2+K41/2 -> 39.259259 | N41: 无 | O41: 无 | P41: green | Q41: 优秀/绿 | R41: 护甲 | S41: 护甲 | T41: 西域工匠的杰作，环环相扣，传入中原已逾百年。 | U41: 是 | V41: 否 | W41: equip_suozijia.png | Y41: equip_armor | AA41: 无 | AB41: 否 | AC41: 否 | AE41: 任务宝箱装备；宝箱随机装备 | AF41: {"hp":500,"defense":25,"force":5} | AG41: data/item_templates.yaml:L3884
A42: 41 | B42: equip_tiexianjia | C42: 铁线甲 | D42: 3000 | E42: 75 | F42: 800 | G42: 15 | H42: 15 | I42: 0 | J42: 0 | K42: 0 | L42: 0 | M42: =F42/54+G42+H42+I42+J42+L42*1.2+K42/2 -> 44.814815 | N42: 无 | O42: 无 | P42: green | Q42: 优秀/绿 | R42: 护甲 | S42: 护甲 | T42: 以铁线缠织加固的战甲，源自北方军中的改良工艺。 | U42: 是 | V42: 否 | W42: equip_tiexianjia.png | Y42: equip_armor | AA42: 无 | AB42: 否 | AC42: 否 | AE42: 任务宝箱装备；宝箱随机装备 | AF42: {"hp":800,"defense":15,"force":15} | AG42: data/item_templates.yaml:L3940
A43: 42 | B43: equip_xuantiejia | C43: 玄铁甲 | D43: 2500 | E43: 75 | F43: 800 | G43: 30 | H43: 0 | I43: 0 | J43: 0 | K43: 0 | L43: 0 | M43: =F43/54+G43+H43+I43+J43+L43*1.2+K43/2 -> 44.814815 | N43: 无 | O43: 无 | P43: green | Q43: 优秀/绿 | R43: 护甲 | S43: 护甲 | T43: 以稀有玄铁锻造的重甲，据传出自"铁胆神侯"之手。 | U43: 是 | V43: 否 | W43: equip_xuantiejia.png | Y43: equip_armor | AA43: 无 | AB43: 否 | AC43: 否 | AE43: 任务宝箱装备；宝箱随机装备 | AF43: {"hp":800,"defense":30} | AG43: data/item_templates.yaml:L3898
A44: 43 | B44: equip_jiaodoushixiongjia | C44: 角斗士胸甲 | D44: 7600 | E44: 100 | F44: 450 | G44: 35 | H44: 20 | I44: 0 | J44: 0 | K44: 0 | L44: 0 | M44: =F44/54+G44+H44+I44+J44+L44*1.2+K44/2 -> 63.333333 | N44: 角斗士套装 | O44: 角斗士套装4件: 生命+280、防御+10、武力+30、敏捷+15 | P44: blue | Q44: 稀有/蓝 | R44: 护甲 | S44: 护甲 | T44: 胸甲以整片锻钢打造，常见于斗技场前排猛士，抗冲击能力出众。 | U44: 是 | V44: 否 | W44: equip_jiaodoushixiongjia.png | Y44: equip_armor | Z44: jiaodoushi_set | AA44: 无 | AB44: 否 | AC44: 否 | AE44: 宝箱随机装备；竞技场随机兑换 | AF44: {"hp":450,"defense":35,"force":20,"set_key":"jiaodoushi_set","set_description":"角斗士套装","set_bonus":{"pieces":4,"bonus":{"hp":280,"defense":10,"force":30,"agility":15}}} | AG44: data/item_templates.yaml:L4000
A45: 44 | B45: equip_kasukabe_satchel | C45: 春日部小书包 | D45: 6200 | E45: 100 | F45: 420 | G45: 20 | H45: 0 | I45: 0 | J45: 10 | K45: 0 | L45: 10 | M45: =F45/54+G45+H45+I45+J45+L45*1.2+K45/2 -> 49.777778 | N45: 春日部防卫队 | O45: 春日部防卫队2件: 防御+20、攻击+30；春日部防卫队4件: 生命+600、敏捷+20、运势+15 | P45: blue | Q45: 稀有/蓝 | R45: 护甲 | S45: 护甲 | T45: 塞满点心、画纸和奇怪作战计划的小书包，防护意外地可靠。 | U45: 是 | V45: 否 | W45: equip_kasukabe_satchel.png | Y45: equip_armor | Z45: kasukabe_defense_set | AA45: 无 | AB45: 否 | AC45: 否 | AE45: 任务宝箱装备 | AF45: {"hp":420,"defense":20,"agility":10,"luck":10,"set_key":"kasukabe_defense_set","set_description":"春日部防卫队","set_bonus":[{"pieces":2,"bonus":{"defense":20,"attack":30}},{"pieces":4,"bonus":{"hp":600,"agility":20,"luck":15}}]} | AG45: data/item_templates.yaml:L3165
A46: 45 | B46: equip_linwenzhanjia | C46: 鳞纹战甲 | D46: 7500 | E46: 100 | F46: 500 | G46: 30 | H46: 15 | I46: 0 | J46: 0 | K46: 0 | L46: 0 | M46: =F46/54+G46+H46+I46+J46+L46*1.2+K46/2 -> 54.259259 | N46: 无 | O46: 无 | P46: blue | Q46: 稀有/蓝 | R46: 护甲 | S46: 护甲 | T46: 仿龙鳞锻造的战甲，据传灵感来自某位铸甲师的梦境。 | U46: 是 | V46: 否 | W46: equip_linwenzhanjia.png | Y46: equip_armor | AA46: 无 | AB46: 否 | AC46: 否 | AE46: 任务宝箱装备 | AF46: {"hp":500,"defense":30,"force":15} | AG46: data/item_templates.yaml:L4059
A47: 46 | B47: equip_qinglongjia | C47: 青龙甲 | D47: 6500 | E47: 100 | F47: 350 | G47: 24 | H47: 15 | I47: 18 | J47: 0 | K47: 0 | L47: 0 | M47: =F47/54+G47+H47+I47+J47+L47*1.2+K47/2 -> 63.481481 | N47: 四象套装 | O47: 四象套装4件: 生命+360、武力+35、智力+35、敏捷+20 | P47: blue | Q47: 稀有/蓝 | R47: 护甲 | S47: 护甲 | T47: 甲身绘有青龙图腾，相传曾是青龙堂护法所穿。 | U47: 是 | V47: 否 | W47: equip_qinglongjia.png | Y47: equip_armor | Z47: sixiang_set | AA47: 无 | AB47: 否 | AC47: 是 | AD47: blueprint_qinglongjia | AE47: 图纸合成（任务宝箱）；图纸合成（帮会图纸领取）；图纸合成（竞技场随机图纸兑换） | AF47: {"hp":350,"defense":24,"force":15,"intellect":18,"set_key":"sixiang_set","set_description":"四象套装","set_bonus":{"pieces":4,"bonus":{"hp":360,"force":35,"intellect":35,"agility":20}}} | AG47: data/item_templates.yaml:L4022
A48: 47 | B48: equip_wujinjia | C48: 乌金甲 | D48: 7000 | E48: 100 | F48: 400 | G48: 25 | H48: 20 | I48: 0 | J48: 0 | K48: 0 | L48: 0 | M48: =F48/54+G48+H48+I48+J48+L48*1.2+K48/2 -> 52.407407 | N48: 无 | O48: 无 | P48: blue | Q48: 稀有/蓝 | R48: 护甲 | S48: 护甲 | T48: 以乌金铸就的战甲，出自西域某个神秘的铸甲世家。 | U48: 是 | V48: 否 | W48: equip_wujinjia.png | Y48: equip_armor | AA48: 无 | AB48: 否 | AC48: 否 | AE48: 任务宝箱装备 | AF48: {"hp":400,"defense":25,"force":20} | AG48: data/item_templates.yaml:L4045
A49: 48 | B49: equip_xiaoweikaijia | C49: 校尉铠甲 | D49: 6000 | E49: 100 | F49: 440 | G49: 25 | H49: 10 | I49: 0 | J49: 0 | K49: 30 | L49: 0 | M49: =F49/54+G49+H49+I49+J49+L49*1.2+K49/2 -> 58.148148 | N49: 校尉套装 | O49: 校尉套装4件: 生命+360、防御+15、武力+40、带兵上限+100 | P49: blue | Q49: 稀有/蓝 | R49: 护甲 | S49: 护甲 | T49: 军中校尉的制式铠甲，胸口铸有军阶徽记。 | U49: 是 | V49: 否 | W49: equip_xiaoweikaijia.png | Y49: equip_armor | Z49: xiaowei_set | AA49: 无 | AB49: 否 | AC49: 是 | AD49: blueprint_xiaoweikaijia | AE49: 任务宝箱装备；图纸合成（任务宝箱）；图纸合成（帮会图纸领取）；图纸合成（竞技场随机图纸兑换）；宝箱随机装备 | AF49: {"hp":440,"defense":25,"force":10,"troop_capacity":30,"set_key":"xiaowei_set","set_description":"校尉套装","set_bonus":{"pieces":4,"bonus":{"hp":360,"defense":15,"force":40,"troop_capacity":100}}} | AG49: data/item_templates.yaml:L3977
A50: 49 | B50: equip_xuanjiazhanbao | C50: 玄甲战袍 | D50: 8000 | E50: 100 | F50: 550 | G50: 30 | H50: 0 | I50: 20 | J50: 0 | K50: 0 | L50: 0 | M50: =F50/54+G50+H50+I50+J50+L50*1.2+K50/2 -> 60.185185 | N50: 无 | O50: 无 | P50: blue | Q50: 稀有/蓝 | R50: 护甲 | S50: 护甲 | T50: 外观如袍内藏甲片，是江湖刺客常用的隐蔽战衣。 | U50: 是 | V50: 否 | W50: equip_xuanjiazhanbao.png | Y50: equip_armor | AA50: 无 | AB50: 否 | AC50: 否 | AE50: 任务宝箱装备 | AF50: {"hp":550,"defense":30,"intellect":20} | AG50: data/item_templates.yaml:L4088
A51: 50 | B51: equip_yunwenfayi | C51: 云纹法衣 | D51: 6200 | E51: 100 | F51: 350 | G51: 10 | H51: 0 | I51: 30 | J51: 0 | K51: 0 | L51: 10 | M51: =F51/54+G51+H51+I51+J51+L51*1.2+K51/2 -> 58.481481 | N51: 无 | O51: 无 | P51: blue | Q51: 稀有/蓝 | R51: 护甲 | S51: 护甲 | T51: 道门高功法师的礼服，袍面云纹暗合天地之道。 | U51: 是 | V51: 否 | W51: equip_yunwenfayi.png | Y51: equip_armor | AA51: 无 | AB51: 否 | AC51: 否 | AE51: 任务宝箱装备 | AF51: {"hp":350,"defense":10,"intellect":30,"luck":10} | AG51: data/item_templates.yaml:L4073
A52: 51 | B52: equip_huxianpao | C52: 狐仙袍 | D52: 15000 | E52: 150 | F52: 535 | G52: 25 | H52: 3 | I52: 34 | J52: 0 | K52: 0 | L52: 0 | M52: =F52/54+G52+H52+I52+J52+L52*1.2+K52/2 -> 71.907407 | N52: 狐仙套装 | O52: 狐仙套装3件: 生命+280、智力+64、运势+18 | P52: purple | Q52: 史诗/紫 | R52: 护甲 | S52: 护甲 | T52: 相传为涂山狐族遗物，袍上隐有狐狸图纹。 | U52: 是 | V52: 否 | W52: equip_huxianpao.png | Y52: equip_armor | Z52: huxian_set | AA52: 无 | AB52: 否 | AC52: 是 | AD52: blueprint_huxianpao | AE52: 图纸合成（任务宝箱）；图纸合成（帮会图纸领取）；图纸合成（竞技场随机图纸兑换）；宝箱随机装备 | AF52: {"hp":535,"defense":25,"force":3,"intellect":34,"set_key":"huxian_set","set_description":"狐仙套装","set_bonus":{"pieces":3,"bonus":{"hp":280,"intellect":64,"luck":18}}} | AG52: data/item_templates.yaml:L4104
A53: 52 | B53: equip_pojunzhanjia | C53: 破军战甲 | D53: 19000 | E53: 150 | F53: 630 | G53: 29 | H53: 31 | I53: 0 | J53: 0 | K53: 0 | L53: 0 | M53: =F53/54+G53+H53+I53+J53+L53*1.2+K53/2 -> 71.666667 | N53: 无 | O53: 无 | P53: purple | Q53: 史诗/紫 | R53: 护甲 | S53: 护甲 | T53: 破军星君法相所铸，据传曾助某位将军连破七城。 | U53: 是 | V53: 否 | W53: equip_pojunzhanjia.png | Y53: equip_armor | AA53: 无 | AB53: 否 | AC53: 否 | AE53: 任务宝箱装备 | AF53: {"hp":630,"defense":29,"force":31} | AG53: data/item_templates.yaml:L4186
A54: 53 | B54: equip_qilinjia | C54: 麒麟甲 | D54: 18000 | E54: 150 | F54: 575 | G54: 35 | H54: 25 | I54: 4 | J54: 0 | K54: 0 | L54: 0 | M54: =F54/54+G54+H54+I54+J54+L54*1.2+K54/2 -> 74.648148 | N54: 麒麟套装 | O54: 麒麟套装4件: 生命+420、武力+38、敏捷+18、运势+30 | P54: purple | Q54: 史诗/紫 | R54: 护甲 | S54: 护甲 | T54: 仿麒麟鳞甲锻造，相传曾是某位麒麟卫统领的战甲。 | U54: 是 | V54: 否 | W54: equip_qilinjia.png | Y54: equip_armor | Z54: qilin_set | AA54: 无 | AB54: 否 | AC54: 是 | AD54: blueprint_qilinjia | AE54: 图纸合成（任务宝箱）；图纸合成（帮会图纸领取）；图纸合成（竞技场随机图纸兑换）；宝箱随机装备 | AF54: {"hp":575,"defense":35,"force":25,"intellect":4,"set_key":"qilin_set","set_description":"麒麟套装","set_bonus":{"pieces":4,"bonus":{"hp":420,"force":38,"agility":18,"luck":30}}} | AG54: data/item_templates.yaml:L4126
A55: 54 | B55: equip_tiancanbaoyi | C55: 天蚕宝衣 | D55: 16000 | E55: 150 | F55: 560 | G55: 30 | H55: 6 | I55: 0 | J55: 34 | K55: 0 | L55: 0 | M55: =F55/54+G55+H55+I55+J55+L55*1.2+K55/2 -> 80.37037 | N55: 无 | O55: 无 | P55: purple | Q55: 史诗/紫 | R55: 护甲 | S55: 护甲 | T55: 以雪域天蚕丝织就，轻若无物却刀枪不入。 | U55: 是 | V55: 否 | W55: equip_tiancanbaoyi.png | Y55: equip_armor | AA55: 无 | AB55: 否 | AC55: 否 | AE55: 任务宝箱装备 | AF55: {"hp":560,"defense":30,"force":6,"agility":34} | AG55: data/item_templates.yaml:L4171
A56: 55 | B56: equip_tianjidaopao | C56: 天机道袍 | D56: 17000 | E56: 150 | F56: 376 | G56: 19 | H56: 0 | I56: 35 | J56: 0 | K56: 0 | L56: 17 | M56: =F56/54+G56+H56+I56+J56+L56*1.2+K56/2 -> 81.362963 | N56: 无 | O56: 无 | P56: purple | Q56: 史诗/紫 | R56: 护甲 | S56: 护甲 | T56: 天机门祖师的旧物，袍内暗藏机关纹路。 | U56: 是 | V56: 否 | W56: equip_tianjidaopao.png | Y56: equip_armor | AA56: 无 | AB56: 否 | AC56: 否 | AE56: 当前主要配置未发现明确途径 | AF56: {"hp":376,"defense":19,"intellect":35,"luck":17} | AG56: data/item_templates.yaml:L4200
A57: 56 | B57: equip_xuanwujia | C57: 玄武甲 | D57: 20000 | E57: 150 | F57: 676 | G57: 48 | H57: 7 | I57: 7 | J57: 0 | K57: 0 | L57: 0 | M57: =F57/54+G57+H57+I57+J57+L57*1.2+K57/2 -> 74.518519 | N57: 玄武套装 | O57: 玄武套装4件: 生命+260、防御+70、武力+20 | P57: purple | Q57: 史诗/紫 | R57: 护甲 | S57: 护甲 | T57: 以玄武为形铸造，龟纹蛇鳞交织，出自玄武山庄。 | U57: 是 | V57: 否 | W57: equip_xuanwujia.png | Y57: equip_armor | Z57: xuanwu_set | AA57: 无 | AB57: 否 | AC57: 是 | AD57: blueprint_xuanwujia | AE57: 任务宝箱装备；图纸合成（竞技场随机图纸兑换） | AF57: {"hp":676,"defense":48,"force":7,"intellect":7,"set_key":"xuanwu_set","set_description":"玄武套装","set_bonus":{"pieces":4,"bonus":{"hp":260,"defense":70,"force":20}}} | AG57: data/item_templates.yaml:L4149
A58: 57 | B58: equip_hundunlongpao | C58: 混沌龙袍 | D58: 65000 | E58: 200 | F58: 540 | G58: 23 | H58: 0 | I58: 40 | J58: 0 | K58: 0 | L58: 15 | M58: =F58/54+G58+H58+I58+J58+L58*1.2+K58/2 -> 91 | N58: 无 | O58: 无 | P58: orange | Q58: 传说/橙 | R58: 护甲 | S58: 护甲 | T58: 以混沌之气淬炼的龙袍，来历成谜，据说出自上古。 | U58: 是 | V58: 否 | W58: equip_hundunlongpao.png | Y58: equip_armor | AA58: 无 | AB58: 否 | AC58: 否 | AE58: 任务宝箱装备 | AF58: {"hp":540,"defense":23,"intellect":40,"luck":15} | AG58: data/item_templates.yaml:L4247
A59: 58 | B59: equip_jinsirujia | C59: 金丝软甲 | D59: 55000 | E59: 200 | F59: 640 | G59: 32 | H59: 0 | I59: 0 | J59: 28 | K59: 0 | L59: 18 | M59: =F59/54+G59+H59+I59+J59+L59*1.2+K59/2 -> 93.451852 | N59: 无 | O59: 无 | P59: orange | Q59: 传说/橙 | R59: 护甲 | S59: 护甲 | T59: 以金丝编织的软甲，相传出自波斯国的神秘工坊。 | U59: 是 | V59: 否 | W59: equip_jinsirujia.png | Y59: equip_armor | AA59: 无 | AB59: 否 | AC59: 否 | AE59: 任务宝箱装备 | AF59: {"hp":640,"defense":32,"agility":28,"luck":18} | AG59: data/item_templates.yaml:L4232
A60: 59 | B60: equip_longlinzhanjia | C60: 龙鳞战甲 | D60: 60000 | E60: 200 | F60: 720 | G60: 38 | H60: 39 | I60: 3 | J60: 0 | K60: 0 | L60: 0 | M60: =F60/54+G60+H60+I60+J60+L60*1.2+K60/2 -> 93.333333 | N60: 无 | O60: 无 | P60: orange | Q60: 传说/橙 | R60: 护甲 | S60: 护甲 | T60: 以真龙脱落之鳞锻造，极为稀有，世间仅存数件。 | U60: 是 | V60: 否 | W60: equip_longlinzhanjia.png | Y60: equip_armor | AA60: 无 | AB60: 否 | AC60: 否 | AE60: 任务宝箱装备 | AF60: {"hp":720,"defense":38,"force":39,"intellect":3} | AG60: data/item_templates.yaml:L4217
A61: 60 | B61: equip_ruanweijia | C61: 软猬甲 | D61: 58000 | E61: 200 | F61: 665 | G61: 46 | H61: 8 | I61: 0 | J61: 28 | K61: 0 | L61: 0 | M61: =F61/54+G61+H61+I61+J61+L61*1.2+K61/2 -> 94.314815 | N61: 无 | O61: 无 | P61: orange | Q61: 传说/橙 | R61: 护甲 | S61: 护甲 | T61: 以千年老刺猬皮制成，来自五毒教的邪门手艺。 | U61: 是 | V61: 否 | W61: equip_ruanweijia.png | Y61: equip_armor | AA61: 无 | AB61: 否 | AC61: 否 | AE61: 任务宝箱装备；竞技场随机兑换 | AF61: {"hp":665,"defense":46,"force":8,"agility":28} | AG61: data/item_templates.yaml:L4262
A62: 61 | B62: equip_buxie | C62: 布鞋 | D62: 100 | E62: 50 | F62: 80 | G62: 4 | H62: 0 | I62: 4 | J62: 6 | K62: 0 | L62: 0 | M62: =F62/54+G62+H62+I62+J62+L62*1.2+K62/2 -> 15.481481 | N62: 无 | O62: 无 | P62: black | Q62: 普通/白 | R62: 鞋子 | S62: 鞋子 | T62: 手工缝制的布鞋，价格和质量一样低劣。 | U62: 是 | V62: 否 | W62: equip_buxie.png | Y62: equip_shoes | AA62: 无 | AB62: 是 | AC62: 否 | AE62: 商铺购买；宝箱随机装备；铁匠铺直接锻造 | AF62: {"hp":80,"defense":4,"intellect":4,"agility":6} | AG62: data/item_templates.yaml:L4281
A63: 62 | B63: equip_caoxie | C63: 草鞋 | D63: 0 | E63: 50 | F63: 200 | G63: 5 | H63: 0 | I63: 0 | J63: 10 | K63: 0 | L63: 0 | M63: =F63/54+G63+H63+I63+J63+L63*1.2+K63/2 -> 18.703704 | N63: 一蓑烟雨 | O63: 一蓑烟雨4件: 生命+200、武力+20、带兵上限+20、运势+15 | P63: black | Q63: 普通/白 | R63: 鞋子 | S63: 鞋子 | T63: 由稻草编织而成的鞋子，透水但也透气。 | U63: 否 | V63: 否 | W63: equip_caoxie.png | Y63: equip_shoes | Z63: starter_cloth_set | AA63: 无 | AB63: 否 | AC63: 否 | AE63: 宝箱随机装备 | AF63: {"hp":200,"defense":5,"agility":10,"set_key":"starter_cloth_set","set_description":"一蓑烟雨","set_bonus":{"pieces":4,"bonus":{"hp":200,"force":20,"troop_capacity":20,"luck":15}}} | AG63: data/item_templates.yaml:L3287
A64: 63 | B64: equip_mabuxue | C64: 麻布靴 | D64: 200 | E64: 50 | F64: 150 | G64: 8 | H64: 0 | I64: 5 | J64: 6 | K64: 0 | L64: 0 | M64: =F64/54+G64+H64+I64+J64+L64*1.2+K64/2 -> 21.777778 | N64: 无 | O64: 无 | P64: black | Q64: 普通/白 | R64: 鞋子 | S64: 鞋子 | T64: 军中士卒的标配鞋履，耐穿且易于大量制作。 | U64: 是 | V64: 否 | W64: equip_mabuxue.png | Y64: equip_shoes | AA64: 无 | AB64: 否 | AC64: 否 | AE64: 宝箱随机装备 | AF64: {"hp":150,"defense":8,"intellect":5,"agility":6} | AG64: data/item_templates.yaml:L4341
A65: 64 | B65: equip_yangpixue | C65: 羊皮靴 | D65: 300 | E65: 50 | F65: 120 | G65: 2 | H65: 4 | I65: 0 | J65: 8 | K65: 0 | L65: 0 | M65: =F65/54+G65+H65+I65+J65+L65*1.2+K65/2 -> 16.222222 | N65: 无 | O65: 无 | P65: black | Q65: 普通/白 | R65: 鞋子 | S65: 鞋子 | T65: 羔皮做的短靴，看来相当结实。 | U65: 是 | V65: 否 | W65: equip_yangpixue.png | Y65: equip_shoes | AA65: 无 | AB65: 是 | AC65: 否 | AE65: 商铺购买；宝箱随机装备；铁匠铺直接锻造 | AF65: {"hp":120,"defense":2,"force":4,"agility":8} | AG65: data/item_templates.yaml:L4296
A66: 65 | B66: equip_gangpianxue | C66: 钢片靴 | D66: 800 | E66: 75 | F66: 240 | G66: 8 | H66: 4 | I66: 0 | J66: 10 | K66: 0 | L66: 0 | M66: =F66/54+G66+H66+I66+J66+L66*1.2+K66/2 -> 26.444444 | N66: 无 | O66: 无 | P66: green | Q66: 优秀/绿 | R66: 鞋子 | S66: 鞋子 | T66: 缀有薄钢片的短靴，虽然笨重些，却牢固了不少。 | U66: 是 | V66: 否 | W66: equip_gangpianxue.png | Y66: equip_shoes | AA66: 无 | AB66: 是 | AC66: 否 | AE66: 商铺购买；宝箱随机装备；铁匠铺直接锻造 | AF66: {"hp":240,"defense":8,"force":4,"agility":10} | AG66: data/item_templates.yaml:L4311
A67: 66 | B67: equip_hupixue | C67: 虎皮靴 | D67: 2000 | E67: 75 | F67: 300 | G67: 5 | H67: 10 | I67: 0 | J67: 15 | K67: 0 | L67: 0 | M67: =F67/54+G67+H67+I67+J67+L67*1.2+K67/2 -> 35.555556 | N67: 无 | O67: 无 | P67: green | Q67: 优秀/绿 | R67: 鞋子 | S67: 鞋子 | T67: 以猛虎皮革制成，相传是某位打虎英雄的战利品。 | U67: 是 | V67: 否 | W67: equip_hupixue.png | Y67: equip_shoes | AA67: 无 | AB67: 否 | AC67: 否 | AE67: 任务宝箱装备 | AF67: {"hp":300,"defense":5,"force":10,"agility":15} | AG67: data/item_templates.yaml:L4358
A68: 67 | B68: equip_jifengxue | C68: 疾风靴 | D68: 2500 | E68: 75 | F68: 240 | G68: 10 | H68: 0 | I68: 0 | J68: 25 | K68: 0 | L68: 0 | M68: =F68/54+G68+H68+I68+J68+L68*1.2+K68/2 -> 39.444444 | N68: 无 | O68: 无 | P68: green | Q68: 优秀/绿 | R68: 鞋子 | S68: 鞋子 | T68: 神行太保戴宗的弟子所制，暗藏甲马神行之术。 | U68: 是 | V68: 否 | W68: equip_jifengxue.png | Y68: equip_shoes | AA68: 无 | AB68: 否 | AC68: 否 | AE68: 任务宝箱装备 | AF68: {"hp":240,"defense":10,"agility":25} | AG68: data/item_templates.yaml:L4388
A69: 68 | B69: equip_nichangwuxie | C69: 霓裳舞鞋 | D69: 2400 | E69: 75 | F69: 150 | G69: 5 | H69: 0 | I69: 10 | J69: 20 | K69: 0 | L69: 0 | M69: =F69/54+G69+H69+I69+J69+L69*1.2+K69/2 -> 37.777778 | N69: 霓裳 | O69: 霓裳3件: 生命+150、智力+20、敏捷+10、运势+15 | P69: green | Q69: 优秀/绿 | R69: 鞋子 | S69: 鞋子 | T69: 鞋底柔韧而稳，鞋面缀有彩羽流纹，既便于腾挪闪转，也能稳住长途奔袭时的气息。 | U69: 是 | V69: 否 | W69: equip_nichangwuxie.png | Y69: equip_shoes | Z69: nichang_set | AA69: 无 | AB69: 否 | AC69: 否 | AE69: 任务宝箱装备 | AF69: {"hp":150,"defense":5,"intellect":10,"agility":20,"set_key":"nichang_set","set_description":"霓裳","set_bonus":{"pieces":3,"bonus":{"hp":150,"intellect":20,"agility":10,"luck":15}}} | AG69: data/item_templates.yaml:L4432
A70: 69 | B70: equip_tayunxue | C70: 踏云靴 | D70: 2200 | E70: 75 | F70: 100 | G70: 5 | H70: 5 | I70: 0 | J70: 25 | K70: 0 | L70: 0 | M70: =F70/54+G70+H70+I70+J70+L70*1.2+K70/2 -> 36.851852 | N70: 无 | O70: 无 | P70: green | Q70: 优秀/绿 | R70: 鞋子 | S70: 鞋子 | T70: 道门弟子修行所穿，相传踏云子祖师曾穿此靴登仙。 | U70: 是 | V70: 否 | W70: equip_tayunxue.png | Y70: equip_shoes | AA70: 无 | AB70: 否 | AC70: 否 | AE70: 任务宝箱装备 | AF70: {"hp":100,"defense":5,"force":5,"agility":25} | AG70: data/item_templates.yaml:L4373
A71: 70 | B71: equip_yanyuxue | C71: 燕羽靴 | D71: 1500 | E71: 75 | F71: 160 | G71: 8 | H71: 4 | I71: 0 | J71: 14 | K71: 0 | L71: 0 | M71: =F71/54+G71+H71+I71+J71+L71*1.2+K71/2 -> 28.962963 | N71: 无 | O71: 无 | P71: green | Q71: 优秀/绿 | R71: 鞋子 | S71: 鞋子 | T71: 非常轻快的薄底靴，有燕子样轻灵的感觉。 | U71: 是 | V71: 否 | W71: equip_yanyuxue.png | Y71: equip_shoes | AA71: 无 | AB71: 是 | AC71: 否 | AE71: 商铺购买；宝箱随机装备；铁匠铺直接锻造 | AF71: {"hp":160,"defense":8,"force":4,"agility":14} | AG71: data/item_templates.yaml:L4326
A72: 71 | B72: equip_youxiaxue | C72: 游侠靴 | D72: 2300 | E72: 75 | F72: 200 | G72: 5 | H72: 10 | I72: 0 | J72: 20 | K72: 0 | L72: 0 | M72: =F72/54+G72+H72+I72+J72+L72*1.2+K72/2 -> 38.703704 | N72: 无 | O72: 无 | P72: green | Q72: 优秀/绿 | R72: 鞋子 | S72: 鞋子 | T72: 江湖侠客们偏爱的款式，在各地驿站都能见到。 | U72: 是 | V72: 否 | W72: equip_youxiaxue.png | Y72: equip_shoes | AA72: 无 | AB72: 否 | AC72: 否 | AE72: 任务宝箱装备 | AF72: {"hp":200,"defense":5,"force":10,"agility":20} | AG72: data/item_templates.yaml:L4402
A73: 72 | B73: equip_zhuyelu | C73: 竹叶履 | D73: 2100 | E73: 75 | F73: 100 | G73: 5 | H73: 0 | I73: 0 | J73: 20 | K73: 0 | L73: 8 | M73: =F73/54+G73+H73+I73+J73+L73*1.2+K73/2 -> 36.451852 | N73: 无 | O73: 无 | P73: green | Q73: 优秀/绿 | R73: 鞋子 | S73: 鞋子 | T73: 以翠竹叶片装饰的轻履，是竹林隐士的标志之物。 | U73: 是 | V73: 否 | W73: equip_zhuyelu.png | Y73: equip_shoes | AA73: 无 | AB73: 否 | AC73: 否 | AE73: 任务宝箱装备；宝箱独立随机物品组 | AF73: {"hp":100,"defense":5,"agility":20,"luck":8} | AG73: data/item_templates.yaml:L4417
A74: 73 | B74: equip_jiaodoushizhixue | C74: 角斗士之靴 | D74: 6000 | E74: 100 | F74: 250 | G74: 16 | H74: 13 | I74: 0 | J74: 24 | K74: 0 | L74: 0 | M74: =F74/54+G74+H74+I74+J74+L74*1.2+K74/2 -> 57.62963 | N74: 角斗士套装 | O74: 角斗士套装4件: 生命+280、防御+10、武力+30、敏捷+15 | P74: blue | Q74: 稀有/蓝 | R74: 鞋子 | S74: 鞋子 | T74: 靴底嵌有防滑钢钉，专为近身缠斗设计，步法稳定且爆发力更强。 | U74: 是 | V74: 否 | W74: equip_jiaodoushizhixue.png | Y74: equip_shoes | Z74: jiaodoushi_set | AA74: 无 | AB74: 否 | AC74: 否 | AE74: 宝箱随机装备；竞技场随机兑换 | AF74: {"hp":250,"defense":16,"force":13,"agility":24,"set_key":"jiaodoushi_set","set_description":"角斗士套装","set_bonus":{"pieces":4,"bonus":{"hp":280,"defense":10,"force":30,"agility":15}}} | AG74: data/item_templates.yaml:L4479
A75: 74 | B75: equip_jinlinxue | C75: 金鳞靴 | D75: 6200 | E75: 100 | F75: 200 | G75: 18 | H75: 11 | I75: 0 | J75: 26 | K75: 0 | L75: 0 | M75: =F75/54+G75+H75+I75+J75+L75*1.2+K75/2 -> 58.703704 | N75: 无 | O75: 无 | P75: blue | Q75: 稀有/蓝 | R75: 鞋子 | S75: 鞋子 | T75: 以金色鳞片装饰的战靴，出自龙门镖局的镖头遗物。 | U75: 是 | V75: 否 | W75: equip_jinlinxue.png | Y75: equip_shoes | AA75: 无 | AB75: 否 | AC75: 否 | AE75: 任务宝箱装备 | AF75: {"hp":200,"defense":18,"force":11,"agility":26} | AG75: data/item_templates.yaml:L4583
A76: 75 | B76: equip_lingboxie | C76: 凌波鞋 | D76: 6000 | E76: 100 | F76: 220 | G76: 10 | H76: 0 | I76: 0 | J76: 40 | K76: 0 | L76: 0 | M76: =F76/54+G76+H76+I76+J76+L76*1.2+K76/2 -> 54.074074 | N76: 无 | O76: 无 | P76: blue | Q76: 稀有/蓝 | R76: 鞋子 | S76: 鞋子 | T76: 据传是凌波微步的配套之物，出自逍遥派遗藏。 | U76: 是 | V76: 否 | W76: equip_lingboxie.png | Y76: equip_shoes | AA76: 无 | AB76: 否 | AC76: 否 | AE76: 任务宝箱装备 | AF76: {"hp":220,"defense":10,"agility":40} | AG76: data/item_templates.yaml:L4526
A77: 76 | B77: equip_pojunxue | C77: 破军靴 | D77: 5800 | E77: 100 | F77: 270 | G77: 16 | H77: 15 | I77: 0 | J77: 20 | K77: 0 | L77: 0 | M77: =F77/54+G77+H77+I77+J77+L77*1.2+K77/2 -> 56 | N77: 无 | O77: 无 | P77: blue | Q77: 稀有/蓝 | R77: 鞋子 | S77: 鞋子 | T77: 破军星位所铸，是一套破军战甲的配套之一。 | U77: 是 | V77: 否 | W77: equip_pojunxue.png | Y77: equip_shoes | AA77: 无 | AB77: 否 | AC77: 否 | AE77: 任务宝箱装备 | AF77: {"hp":270,"defense":16,"force":15,"agility":20} | AG77: data/item_templates.yaml:L4554
A78: 77 | B78: equip_qinglongxue | C78: 青龙靴 | D78: 5500 | E78: 100 | F78: 216 | G78: 10 | H78: 15 | I78: 15 | J78: 20 | K78: 0 | L78: 0 | M78: =F78/54+G78+H78+I78+J78+L78*1.2+K78/2 -> 64 | N78: 四象套装 | O78: 四象套装4件: 生命+360、武力+35、智力+35、敏捷+20 | P78: blue | Q78: 稀有/蓝 | R78: 鞋子 | S78: 鞋子 | T78: 绣有青龙纹样的战靴，相传曾是青龙门弟子所穿。 | U78: 是 | V78: 否 | W78: equip_qinglongxue.png | Y78: equip_shoes | Z78: sixiang_set | AA78: 无 | AB78: 否 | AC78: 是 | AD78: blueprint_qinglongxue | AE78: 图纸合成（任务宝箱）；图纸合成（竞技场随机图纸兑换） | AF78: {"hp":216,"defense":10,"force":15,"intellect":15,"agility":20,"set_key":"sixiang_set","set_description":"四象套装","set_bonus":{"pieces":4,"bonus":{"hp":360,"force":35,"intellect":35,"agility":20}}} | AG78: data/item_templates.yaml:L4502
A79: 78 | B79: equip_xiaoweichangxue | C79: 校尉长靴 | D79: 5000 | E79: 100 | F79: 250 | G79: 20 | H79: 5 | I79: 0 | J79: 20 | K79: 20 | L79: 0 | M79: =F79/54+G79+H79+I79+J79+L79*1.2+K79/2 -> 59.62963 | N79: 校尉套装 | O79: 校尉套装4件: 生命+360、防御+15、武力+40、带兵上限+100 | P79: blue | Q79: 稀有/蓝 | R79: 鞋子 | S79: 鞋子 | T79: 军中校尉的制式长靴，靴筒刻有军阶标识。 | U79: 是 | V79: 否 | W79: equip_xiaoweichangxue.png | Y79: equip_shoes | Z79: xiaowei_set | AA79: 无 | AB79: 否 | AC79: 是 | AD79: blueprint_xiaoweichangxue | AE79: 任务宝箱装备；图纸合成（任务宝箱）；图纸合成（竞技场随机图纸兑换）；宝箱随机装备 | AF79: {"hp":250,"defense":20,"force":5,"agility":20,"troop_capacity":20,"set_key":"xiaowei_set","set_description":"校尉套装","set_bonus":{"pieces":4,"bonus":{"hp":360,"defense":15,"force":40,"troop_capacity":100}}} | AG79: data/item_templates.yaml:L4455
A80: 79 | B80: equip_yingxingxue | C80: 影行靴 | D80: 5600 | E80: 100 | F80: 200 | G80: 10 | H80: 0 | I80: 0 | J80: 35 | K80: 0 | L80: 0 | M80: =F80/54+G80+H80+I80+J80+L80*1.2+K80/2 -> 48.703704 | N80: 无 | O80: 无 | P80: blue | Q80: 稀有/蓝 | R80: 鞋子 | S80: 鞋子 | T80: 刺客组织"影楼"的秘制战靴，穿上后行走无声。 | U80: 是 | V80: 否 | W80: equip_yingxingxue.png | Y80: equip_shoes | AA80: 无 | AB80: 否 | AC80: 否 | AE80: 任务宝箱装备 | AF80: {"hp":200,"defense":10,"agility":35} | AG80: data/item_templates.yaml:L4569
A81: 80 | B81: equip_zhuifengxue | C81: 追风靴 | D81: 5200 | E81: 100 | F81: 180 | G81: 8 | H81: 0 | I81: 0 | J81: 42 | K81: 0 | L81: 0 | M81: =F81/54+G81+H81+I81+J81+L81*1.2+K81/2 -> 53.333333 | N81: 无 | O81: 无 | P81: blue | Q81: 稀有/蓝 | R81: 鞋子 | S81: 鞋子 | T81: 相传某位追风少年穿此靴日行千里，名动江湖。 | U81: 是 | V81: 否 | W81: equip_zhuifengxue.png | Y81: equip_shoes | AA81: 无 | AB81: 否 | AC81: 否 | AE81: 任务宝箱装备 | AF81: {"hp":180,"defense":8,"agility":42} | AG81: data/item_templates.yaml:L4540
A82: 81 | B82: equip_huxianxie | C82: 狐仙鞋 | D82: 14000 | E82: 150 | F82: 320 | G82: 10 | H82: 0 | I82: 24 | J82: 32 | K82: 0 | L82: 0 | M82: =F82/54+G82+H82+I82+J82+L82*1.2+K82/2 -> 71.925926 | N82: 狐仙套装 | O82: 狐仙套装3件: 生命+280、智力+64、运势+18 | P82: purple | Q82: 史诗/紫 | R82: 鞋子 | S82: 鞋子 | T82: 涂山狐族遗留人间的宝物，轻巧灵动如狐步。 | U82: 是 | V82: 否 | W82: equip_huxianxie.png | Y82: equip_shoes | Z82: huxian_set | AA82: 无 | AB82: 否 | AC82: 是 | AD82: blueprint_huxianxie | AE82: 图纸合成（任务宝箱）；图纸合成（帮会图纸领取）；图纸合成（竞技场随机图纸兑换）；宝箱随机装备 | AF82: {"hp":320,"defense":10,"intellect":24,"agility":32,"set_key":"huxian_set","set_description":"狐仙套装","set_bonus":{"pieces":3,"bonus":{"hp":280,"intellect":64,"luck":18}}} | AG82: data/item_templates.yaml:L4600
A83: 82 | B83: equip_liekongxue | C83: 裂空靴 | D83: 16500 | E83: 150 | F83: 286 | G83: 16 | H83: 16 | I83: 0 | J83: 40 | K83: 0 | L83: 0 | M83: =F83/54+G83+H83+I83+J83+L83*1.2+K83/2 -> 77.296296 | N83: 无 | O83: 无 | P83: purple | Q83: 史诗/紫 | R83: 鞋子 | S83: 鞋子 | T83: 据传穿上可踏破虚空，是某位飞行高手的遗物。 | U83: 是 | V83: 否 | W83: equip_liekongxue.png | Y83: equip_shoes | AA83: 无 | AB83: 否 | AC83: 否 | AE83: 任务宝箱装备 | AF83: {"hp":286,"defense":16,"force":16,"agility":40} | AG83: data/item_templates.yaml:L4697
A84: 83 | B84: equip_qilinxue | C84: 麒麟靴 | D84: 16000 | E84: 150 | F84: 308 | G84: 21 | H84: 18 | I84: 0 | J84: 30 | K84: 0 | L84: 0 | M84: =F84/54+G84+H84+I84+J84+L84*1.2+K84/2 -> 74.703704 | N84: 麒麟套装 | O84: 麒麟套装4件: 生命+420、武力+38、敏捷+18、运势+30 | P84: purple | Q84: 史诗/紫 | R84: 鞋子 | S84: 鞋子 | T84: 仿麒麟蹄形锻造，相传是麒麟卫的标志装备。 | U84: 是 | V84: 否 | W84: equip_qilinxue.png | Y84: equip_shoes | Z84: qilin_set | AA84: 无 | AB84: 否 | AC84: 是 | AD84: blueprint_qilinxue | AE84: 图纸合成（任务宝箱）；图纸合成（竞技场随机图纸兑换）；宝箱随机装备 | AF84: {"hp":308,"defense":21,"force":18,"agility":30,"set_key":"qilin_set","set_description":"麒麟套装","set_bonus":{"pieces":4,"bonus":{"hp":420,"force":38,"agility":18,"luck":30}}} | AG84: data/item_templates.yaml:L4622
A85: 84 | B85: equip_tianjilu | C85: 天机履 | D85: 15500 | E85: 150 | F85: 283 | G85: 15 | H85: 0 | I85: 22 | J85: 39 | K85: 0 | L85: 0 | M85: =F85/54+G85+H85+I85+J85+L85*1.2+K85/2 -> 81.240741 | N85: 无 | O85: 无 | P85: purple | Q85: 史诗/紫 | R85: 鞋子 | S85: 鞋子 | T85: 天机门的秘传之物，履底暗藏机关可助行。 | U85: 是 | V85: 否 | W85: equip_tianjilu.png | Y85: equip_shoes | AA85: 无 | AB85: 否 | AC85: 否 | AE85: 当前主要配置未发现明确途径 | AF85: {"hp":283,"defense":15,"intellect":22,"agility":39} | AG85: data/item_templates.yaml:L4682
A86: 85 | B86: equip_xuanwuxue | C86: 玄武靴 | D86: 17000 | E86: 150 | F86: 362 | G86: 30 | H86: 7 | I86: 0 | J86: 30 | K86: 0 | L86: 0 | M86: =F86/54+G86+H86+I86+J86+L86*1.2+K86/2 -> 73.703704 | N86: 玄武套装 | O86: 玄武套装4件: 生命+260、防御+70、武力+20 | P86: purple | Q86: 史诗/紫 | R86: 鞋子 | S86: 鞋子 | T86: 玄武山庄的传承之物，靴底刻有玄武阵图。 | U86: 是 | V86: 否 | W86: equip_xuanwuxue.png | Y86: equip_shoes | Z86: xuanwu_set | AA86: 无 | AB86: 否 | AC86: 是 | AD86: blueprint_xuanwuxue | AE86: 任务宝箱装备；图纸合成（竞技场随机图纸兑换） | AF86: {"hp":362,"defense":30,"force":7,"agility":30,"set_key":"xuanwu_set","set_description":"玄武套装","set_bonus":{"pieces":4,"bonus":{"hp":260,"defense":70,"force":20}}} | AG86: data/item_templates.yaml:L4645
A87: 86 | B87: equip_zhurixue | C87: 逐日靴 | D87: 15000 | E87: 150 | F87: 266 | G87: 23 | H87: 10 | I87: 0 | J87: 45 | K87: 0 | L87: 0 | M87: =F87/54+G87+H87+I87+J87+L87*1.2+K87/2 -> 82.925926 | N87: 无 | O87: 无 | P87: purple | Q87: 史诗/紫 | R87: 鞋子 | S87: 鞋子 | T87: 相传夸父逐日时所穿，后来落入人间被重新锻造。 | U87: 是 | V87: 否 | W87: equip_zhurixue.png | Y87: equip_shoes | AA87: 无 | AB87: 否 | AC87: 否 | AE87: 任务宝箱装备 | AF87: {"hp":266,"defense":23,"force":10,"agility":45} | AG87: data/item_templates.yaml:L4667
A88: 87 | B88: equip_shenxingxue | C88: 神行靴 | D88: 48000 | E88: 200 | F88: 330 | G88: 24 | H88: 5 | I88: 0 | J88: 60 | K88: 0 | L88: 0 | M88: =F88/54+G88+H88+I88+J88+L88*1.2+K88/2 -> 95.111111 | N88: 无 | O88: 无 | P88: orange | Q88: 传说/橙 | R88: 鞋子 | S88: 鞋子 | T88: 神行太保戴宗的亲传之物，内藏神行甲马。 | U88: 是 | V88: 否 | W88: equip_shenxingxue.png | Y88: equip_shoes | AA88: 无 | AB88: 否 | AC88: 否 | AE88: 任务宝箱装备 | AF88: {"hp":330,"defense":24,"force":5,"agility":60} | AG88: data/item_templates.yaml:L4730
A89: 88 | B89: equip_tatianxue | C89: 踏天靴 | D89: 50000 | E89: 200 | F89: 340 | G89: 15 | H89: 14 | I89: 9 | J89: 44 | K89: 0 | L89: 0 | M89: =F89/54+G89+H89+I89+J89+L89*1.2+K89/2 -> 88.296296 | N89: 无 | O89: 无 | P89: orange | Q89: 传说/橙 | R89: 鞋子 | S89: 鞋子 | T89: 相传可踏天而行，是凌霄宫遗落凡间的神物。 | U89: 是 | V89: 否 | W89: equip_tatianxue.png | Y89: equip_shoes | AA89: 无 | AB89: 否 | AC89: 否 | AE89: 当前主要配置未发现明确途径 | AF89: {"hp":340,"defense":15,"force":14,"intellect":9,"agility":44} | AG89: data/item_templates.yaml:L4714
A90: 89 | B90: equip_wujixingxue | C90: 无极行靴 | D90: 55000 | E90: 200 | F90: 330 | G90: 24 | H90: 7 | I90: 0 | J90: 60 | K90: 0 | L90: 0 | M90: =F90/54+G90+H90+I90+J90+L90*1.2+K90/2 -> 97.111111 | N90: 无 | O90: 无 | P90: orange | Q90: 传说/橙 | R90: 鞋子 | S90: 鞋子 | T90: 无极门祖师的遗物，暗合太极阴阳之理。 | U90: 是 | V90: 否 | W90: equip_wujixingxue.png | Y90: equip_shoes | AA90: 无 | AB90: 否 | AC90: 否 | AE90: 当前主要配置未发现明确途径 | AF90: {"hp":330,"defense":24,"force":7,"agility":60} | AG90: data/item_templates.yaml:L4745
A91: 90 | B91: equip_dakandao | C91: 大砍刀 | D91: 300 | E91: 50 | F91: 80 | G91: 0 | H91: 16 | I91: 0 | J91: 0 | K91: 0 | L91: 0 | M91: =F91/54+G91+H91+I91+J91+L91*1.2+K91/2 -> 17.481481 | N91: 无 | O91: 无 | P91: black | Q91: 普通/白 | R91: 武器 | S91: 刀 | T91: 江湖豪客常用的刀，相当好使。 | U91: 是 | V91: 否 | W91: equip_dakandao.png | Y91: equip_weapon | AA91: 无 | AB91: 是 | AC91: 否 | AE91: 商铺购买；宝箱随机装备；铁匠铺直接锻造 | AF91: {"hp":80,"force":16} | AG91: data/item_templates.yaml:L4837
A92: 91 | B92: equip_duandao | C92: 短刀 | D92: 100 | E92: 50 | F92: 40 | G92: 0 | H92: 12 | I92: 0 | J92: 4 | K92: 0 | L92: 0 | M92: =F92/54+G92+H92+I92+J92+L92*1.2+K92/2 -> 16.740741 | N92: 无 | O92: 无 | P92: black | Q92: 普通/白 | R92: 武器 | S92: 刀 | T92: 粗钢打造的刀，勉强够防身用。 | U92: 是 | V92: 否 | W92: equip_duandao.png | Y92: equip_weapon | AA92: 无 | AB92: 是 | AC92: 否 | AE92: 商铺购买；宝箱随机装备；铁匠铺直接锻造 | AF92: {"hp":40,"force":12,"agility":4} | AG92: data/item_templates.yaml:L4823
A93: 92 | B93: equip_changjian | C93: 长剑 | D93: 300 | E93: 50 | F93: 120 | G93: 1 | H93: 14 | I93: 0 | J93: 0 | K93: 0 | L93: 0 | M93: =F93/54+G93+H93+I93+J93+L93*1.2+K93/2 -> 17.222222 | N93: 无 | O93: 无 | P93: black | Q93: 普通/白 | R93: 武器 | S93: 剑 | T93: 兵器铺必备的东西，行走江湖时可用来防身和装潇洒。 | U93: 是 | V93: 否 | W93: changjian.png | Y93: equip_weapon | AA93: 无 | AB93: 是 | AC93: 否 | AE93: 商铺购买；宝箱随机装备；铁匠铺直接锻造 | AF93: {"hp":120,"defense":1,"force":14} | AG93: data/item_templates.yaml:L4778
A94: 93 | B94: equip_duanjian | C94: 短剑 | D94: 100 | E94: 50 | F94: 80 | G94: 0 | H94: 8 | I94: 0 | J94: 6 | K94: 0 | L94: 0 | M94: =F94/54+G94+H94+I94+J94+L94*1.2+K94/2 -> 15.481481 | N94: 无 | O94: 无 | P94: black | Q94: 普通/白 | R94: 武器 | S94: 剑 | T94: 粗钢打造的剑，勉强够防身用。 | U94: 是 | V94: 否 | W94: duanjian.png | Y94: equip_weapon | AA94: 无 | AB94: 是 | AC94: 否 | AE94: 商铺购买；宝箱随机装备；铁匠铺直接锻造 | AF94: {"hp":80,"force":8,"agility":6} | AG94: data/item_templates.yaml:L4764
A95: 94 | B95: equip_changgong | C95: 长弓 | D95: 100 | E95: 50 | F95: 0 | G95: 0 | H95: 12 | I95: 0 | J95: 4 | K95: 0 | L95: 0 | M95: =F95/54+G95+H95+I95+J95+L95*1.2+K95/2 -> 16 | N95: 无 | O95: 无 | P95: black | Q95: 普通/白 | R95: 武器 | S95: 弓 | T95: 白木制的弓，随处可见的东西。 | U95: 是 | V95: 否 | W95: changgong.png | Y95: equip_weapon | AA95: 无 | AB95: 是 | AC95: 否 | AE95: 商铺购买；宝箱随机装备；铁匠铺直接锻造 | AF95: {"force":12,"agility":4} | AG95: data/item_templates.yaml:L4942
A96: 95 | B96: equip_fanqugong | C96: 反曲弓 | D96: 300 | E96: 50 | F96: 0 | G96: 0 | H96: 12 | I96: 0 | J96: 6 | K96: 0 | L96: 0 | M96: =F96/54+G96+H96+I96+J96+L96*1.2+K96/2 -> 18 | N96: 无 | O96: 无 | P96: black | Q96: 普通/白 | R96: 武器 | S96: 弓 | T96: 以干角筋胶丝漆六材制成的弓，相当精致。 | U96: 是 | V96: 否 | W96: fanqugong.png | Y96: equip_weapon | AA96: 无 | AB96: 是 | AC96: 否 | AE96: 商铺购买；宝箱随机装备；铁匠铺直接锻造 | AF96: {"force":12,"agility":6} | AG96: data/item_templates.yaml:L4955
A97: 96 | B97: equip_baoweiqiang | C97: 豹尾枪 | D97: 300 | E97: 50 | F97: 0 | G97: 4 | H97: 8 | I97: 0 | J97: 0 | K97: 20 | L97: 0 | M97: =F97/54+G97+H97+I97+J97+L97*1.2+K97/2 -> 22 | N97: 无 | O97: 无 | P97: black | Q97: 普通/白 | R97: 武器 | S97: 枪 | T97: 头有兽尾为饰，看来稍微华贵些。 | U97: 是 | V97: 否 | W97: equip_baoweiqiang.png | Y97: equip_weapon | AA97: 无 | AB97: 是 | AC97: 否 | AE97: 商铺购买；宝箱随机装备；铁匠铺直接锻造 | AF97: {"defense":4,"force":8,"troop_capacity":20} | AG97: data/item_templates.yaml:L4896
A98: 97 | B98: equip_changqiang | C98: 长枪 | D98: 100 | E98: 50 | F98: 160 | G98: 0 | H98: 9 | I98: 0 | J98: 0 | K98: 12 | L98: 0 | M98: =F98/54+G98+H98+I98+J98+L98*1.2+K98/2 -> 17.962963 | N98: 无 | O98: 无 | P98: black | Q98: 普通/白 | R98: 武器 | S98: 枪 | T98: 普通的红缨点钢枪，士兵常使的武器。 | U98: 是 | V98: 否 | W98: changqiang.png | Y98: equip_weapon | AA98: 无 | AB98: 是 | AC98: 否 | AE98: 商铺购买；宝箱随机装备；铁匠铺直接锻造 | AF98: {"hp":160,"defense":0,"force":9,"troop_capacity":12} | AG98: data/item_templates.yaml:L4881
A99: 98 | B99: equip_tiejian | C99: 铁剑 | D99: 0 | E99: 50 | F99: 0 | G99: 5 | H99: 15 | I99: 0 | J99: 0 | K99: 0 | L99: 0 | M99: =F99/54+G99+H99+I99+J99+L99*1.2+K99/2 -> 20 | N99: 一蓑烟雨 | O99: 一蓑烟雨4件: 生命+200、武力+20、带兵上限+20、运势+15 | P99: black | Q99: 普通/白 | R99: 武器 | S99: 武器 | T99: 一柄简朴耐用的铁剑，适合初入江湖之人防身。 | U99: 否 | V99: 否 | W99: equip_tiejian.png | Y99: equip_weapon | Z99: starter_cloth_set | AA99: 无 | AB99: 否 | AC99: 否 | AE99: 宝箱随机装备 | AF99: {"defense":5,"force":15,"set_key":"starter_cloth_set","set_description":"一蓑烟雨","set_bonus":{"pieces":4,"bonus":{"hp":200,"force":20,"troop_capacity":20,"luck":15}}} | AG99: data/item_templates.yaml:L3310
A100: 99 | B100: equip_changbian | C100: 长鞭 | D100: 100 | E100: 50 | F100: 0 | G100: 0 | H100: 12 | I100: 0 | J100: 8 | K100: 0 | L100: 0 | M100: =F100/54+G100+H100+I100+J100+L100*1.2+K100/2 -> 20 | N100: 无 | O100: 无 | P100: black | Q100: 普通/白 | R100: 武器 | S100: 鞭 | T100: 细藤搓成的鞭子，通常只能用来赶羊。 | U100: 是 | V100: 否 | W100: changbian.png | Y100: equip_weapon | AA100: 无 | AB100: 是 | AC100: 否 | AE100: 铁匠铺直接锻造 | AF100: {"force":12,"agility":8} | AG100: data/item_templates.yaml:L4999
...

Sheet 套装效果
A1: 套装key | B1: 套装名称 | C1: 生效件数 | D1: 攻击 | E1: 防御 | F1: 生命 | G1: 武力 | H1: 智力 | I1: 敏捷 | J1: 运势 | K1: 带兵上限 | L1: 成员装备 | M1: 成员装备key | N1: 数据来源
A2: starter_cloth_set | B2: 一蓑烟雨 | C2: 4 | D2: 0 | E2: 0 | F2: 200 | G2: 20 | H2: 0 | I2: 0 | J2: 15 | K2: 20 | L2: 斗笠；蓑衣；草鞋；铁剑 | M2: equip_caomao；equip_suoyi；equip_caoxie；equip_tiejian | N2: data/item_templates.yaml:L3240
A3: yeman_set | B3: 野蛮套装 | C3: 2 | D3: 0 | E3: 10 | F3: 300 | G3: 25 | H3: 0 | I3: 0 | J3: 0 | K3: 0 | L3: 野蛮头盔；野蛮砍刀 | M3: equip_yemantoukie；equip_yemankandao | N3: data/item_templates.yaml:L3425
A4: kasukabe_defense_set | B4: 春日部防卫队 | C4: 2 | D4: 30 | E4: 20 | F4: 0 | G4: 0 | H4: 0 | I4: 0 | J4: 0 | K4: 0 | L4: 动感超人面具；春日部小书包；动感光波手套；野原家的平底锅；小白的散步绳 | M4: equip_action_mask；equip_kasukabe_satchel；equip_action_beam_glove；equip_nohara_pan；equip_shiro_leash | N4: data/item_templates.yaml:L3113
A5: kasukabe_defense_set | B5: 春日部防卫队 | C5: 4 | D5: 0 | E5: 0 | F5: 600 | G5: 0 | H5: 0 | I5: 20 | J5: 15 | K5: 0 | L5: 动感超人面具；春日部小书包；动感光波手套；野原家的平底锅；小白的散步绳 | M5: equip_action_mask；equip_kasukabe_satchel；equip_action_beam_glove；equip_nohara_pan；equip_shiro_leash | N5: data/item_templates.yaml:L3113
A6: jiaodoushi_set | B6: 角斗士套装 | C6: 4 | D6: 0 | E6: 10 | F6: 280 | G6: 30 | H6: 0 | I6: 15 | J6: 0 | K6: 0 | L6: 角斗士头盔；角斗士胸甲；角斗士之靴；角斗士之锤 | M6: equip_jiaodoushitoukui；equip_jiaodoushixiongjia；equip_jiaodoushizhixue；equip_jiaodoushizhichui | N6: data/item_templates.yaml:L3528
A7: sixiang_set | B7: 四象套装 | C7: 4 | D7: 0 | E7: 0 | F7: 360 | G7: 35 | H7: 35 | I7: 20 | J7: 0 | K7: 0 | L7: 青龙盔；青龙甲；青龙靴；青龙刀 | M7: equip_qinglongkui；equip_qinglongjia；equip_qinglongxue；equip_qinglongdao | N7: data/item_templates.yaml:L3564
A8: xiaowei_set | B8: 校尉套装 | C8: 4 | D8: 0 | E8: 15 | F8: 360 | G8: 40 | H8: 0 | I8: 0 | J8: 0 | K8: 100 | L8: 校尉头盔；校尉铠甲；校尉长靴；校尉长剑 | M8: equip_xiaoweitoukui；equip_xiaoweikaijia；equip_xiaoweichangxue；equip_xiaoweichangjian | N8: data/item_templates.yaml:L3505
A9: fengling_set | B9: 凤翎套装 | C9: 3 | D9: 0 | E9: 0 | F9: 0 | G9: 0 | H9: 60 | I9: 0 | J9: 30 | K9: 0 | L9: 凤翎冠；凤翎扇；凤凰羽 | M9: equip_fenglingguan；equip_fenglingshan；equip_fenghuangyu | N9: data/item_templates.yaml:L3670
A10: qilin_set | B10: 麒麟套装 | C10: 4 | D10: 0 | E10: 0 | F10: 420 | G10: 38 | H10: 0 | I10: 18 | J10: 30 | K10: 0 | L10: 麒麟盔；麒麟甲；麒麟靴；麒麟刀；麒麟坠 | M10: equip_qilinkui；equip_qilinjia；equip_qilinxue；equip_qilindao；equip_qilinzui | N10: data/item_templates.yaml:L3647
A11: xuanwu_set | B11: 玄武套装 | C11: 4 | D11: 0 | E11: 70 | F11: 260 | G11: 20 | H11: 0 | I11: 0 | J11: 0 | K11: 0 | L11: 玄武盔；玄武甲；玄武靴；玄武锤 | M11: equip_xuanwukui；equip_xuanwujia；equip_xuanwuxue；equip_xuanwuchui | N11: data/item_templates.yaml:L3705
A12: nichang_set | B12: 霓裳 | C12: 3 | D12: 0 | E12: 0 | F12: 150 | G12: 0 | H12: 20 | I12: 10 | J12: 15 | K12: 0 | L12: 霓裳羽衣；霓裳舞鞋；霓裳剑 | M12: equip_nichangyuyi；equip_nichangwuxie；equip_nichangjian | N12: data/item_templates.yaml:L3954
A13: huxian_set | B13: 狐仙套装 | C13: 3 | D13: 0 | E13: 0 | F13: 280 | G13: 0 | H13: 64 | I13: 0 | J13: 18 | K13: 0 | L13: 狐仙袍；狐仙鞋；狐仙剑 | M13: equip_huxianpao；equip_huxianxie；equip_huxianjian | N13: data/item_templates.yaml:L4104

Sheet 护院兵种加成
A1: 装备key | B1: 装备名称 | C1: 兵种代码 | D1: 兵种 | E1: 攻击固定值 | F1: 攻击比例 | G1: 防御固定值 | H1: 防御比例 | I1: 生命固定值 | J1: 生命比例 | K1: 数据来源
A2: equip_tongchanjiguan | B2: 铜蝉机关 | C2: dao | D2: 刀系 | E2: 0 | F2: 0.005 | G2: 0 | H2: 0 | I2: 0 | J2: 0 | K2: data/item_templates.yaml:L6575
A3: equip_tongchanjiguan | B3: 铜蝉机关 | C3: qiang | D3: 枪系 | E3: 0 | F3: 0.005 | G3: 0 | H3: 0 | I3: 0 | J3: 0 | K3: data/item_templates.yaml:L6575
A4: equip_tongchanjiguan | B4: 铜蝉机关 | C4: jian | D4: 剑系 | E4: 0 | F4: 0.005 | G4: 0 | H4: 0 | I4: 0 | J4: 0 | K4: data/item_templates.yaml:L6575
A5: equip_tongchanjiguan | B5: 铜蝉机关 | C5: quan | D5: 拳系 | E5: 0 | F5: 0.005 | G5: 0 | H5: 0 | I5: 0 | J5: 0 | K5: data/item_templates.yaml:L6575
A6: equip_tongchanjiguan | B6: 铜蝉机关 | C6: gong | D6: 弓系 | E6: 0 | F6: 0.005 | G6: 0 | H6: 0 | I6: 0 | J6: 0 | K6: data/item_templates.yaml:L6575
A7: equip_tongchanjiguan | B7: 铜蝉机关 | C7: scout | D7: 探子 | E7: 0 | F7: 0.005 | G7: 0 | H7: 0 | I7: 0 | J7: 0 | K7: data/item_templates.yaml:L6575
A8: equip_xiaoxingjiguanshu | B8: 小型机关鼠 | C8: dao | D8: 刀系 | E8: 0 | F8: 0 | G8: 0 | H8: 0 | I8: 0 | J8: 0.005 | K8: data/item_templates.yaml:L6554
A9: equip_xiaoxingjiguanshu | B9: 小型机关鼠 | C9: qiang | D9: 枪系 | E9: 0 | F9: 0 | G9: 0 | H9: 0 | I9: 0 | J9: 0.005 | K9: data/item_templates.yaml:L6554
A10: equip_xiaoxingjiguanshu | B10: 小型机关鼠 | C10: jian | D10: 剑系 | E10: 0 | F10: 0 | G10: 0 | H10: 0 | I10: 0 | J10: 0.005 | K10: data/item_templates.yaml:L6554
A11: equip_xiaoxingjiguanshu | B11: 小型机关鼠 | C11: quan | D11: 拳系 | E11: 0 | F11: 0 | G11: 0 | H11: 0 | I11: 0 | J11: 0.005 | K11: data/item_templates.yaml:L6554
A12: equip_xiaoxingjiguanshu | B12: 小型机关鼠 | C12: gong | D12: 弓系 | E12: 0 | F12: 0 | G12: 0 | H12: 0 | I12: 0 | J12: 0.005 | K12: data/item_templates.yaml:L6554
A13: equip_xiaoxingjiguanshu | B13: 小型机关鼠 | C13: scout | D13: 探子 | E13: 0 | F13: 0 | G13: 0 | H13: 0 | I13: 0 | J13: 0.005 | K13: data/item_templates.yaml:L6554
... A48: equip_mojiajiguanren | B48: 墨家机关人 | C48: scout | D48: 探子 | E48: 0 | F48: 0.005 | G48: 0 | H48: 0.005 | I48: 0 | J48: 0.005 | K48: data/item_templates.yaml:L6978

Sheet 制作配方
A1: 装备key | B1: 装备名称 | C1: 制作方式 | D1: 类别 | E1: 所需技能等级 | F1: 基准耗时(秒) | G1: 单次产量 | H1: 消耗图纸key(每次1张) | I1: 图纸名称 | J1: 材料消耗(每次) | K1: 材料(JSON) | L1: 数据来源
A2: equip_bumao | B2: 布帽 | C2: 普通锻造 | D2: 头盔 | E2: 1 | F2: 120 | G2: 1 | J2: 铜×5 | K2: {"tong":5} | L2: data/forge_equipment.yaml:equipment.equip_bumao
A3: equip_niupimao | B3: 牛皮帽 | C3: 普通锻造 | D3: 头盔 | E3: 3 | F3: 180 | G3: 1 | J3: 铜×10、锡×5 | K3: {"tong":10,"xi":5} | L3: data/forge_equipment.yaml:equipment.equip_niupimao
A4: equip_baihongkui | B4: 白虹盔 | C4: 普通锻造 | D4: 头盔 | E4: 9 | F4: 360 | G4: 1 | J4: 铁×30 | K4: {"tie":30} | L4: data/forge_equipment.yaml:equipment.equip_baihongkui
A5: equip_tieyekui | B5: 铁叶盔 | C5: 普通锻造 | D5: 头盔 | E5: 5 | F5: 240 | G5: 1 | J5: 铁×10 | K5: {"tie":10} | L5: data/forge_equipment.yaml:equipment.equip_tieyekui
A6: equip_yulindin | B6: 鱼鳞顶 | C6: 普通锻造 | D6: 头盔 | E6: 7 | F6: 300 | G6: 1 | J6: 铁×20 | K6: {"tie":20} | L6: data/forge_equipment.yaml:equipment.equip_yulindin
A7: equip_qinglongkui | B7: 青龙盔 | C7: 图纸合成 | D7: 头盔 | E7: 5 | F7: 即时合成 | G7: 1 | H7: blueprint_qinglongkui | I7: 青龙盔图纸 | J7: 铜×29、锡×17、铁×12、木质精华×3、铜质精华×2、紫檀木×5、黑原石×4、金刚煤×3、刨子×3、凿子×3、空气之石×2 | K7: {"tong":29,"xi":17,"tie":12,"wood_essence":3,"copper_essence":2,"zitanmu":5,"heiyuanshi":4,"jingangmei":3,"paozi":3,"zaozi":3,"air_stone":2} | L7: data/forge_blueprints.yaml:blueprint_key=blueprint_qinglongkui
A8: equip_xiaoweitoukui | B8: 校尉头盔 | C8: 图纸合成 | D8: 头盔 | E8: 5 | F8: 即时合成 | G8: 1 | H8: blueprint_xiaoweitoukie | I8: 校尉头盔图纸 | J8: 铜×27、锡×17、铁×12、木质精华×2、铜质精华×2、铁木×4、黑原石×5、金刚煤×4、凿子×4、大地之石×2 | K8: {"tong":27,"xi":17,"tie":12,"wood_essence":2,"copper_essence":2,"tiemu":4,"heiyuanshi":5,"jingangmei":4,"zaozi":4,"earth_stone":2} | L8: data/forge_blueprints.yaml:blueprint_key=blueprint_xiaoweitoukie
A9: equip_fenglingguan | B9: 凤翎冠 | C9: 图纸合成 | D9: 头盔 | E9: 7 | F9: 即时合成 | G9: 1 | H9: blueprint_fenglingguan | I9: 凤翎冠图纸 | J9: 铜×36、锡×22、铁×17、木质精华×3、铜质精华×4、紫檀木×9、水曲木×6、铁木×3、金刚煤×3、刨子×6、凿子×3、高炉×1、空气之石×3 | K9: {"tong":36,"xi":22,"tie":17,"wood_essence":3,"copper_essence":4,"zitanmu":9,"shuiqumu":6,"tiemu":3,"jingangmei":3,"paozi":6,"zaozi":3,"gaolu":1,"air_stone":3} | L9: data/forge_blueprints.yaml:blueprint_key=blueprint_fenglingguan
A10: equip_qilinkui | B10: 麒麟盔 | C10: 图纸合成 | D10: 头盔 | E10: 9 | F10: 即时合成 | G10: 1 | H10: blueprint_qilinkui | I10: 麒麟盔图纸 | J10: 铜×46、锡×29、铁×22、玄铁精华×2、紫檀木×4、铁木×8、黑原石×9、金刚煤×6、凿子×6、高炉×2、火焰之石×3 | K10: {"tong":46,"xi":29,"tie":22,"xuan_tie_essence":2,"zitanmu":4,"tiemu":8,"heiyuanshi":9,"jingangmei":6,"zaozi":6,"gaolu":2,"fire_stone":3} | L10: data/forge_blueprints.yaml:blueprint_key=blueprint_qilinkui
A11: equip_xuanwukui | B11: 玄武盔 | C11: 图纸合成 | D11: 头盔 | E11: 9 | F11: 即时合成 | G11: 1 | H11: blueprint_xuanwukui | I11: 玄武盔图纸 | J11: 铜×48、锡×32、铁×24、玄铁精华×2、铁木×9、黑原石×11、金刚煤×6、凿子×8、高炉×2、纯水之石×3 | K11: {"tong":48,"xi":32,"tie":24,"xuan_tie_essence":2,"tiemu":9,"heiyuanshi":11,"jingangmei":6,"zaozi":8,"gaolu":2,"water_stone":3} | L11: data/forge_blueprints.yaml:blueprint_key=blueprint_xuanwukui
A12: equip_bupao | B12: 布袍 | C12: 普通锻造 | D12: 护甲 | E12: 1 | F12: 120 | G12: 1 | J12: 铜×5 | K12: {"tong":5} | L12: data/forge_equipment.yaml:equipment.equip_bupao
A13: equip_shengpijia | B13: 生皮甲 | C13: 普通锻造 | D13: 护甲 | E13: 3 | F13: 180 | G13: 1 | J13: 铜×10、锡×5 | K13: {"tong":10,"xi":5} | L13: data/forge_equipment.yaml:equipment.equip_shengpijia
A14: equip_housipao | B14: 厚丝袍 | C14: 普通锻造 | D14: 护甲 | E14: 5 | F14: 240 | G14: 1 | J14: 铁×10 | K14: {"tie":10} | L14: data/forge_equipment.yaml:equipment.equip_housipao
A15: equip_shapijia | B15: 鲨皮甲 | C15: 普通锻造 | D15: 护甲 | E15: 7 | F15: 300 | G15: 1 | J15: 铁×20 | K15: {"tie":20} | L15: data/forge_equipment.yaml:equipment.equip_shapijia
A16: equip_qinglongjia | B16: 青龙甲 | C16: 图纸合成 | D16: 护甲 | E16: 5 | F16: 即时合成 | G16: 1 | H16: blueprint_qinglongjia | I16: 青龙甲图纸 | J16: 铜×36、锡×22、铁×17、木质精华×3、铜质精华×3、紫檀木×4、铁木×6、黑原石×6、金刚煤×4、凿子×5、纯水之石×2、大地之石×2 | K16: {"tong":36,"xi":22,"tie":17,"wood_essence":3,"copper_essence":3,"zitanmu":4,"tiemu":6,"heiyuanshi":6,"jingangmei":4,"zaozi":5,"water_stone":2,"earth_stone":2} | L16: data/forge_blueprints.yaml:blueprint_key=blueprint_qinglongjia
A17: equip_xiaoweikaijia | B17: 校尉铠甲 | C17: 图纸合成 | D17: 护甲 | E17: 5 | F17: 即时合成 | G17: 1 | H17: blueprint_xiaoweikaijia | I17: 校尉铠甲图纸 | J17: 铜×36、锡×22、铁×17、木质精华×2、铜质精华×3、铁木×6、黑原石×9、金刚煤×6、凿子×6、大地之石×3 | K17: {"tong":36,"xi":22,"tie":17,"wood_essence":2,"copper_essence":3,"tiemu":6,"heiyuanshi":9,"jingangmei":6,"zaozi":6,"earth_stone":3} | L17: data/forge_blueprints.yaml:blueprint_key=blueprint_xiaoweikaijia
A18: equip_huxianpao | B18: 狐仙袍 | C18: 图纸合成 | D18: 护甲 | E18: 7 | F18: 即时合成 | G18: 1 | H18: blueprint_huxianpao | I18: 狐仙袍图纸 | J18: 铜×41、锡×27、铁×20、木质精华×4、铜质精华×3、玄铁精华×2、紫檀木×11、水曲木×12、铁木×4、金刚煤×4、刨子×8、凿子×3、高炉×2、纯水之石×3 | K18: {"tong":41,"xi":27,"tie":20,"wood_essence":4,"copper_essence":3,"xuan_tie_essence":2,"zitanmu":11,"shuiqumu":12,"tiemu":4,"jingangmei":4,"paozi":8,"zaozi":3,"gaolu":2,"water_stone":3} | L18: data/forge_blueprints.yaml:blueprint_key=blueprint_huxianpao
A19: equip_qilinjia | B19: 麒麟甲 | C19: 图纸合成 | D19: 护甲 | E19: 9 | F19: 即时合成 | G19: 1 | H19: blueprint_qilinjia | I19: 麒麟甲图纸 | J19: 铜×56、锡×36、铁×29、玄铁精华×3、铁木×12、黑原石×15、金刚煤×10、刨子×3、凿子×10、高炉×3、火焰之石×3、大地之石×3 | K19: {"tong":56,"xi":36,"tie":29,"xuan_tie_essence":3,"tiemu":12,"heiyuanshi":15,"jingangmei":10,"paozi":3,"zaozi":10,"gaolu":3,"fire_stone":3,"earth_stone":3} | L19: data/forge_blueprints.yaml:blueprint_key=blueprint_qilinjia
A20: equip_xuanwujia | B20: 玄武甲 | C20: 图纸合成 | D20: 护甲 | E20: 9 | F20: 即时合成 | G20: 1 | H20: blueprint_xuanwujia | I20: 玄武甲图纸 | J20: 铜×58、锡×39、铁×32、玄铁精华×3、铁木×15、黑原石×17、金刚煤×11、刨子×3、凿子×11、高炉×3、纯水之石×3、大地之石×3 | K20: {"tong":58,"xi":39,"tie":32,"xuan_tie_essence":3,"tiemu":15,"heiyuanshi":17,"jingangmei":11,"paozi":3,"zaozi":11,"gaolu":3,"water_stone":3,"earth_stone":3} | L20: data/forge_blueprints.yaml:blueprint_key=blueprint_xuanwujia
A21: equip_buxie | B21: 布鞋 | C21: 普通锻造 | D21: 鞋子 | E21: 1 | F21: 120 | G21: 1 | J21: 铜×5 | K21: {"tong":5} | L21: data/forge_equipment.yaml:equipment.equip_buxie
A22: equip_yangpixue | B22: 羊皮靴 | C22: 普通锻造 | D22: 鞋子 | E22: 3 | F22: 180 | G22: 1 | J22: 铜×10、锡×5 | K22: {"tong":10,"xi":5} | L22: data/forge_equipment.yaml:equipment.equip_yangpixue
A23: equip_gangpianxue | B23: 钢片靴 | C23: 普通锻造 | D23: 鞋子 | E23: 5 | F23: 240 | G23: 1 | J23: 铁×10 | K23: {"tie":10} | L23: data/forge_equipment.yaml:equipment.equip_gangpianxue
A24: equip_yanyuxue | B24: 燕羽靴 | C24: 普通锻造 | D24: 鞋子 | E24: 7 | F24: 300 | G24: 1 | J24: 铁×20 | K24: {"tie":20} | L24: data/forge_equipment.yaml:equipment.equip_yanyuxue
A25: equip_qinglongxue | B25: 青龙靴 | C25: 图纸合成 | D25: 鞋子 | E25: 5 | F25: 即时合成 | G25: 1 | H25: blueprint_qinglongxue | I25: 青龙靴图纸 | J25: 铜×22、锡×12、铁×10、木质精华×3、铜质精华×2、紫檀木×4、水曲木×9、刨子×5、空气之石×2 | K25: {"tong":22,"xi":12,"tie":10,"wood_essence":3,"copper_essence":2,"zitanmu":4,"shuiqumu":9,"paozi":5,"air_stone":2} | L25: data/forge_blueprints.yaml:blueprint_key=blueprint_qinglongxue
A26: equip_xiaoweichangxue | B26: 校尉长靴 | C26: 图纸合成 | D26: 鞋子 | E26: 5 | F26: 即时合成 | G26: 1 | H26: blueprint_xiaoweichangxue | I26: 校尉长靴图纸 | J26: 铜×22、锡×12、铁×10、木质精华×2、铜质精华×2、水曲木×8、铁木×4、刨子×5、空气之石×2 | K26: {"tong":22,"xi":12,"tie":10,"wood_essence":2,"copper_essence":2,"shuiqumu":8,"tiemu":4,"paozi":5,"air_stone":2} | L26: data/forge_blueprints.yaml:blueprint_key=blueprint_xiaoweichangxue
A27: equip_huxianxie | B27: 狐仙鞋 | C27: 图纸合成 | D27: 鞋子 | E27: 7 | F27: 即时合成 | G27: 1 | H27: blueprint_huxianxie | I27: 狐仙鞋图纸 | J27: 铜×32、锡×20、铁×15、木质精华×3、铜质精华×3、玄铁精华×2、紫檀木×6、水曲木×12、铁木×3、金刚煤×2、刨子×8、凿子×2、高炉×1、空气之石×3 | K27: {"tong":32,"xi":20,"tie":15,"wood_essence":3,"copper_essence":3,"xuan_tie_essence":2,"zitanmu":6,"shuiqumu":12,"tiemu":3,"jingangmei":2,"paozi":8,"zaozi":2,"gaolu":1,"air_stone":3} | L27: data/forge_blueprints.yaml:blueprint_key=blueprint_huxianxie
A28: equip_qilinxue | B28: 麒麟靴 | C28: 图纸合成 | D28: 鞋子 | E28: 9 | F28: 即时合成 | G28: 1 | H28: blueprint_qilinxue | I28: 麒麟靴图纸 | J28: 铜×36、锡×22、铁×17、玄铁精华×2、水曲木×10、铁木×6、金刚煤×4、刨子×6、凿子×3、高炉×1、火焰之石×2、空气之石×2 | K28: {"tong":36,"xi":22,"tie":17,"xuan_tie_essence":2,"shuiqumu":10,"tiemu":6,"jingangmei":4,"paozi":6,"zaozi":3,"gaolu":1,"fire_stone":2,"air_stone":2} | L28: data/forge_blueprints.yaml:blueprint_key=blueprint_qilinxue
A29: equip_xuanwuxue | B29: 玄武靴 | C29: 图纸合成 | D29: 鞋子 | E29: 9 | F29: 即时合成 | G29: 1 | H29: blueprint_xuanwuxue | I29: 玄武靴图纸 | J29: 铜×39、锡×24、铁×20、玄铁精华×2、水曲木×8、铁木×9、黑原石×5、金刚煤×4、刨子×5、凿子×4、高炉×1、大地之石×3 | K29: {"tong":39,"xi":24,"tie":20,"xuan_tie_essence":2,"shuiqumu":8,"tiemu":9,"heiyuanshi":5,"jingangmei":4,"paozi":5,"zaozi":4,"gaolu":1,"earth_stone":3} | L29: data/forge_blueprints.yaml:blueprint_key=blueprint_xuanwuxue
A30: equip_dakandao | B30: 大砍刀 | C30: 普通锻造 | D30: 刀 | E30: 3 | F30: 180 | G30: 1 | J30: 铜×10、锡×5 | K30: {"tong":10,"xi":5} | L30: data/forge_equipment.yaml:equipment.equip_dakandao
A31: equip_duandao | B31: 短刀 | C31: 普通锻造 | D31: 刀 | E31: 1 | F31: 120 | G31: 1 | J31: 铜×5 | K31: {"tong":5} | L31: data/forge_equipment.yaml:equipment.equip_duandao
A32: equip_changjian | B32: 长剑 | C32: 普通锻造 | D32: 剑 | E32: 3 | F32: 180 | G32: 1 | J32: 铜×10、锡×5 | K32: {"tong":10,"xi":5} | L32: data/forge_equipment.yaml:equipment.equip_changjian
A33: equip_duanjian | B33: 短剑 | C33: 普通锻造 | D33: 剑 | E33: 1 | F33: 120 | G33: 1 | J33: 铜×5 | K33: {"tong":5} | L33: data/forge_equipment.yaml:equipment.equip_duanjian
A34: equip_changgong | B34: 长弓 | C34: 普通锻造 | D34: 弓 | E34: 1 | F34: 120 | G34: 1 | J34: 铜×5 | K34: {"tong":5} | L34: data/forge_equipment.yaml:equipment.equip_changgong
A35: equip_fanqugong | B35: 反曲弓 | C35: 普通锻造 | D35: 弓 | E35: 3 | F35: 180 | G35: 1 | J35: 铜×10、锡×5 | K35: {"tong":10,"xi":5} | L35: data/forge_equipment.yaml:equipment.equip_fanqugong
A36: equip_baoweiqiang | B36: 豹尾枪 | C36: 普通锻造 | D36: 枪 | E36: 3 | F36: 180 | G36: 1 | J36: 铜×10、锡×5 | K36: {"tong":10,"xi":5} | L36: data/forge_equipment.yaml:equipment.equip_baoweiqiang
A37: equip_changqiang | B37: 长枪 | C37: 普通锻造 | D37: 枪 | E37: 1 | F37: 120 | G37: 1 | J37: 铜×5 | K37: {"tong":5} | L37: data/forge_equipment.yaml:equipment.equip_changqiang
A38: equip_changbian | B38: 长鞭 | C38: 普通锻造 | D38: 鞭 | E38: 1 | F38: 120 | G38: 1 | J38: 铜×5 | K38: {"tong":5} | L38: data/forge_equipment.yaml:equipment.equip_changbian
A39: equip_niupibian | B39: 牛皮鞭 | C39: 普通锻造 | D39: 鞭 | E39: 3 | F39: 180 | G39: 1 | J39: 铜×10、锡×5 | K39: {"tong":10,"xi":5} | L39: data/forge_equipment.yaml:equipment.equip_niupibian
A40: equip_jingtiedao | B40: 精铁刀 | C40: 普通锻造 | D40: 刀 | E40: 7 | F40: 300 | G40: 1 | J40: 铁×20 | K40: {"tie":20} | L40: data/forge_equipment.yaml:equipment.equip_jingtiedao
A41: equip_tongchangdao | B41: 铜长刀 | C41: 普通锻造 | D41: 刀 | E41: 5 | F41: 240 | G41: 1 | J41: 铁×10 | K41: {"tie":10} | L41: data/forge_equipment.yaml:equipment.equip_tongchangdao
... A50: equip_mingshejiebian | B50: 冥蛇节鞭 | C50: 普通锻造 | D50: 鞭 | E50: 9 | F50: 360 | G50: 1 | J50: 铁×30 | K50: {"tie":30} | L50: data/forge_equipment.yaml:equipment.equip_mingshejiebian
A51: equip_qinglongdao | B51: 青龙刀 | C51: 图纸合成 | D51: 武器 | E51: 5 | F51: 即时合成 | G51: 1 | H51: blueprint_qinglongdao | I51: 青龙刀图纸 | J51: 铜×32、锡×20、铁×15、木质精华×3、铜质精华×3、紫檀木×4、铁木×5、黑原石×6、金刚煤×5、凿子×4、空气之石×2、纯水之石×2 | K51: {"tong":32,"xi":20,"tie":15,"wood_essence":3,"copper_essence":3,"zitanmu":4,"tiemu":5,"heiyuanshi":6,"jingangmei":5,"zaozi":4,"air_stone":2,"water_stone":2} | L51: data/forge_blueprints.yaml:blueprint_key=blueprint_qinglongdao
A52: equip_xiaoweichangjian | B52: 校尉长剑 | C52: 图纸合成 | D52: 武器 | E52: 5 | F52: 即时合成 | G52: 1 | H52: blueprint_xiaoweichangjian | I52: 校尉长剑图纸 | J52: 铜×32、锡×20、铁×15、木质精华×2、铜质精华×3、铁木×5、黑原石×8、金刚煤×5、凿子×5、火焰之石×2 | K52: {"tong":32,"xi":20,"tie":15,"wood_essence":2,"copper_essence":3,"tiemu":5,"heiyuanshi":8,"jingangmei":5,"zaozi":5,"fire_stone":2} | L52: data/forge_blueprints.yaml:blueprint_key=blueprint_xiaoweichangjian
A53: equip_fenglingshan | B53: 凤翎扇 | C53: 图纸合成 | D53: 武器 | E53: 7 | F53: 即时合成 | G53: 1 | H53: blueprint_fenglingshan | I53: 凤翎扇图纸 | J53: 铜×41、锡×24、铁×20、木质精华×3、铜质精华×4、紫檀木×11、水曲木×10、铁木×3、金刚煤×3、刨子×9、凿子×3、高炉×1、空气之石×3、纯水之石×2 | K53: {"tong":41,"xi":24,"tie":20,"wood_essence":3,"copper_essence":4,"zitanmu":11,"shuiqumu":10,"tiemu":3,"jingangmei":3,"paozi":9,"zaozi":3,"gaolu":1,"air_stone":3,"water_stone":2} | L53: data/forge_blueprints.yaml:blueprint_key=blueprint_fenglingshan
A54: equip_huxianjian | B54: 狐仙剑 | C54: 图纸合成 | D54: 武器 | E54: 7 | F54: 即时合成 | G54: 1 | H54: blueprint_huxianjian | I54: 狐仙剑图纸 | J54: 铜×39、锡×24、铁×20、木质精华×3、铜质精华×3、玄铁精华×2、紫檀木×6、铁木×6、黑原石×10、金刚煤×8、刨子×3、凿子×6、高炉×2、空气之石×2、纯水之石×3 | K54: {"tong":39,"xi":24,"tie":20,"wood_essence":3,"copper_essence":3,"xuan_tie_essence":2,"zitanmu":6,"tiemu":6,"heiyuanshi":10,"jingangmei":8,"paozi":3,"zaozi":6,"gaolu":2,"air_stone":2,"water_stone":3} | L54: data/forge_blueprints.yaml:blueprint_key=blueprint_huxianjian
A55: equip_qilindao | B55: 麒麟刀 | C55: 图纸合成 | D55: 武器 | E55: 9 | F55: 即时合成 | G55: 1 | H55: blueprint_qilindao | I55: 麒麟刀图纸 | J55: 铜×51、锡×32、铁×24、玄铁精华×3、铁木×10、黑原石×12、金刚煤×9、刨子×3、凿子×8、高炉×2、火焰之石×4 | K55: {"tong":51,"xi":32,"tie":24,"xuan_tie_essence":3,"tiemu":10,"heiyuanshi":12,"jingangmei":9,"paozi":3,"zaozi":8,"gaolu":2,"fire_stone":4} | L55: data/forge_blueprints.yaml:blueprint_key=blueprint_qilindao
A56: equip_xuanwuchui | B56: 玄武锤 | C56: 图纸合成 | D56: 武器 | E56: 9 | F56: 即时合成 | G56: 1 | H56: blueprint_xuanwuchui | I56: 玄武锤图纸 | J56: 铜×53、锡×34、铁×27、玄铁精华×3、铁木×12、黑原石×15、金刚煤×11、刨子×3、凿子×10、高炉×3、纯水之石×2、大地之石×3、火焰之石×2 | K56: {"tong":53,"xi":34,"tie":27,"xuan_tie_essence":3,"tiemu":12,"heiyuanshi":15,"jingangmei":11,"paozi":3,"zaozi":10,"gaolu":3,"water_stone":2,"earth_stone":3,"fire_stone":2} | L56: data/forge_blueprints.yaml:blueprint_key=blueprint_xuanwuchui
A57: equip_huangbiaoma | B57: 黄膘马 | C57: 马厩养马 | D57: 坐骑 | E57: 3 | F57: 180 | G57: 1 | J57: 粮食×800 | K57: {"grain":800} | L57: data/stable_production.yaml:production.equip_huangbiaoma
A58: equip_zaohongma | B58: 枣红马 | C58: 马厩养马 | D58: 坐骑 | E58: 1 | F58: 120 | G58: 1 | J58: 粮食×500 | K58: {"grain":500} | L58: data/stable_production.yaml:production.equip_zaohongma
A59: equip_dawanma | B59: 大宛马 | C59: 马厩养马 | D59: 坐骑 | E59: 5 | F59: 240 | G59: 1 | J59: 粮食×1200 | K59: {"grain":1200} | L59: data/stable_production.yaml:production.equip_dawanma
A60: equip_fenghuangyu | B60: 凤凰羽 | C60: 图纸合成 | D60: 饰品 | E60: 7 | F60: 即时合成 | G60: 1 | H60: blueprint_fenghuangyu | I60: 凤凰羽图纸 | J60: 铜×29、锡×17、铁×12、木质精华×4、铜质精华×4、紫檀木×10、水曲木×11、金刚煤×2、刨子×8、凿子×2、高炉×1、空气之石×3、纯水之石×2 | K60: {"tong":29,"xi":17,"tie":12,"wood_essence":4,"copper_essence":4,"zitanmu":10,"shuiqumu":11,"jingangmei":2,"paozi":8,"zaozi":2,"gaolu":1,"air_stone":3,"water_stone":2} | L60: data/forge_blueprints.yaml:blueprint_key=blueprint_fenghuangyu
A61: equip_tongchanjiguan | B61: 铜蝉机关 | C61: 图纸合成 | D61: 器械 | E61: 6 | F61: 即时合成 | G61: 1 | H61: blueprint_tongchanjiguan | I61: 铜蝉机关图纸 | J61: 铜×36、锡×24、铁×20、木质精华×2、铜质精华×3、紫檀木×3、水曲木×5、黑原石×3、金刚煤×2、刨子×3、凿子×4、纯水之石×2 | K61: {"tong":36,"xi":24,"tie":20,"wood_essence":2,"copper_essence":3,"zitanmu":3,"shuiqumu":5,"heiyuanshi":3,"jingangmei":2,"paozi":3,"zaozi":4,"water_stone":2} | L61: data/forge_blueprints.yaml:blueprint_key=blueprint_tongchanjiguan
A62: equip_xiaoxingjiguanshu | B62: 小型机关鼠 | C62: 图纸合成 | D62: 器械 | E62: 6 | F62: 即时合成 | G62: 1 | H62: blueprint_xiaoxingjiguanshu | I62: 小型机关鼠图纸 | J62: 铜×34、锡×22、铁×17、木质精华×3、铜质精华×2、水曲木×8、铁木×3、金刚煤×2、刨子×4、凿子×3、空气之石×2 | K62: {"tong":34,"xi":22,"tie":17,"wood_essence":3,"copper_essence":2,"shuiqumu":8,"tiemu":3,"jingangmei":2,"paozi":4,"zaozi":3,"air_stone":2} | L62: data/forge_blueprints.yaml:blueprint_key=blueprint_xiaoxingjiguanshu
A63: equip_jiguanchuniao | B63: 机关雏鸟 | C63: 图纸合成 | D63: 器械 | E63: 8 | F63: 即时合成 | G63: 1 | H63: blueprint_jiguanchuniao | I63: 机关雏鸟图纸 | J63: 铜×51、锡×34、铁×24、木质精华×3、铜质精华×3、玄铁精华×2、紫檀木×4、水曲木×8、铁木×3、黑原石×4、金刚煤×3、刨子×5、凿子×3、空气之石×2、纯水之石×2 | K63: {"tong":51,"xi":34,"tie":24,"wood_essence":3,"copper_essence":3,"xuan_tie_essence":2,"zitanmu":4,"shuiqumu":8,"tiemu":3,"heiyuanshi":4,"jingangmei":3,"paozi":5,"zaozi":3,"air_stone":2,"water_stone":2} | L63: data/forge_blueprints.yaml:blueprint_key=blueprint_jiguanchuniao
A64: equip_jixiemao | B64: 机械猫 | C64: 图纸合成 | D64: 器械 | E64: 8 | F64: 即时合成 | G64: 1 | H64: blueprint_jixiemao | I64: 机械猫图纸 | J64: 铜×48、锡×32、铁×24、木质精华×3、铜质精华×3、玄铁精华×2、紫檀木×4、铁木×6、黑原石×6、金刚煤×4、刨子×4、凿子×4、空气之石×2 | K64: {"tong":48,"xi":32,"tie":24,"wood_essence":3,"copper_essence":3,"xuan_tie_essence":2,"zitanmu":4,"tiemu":6,"heiyuanshi":6,"jingangmei":4,"paozi":4,"zaozi":4,"air_stone":2} | L64: data/forge_blueprints.yaml:blueprint_key=blueprint_jixiemao
A65: equip_kuileimuren | B65: 傀儡木人 | C65: 图纸合成 | D65: 器械 | E65: 8 | F65: 即时合成 | G65: 1 | H65: blueprint_kuileimuren | I65: 傀儡木人图纸 | J65: 铜×53、锡×36、铁×29、木质精华×3、铜质精华×4、玄铁精华×2、水曲木×6、铁木×10、黑原石×3、金刚煤×4、刨子×6、凿子×4、大地之石×3 | K65: {"tong":53,"xi":36,"tie":29,"wood_essence":3,"copper_essence":4,"xuan_tie_essence":2,"shuiqumu":6,"tiemu":10,"heiyuanshi":3,"jingangmei":4,"paozi":6,"zaozi":4,"earth_stone":3} | L65: data/forge_blueprints.yaml:blueprint_key=blueprint_kuileimuren
A66: equip_qingji | B66: 庆忌 | C66: 图纸合成 | D66: 器械 | E66: 8 | F66: 即时合成 | G66: 1 | H66: blueprint_qingji | I66: 庆忌图纸 | J66: 铜×46、锡×29、铁×22、木质精华×3、铜质精华×3、玄铁精华×2、紫檀木×6、铁木×3、黑原石×6、金刚煤×4、刨子×3、凿子×5、空气之石×2 | K66: {"tong":46,"xi":29,"tie":22,"wood_essence":3,"copper_essence":3,"xuan_tie_essence":2,"zitanmu":6,"tiemu":3,"heiyuanshi":6,"jingangmei":4,"paozi":3,"zaozi":5,"air_stone":2} | L66: data/forge_blueprints.yaml:blueprint_key=blueprint_qingji
A67: equip_jiguanxiong | B67: 机关熊 | C67: 图纸合成 | D67: 器械 | E67: 10 | F67: 即时合成 | G67: 1 | H67: blueprint_jiguanxiong | I67: 机关熊图纸 | J67: 铜×68、锡×46、铁×36、木质精华×3、铜质精华×4、玄铁精华×3、紫檀木×4、铁木×15、黑原石×12、金刚煤×10、刨子×8、凿子×9、高炉×3、大地之石×3、火焰之石×2 | K67: {"tong":68,"xi":46,"tie":36,"wood_essence":3,"copper_essence":4,"xuan_tie_essence":3,"zitanmu":4,"tiemu":15,"heiyuanshi":12,"jingangmei":10,"paozi":8,"zaozi":9,"gaolu":3,"earth_stone":3,"fire_stone":2} | L67: data/forge_blueprints.yaml:blueprint_key=blueprint_jiguanxiong
A68: equip_kuileiren | B68: 傀儡人 | C68: 图纸合成 | D68: 器械 | E68: 10 | F68: 即时合成 | G68: 1 | H68: blueprint_kuileiren | I68: 傀儡人图纸 | J68: 铜×70、锡×46、铁×36、木质精华×3、铜质精华×4、玄铁精华×3、紫檀木×6、水曲木×5、铁木×16、黑原石×12、金刚煤×9、刨子×9、凿子×11、高炉×3、大地之石×3、空气之石×2 | K68: {"tong":70,"xi":46,"tie":36,"wood_essence":3,"copper_essence":4,"xuan_tie_essence":3,"zitanmu":6,"shuiqumu":5,"tiemu":16,"heiyuanshi":12,"jingangmei":9,"paozi":9,"zaozi":11,"gaolu":3,"earth_stone":3,"air_stone":2} | L68: data/forge_blueprints.yaml:blueprint_key=blueprint_kuileiren
A69: equip_muniuliuma | B69: 木牛流马 | C69: 图纸合成 | D69: 器械 | E69: 10 | F69: 即时合成 | G69: 1 | H69: blueprint_muniuliuma | I69: 木牛流马图纸 | J69: 铜×65、锡×44、铁×34、木质精华×4、铜质精华×4、玄铁精华×3、紫檀木×8、水曲木×12、铁木×17、黑原石×5、金刚煤×8、刨子×11、凿子×8、高炉×3、大地之石×3、纯水之石×2 | K69: {"tong":65,"xi":44,"tie":34,"wood_essence":4,"copper_essence":4,"xuan_tie_essence":3,"zitanmu":8,"shuiqumu":12,"tiemu":17,"heiyuanshi":5,"jingangmei":8,"paozi":11,"zaozi":8,"gaolu":3,"earth_stone":3,"water_stone":2} | L69: data/forge_blueprints.yaml:blueprint_key=blueprint_muniuliuma
A70: equip_taotieding | B70: 饕餮鼎 | C70: 图纸合成 | D70: 器械 | E70: 10 | F70: 即时合成 | G70: 1 | H70: blueprint_taotieding | I70: 饕餮鼎图纸 | J70: 铜×72、锡×48、铁×39、木质精华×3、铜质精华×4、玄铁精华×3、铁木×12、黑原石×18、金刚煤×15、刨子×3、凿子×12、高炉×4、纯水之石×2、大地之石×3、火焰之石×3 | K70: {"tong":72,"xi":48,"tie":39,"wood_essence":3,"copper_essence":4,"xuan_tie_essence":3,"tiemu":12,"heiyuanshi":18,"jingangmei":15,"paozi":3,"zaozi":12,"gaolu":4,"water_stone":2,"earth_stone":3,"fire_stone":3} | L70: data/forge_blueprints.yaml:blueprint_key=blueprint_taotieding
A71: equip_xuanwujigui | B71: 玄武机龟 | C71: 图纸合成 | D71: 器械 | E71: 10 | F71: 即时合成 | G71: 1 | H71: blueprint_xuanwujigui | I71: 玄武机龟图纸 | J71: 铜×75、锡×51、铁×41、木质精华×3、铜质精华×4、玄铁精华×3、紫檀木×3、铁木×14、黑原石×17、金刚煤×11、刨子×5、凿子×11、高炉×4、纯水之石×3、大地之石×3 | K71: {"tong":75,"xi":51,"tie":41,"wood_essence":3,"copper_essence":4,"xuan_tie_essence":3,"zitanmu":3,"tiemu":14,"heiyuanshi":17,"jingangmei":11,"paozi":5,"zaozi":11,"gaolu":4,"water_stone":3,"earth_stone":3} | L71: data/forge_blueprints.yaml:blueprint_key=blueprint_xuanwujigui
... A74: equip_mojiajiguanren | B74: 墨家机关人 | C74: 图纸合成 | D74: 器械 | E74: 10 | F74: 即时合成 | G74: 1 | H74: blueprint_mojiajiguanren | I74: 墨家机关人图纸 | J74: 铜×116、锡×77、铁×63、玄铁精华×5、紫檀木×15、水曲木×10、铁木×27、黑原石×29、金刚煤×27、刨子×12、凿子×20、高炉×10、大地之石×3、火焰之石×3、纯水之石×3 | K74: {"tong":116,"xi":77,"tie":63,"xuan_tie_essence":5,"zitanmu":15,"shuiqumu":10,"tiemu":27,"heiyuanshi":29,"jingangmei":27,"paozi":12,"zaozi":20,"gaolu":10,"earth_stone":3,"fire_stone":3,"water_stone":3} | L74: data/forge_blueprints.yaml:blueprint_key=blueprint_mojiajiguanren

Sheet 获取途径
A1: 装备key | B1: 装备名称 | C1: 获取方式 | D1: 条件与配置明细 | E1: 数据来源
A2: equip_bumao | B2: 布帽 | C2: 铁匠铺直接锻造 | D2: 锻造技1级；基础时长120秒（实际受时间缩放和建筑速度影响）；每件材料：铜(tong)×5 | E2: data/forge_equipment.yaml
A3: equip_caomao | B3: 斗笠 | C3: 宝箱随机装备 | D3: 持有打工宝箱（小）（work_chest_small）后开启；装备池概率10%；该装备概率0.526316%；数量1；宝箱来源：打工奖励：初级打工完成后领取1个宝箱 | E3: data/item_templates.yaml；gameplay/services/work.py
A4: equip_caomao | B4: 斗笠 | C4: 宝箱随机装备 | D4: 持有打工宝箱（中）（work_chest_medium）后开启；装备池概率10%；该装备概率0.333333%；数量1；宝箱来源：打工奖励：中级打工完成后领取1个宝箱 | E4: data/item_templates.yaml；gameplay/services/work.py
A5: equip_caomao | B5: 斗笠 | C5: 宝箱随机装备 | D5: 持有打工宝箱（大）（work_chest_large）后开启；装备池概率20%；该装备概率0.526316%；数量1；宝箱来源：打工奖励：高级打工完成后领取1个宝箱 | E5: data/item_templates.yaml；gameplay/services/work.py
A6: equip_niupimao | B6: 牛皮帽 | C6: 铁匠铺直接锻造 | D6: 锻造技3级；基础时长180秒（实际受时间缩放和建筑速度影响）；每件材料：铜(tong)×10、锡(xi)×5 | E6: data/forge_equipment.yaml
A7: equip_zhubiankui | B7: 竹编盔 | C7: 宝箱随机装备 | D7: 持有打工宝箱（小）（work_chest_small）后开启；装备池概率10%；该装备概率0.526316%；数量1；宝箱来源：打工奖励：初级打工完成后领取1个宝箱 | E7: data/item_templates.yaml；gameplay/services/work.py
A8: equip_zhubiankui | B8: 竹编盔 | C8: 宝箱随机装备 | D8: 持有打工宝箱（中）（work_chest_medium）后开启；装备池概率10%；该装备概率0.333333%；数量1；宝箱来源：打工奖励：中级打工完成后领取1个宝箱 | E8: data/item_templates.yaml；gameplay/services/work.py
A9: equip_zhubiankui | B9: 竹编盔 | C9: 宝箱随机装备 | D9: 持有打工宝箱（大）（work_chest_large）后开启；装备池概率20%；该装备概率0.526316%；数量1；宝箱来源：打工奖励：高级打工完成后领取1个宝箱 | E9: data/item_templates.yaml；gameplay/services/work.py
A10: equip_baihongkui | B10: 白虹盔 | C10: 商铺购买 | D10: 购买价22500银两/件；库存不限量；每日刷新否 | E10: data/shop_items.yaml
A11: equip_baihongkui | B11: 白虹盔 | C11: 宝箱随机装备 | D11: 持有打工宝箱（大）（work_chest_large）后开启；装备池概率20%；该装备概率0.526316%；数量1；宝箱来源：打工奖励：高级打工完成后领取1个宝箱 | E11: data/item_templates.yaml；gameplay/services/work.py
A12: equip_baihongkui | B12: 白虹盔 | C12: 宝箱随机装备 | D12: 持有帮会精制护院箱（guild_guard_box_refined）后开启；装备池概率100%；该装备概率14%；数量1；宝箱来源：帮会仓库兑换：帮会科技guard；解锁等级7；配置等级7,8,9,10；贡献兑换价[320]；每周个人兑换上限[1]；各科技等级每日产量7级×1,8级×2,9级×1,10级×1 | E12: data/item_templates.yaml；data/warehouse_production.yaml
... A574: equip_tianjiguan | B574: 天机冠 | C574: 任务宝箱装备 | D574: 任务：飞将浮沉录：白门楼命运抉择（baimenlou_mingyun_jueze）；胜利得白门楼宝箱×1，在仓库开启；组概率35.000000%，权重1/2，单项概率17.500000%，数量1—1 | E574: data/item_templates.yaml:mission_chest_v3_baimenlou_mingyun_jueze.effect_payload

Sheet 获取途径待核实
A1: 装备key | B1: 装备名称 | C1: 装备类型 | D1: 稀有度 | E1: 核对结果 | F1: 模板来源
A2: equip_tatianxue | B2: 踏天靴 | C2: 鞋子 | D2: 传说/橙 | E2: 当前主要配置未发现获取途径；不代表数据库或活动中绝对无法获得。 | F2: data/item_templates.yaml:L4714
A3: equip_wujixingxue | B3: 无极行靴 | C3: 鞋子 | D3: 传说/橙 | E3: 当前主要配置未发现获取途径；不代表数据库或活动中绝对无法获得。 | F3: data/item_templates.yaml:L4745
A4: equip_businiaoyu | B4: 不死鸟羽 | C4: 饰品 | D4: 传说/橙 | E4: 当前主要配置未发现获取途径；不代表数据库或活动中绝对无法获得。 | F4: data/item_templates.yaml:L6395
A5: equip_heshibi | B5: 和氏璧 | C5: 饰品 | D5: 传说/橙 | E5: 当前主要配置未发现获取途径；不代表数据库或活动中绝对无法获得。 | F5: data/item_templates.yaml:L6346
A6: equip_qiankunzhu | B6: 乾坤珠 | C6: 饰品 | D6: 传说/橙 | E6: 当前主要配置未发现获取途径；不代表数据库或活动中绝对无法获得。 | F6: data/item_templates.yaml:L6378

Sheet 装备分解
A1: 稀有度代码 | B1: 稀有度 | C1: 奖励类型 | D1: 材料key | E1: 材料名称 | F1: 最少数量 | G1: 最多数量 | H1: 获得概率 | I1: 数据来源
A2: green | B2: 优秀/绿 | C2: 每件必得区间 | D2: tong | E2: 铜 | F2: 2 | G2: 5 | I2: data/forge_decompose.yaml:base_materials.green.tong
A3: green | B3: 优秀/绿 | C3: 每件必得区间 | D3: xi | E3: 锡 | F3: 1 | G3: 3 | I3: data/forge_decompose.yaml:base_materials.green.xi
A4: green | B4: 优秀/绿 | C4: 每件必得区间 | D4: tie | E4: 铁 | F4: 1 | G4: 2 | I4: data/forge_decompose.yaml:base_materials.green.tie
A5: green | B5: 优秀/绿 | C5: 概率奖励 | D5: wood_essence | E5: 木质精华 | H5: 0.75 | I5: data/forge_decompose.yaml:chance_rewards.green.wood_essence
A6: green | B6: 优秀/绿 | C6: 概率奖励 | D6: copper_essence | E6: 铜质精华 | H6: 0.25 | I6: data/forge_decompose.yaml:chance_rewards.green.copper_essence
A7: green | B7: 优秀/绿 | C7: 概率奖励 | D7: shuiqumu | E7: 水曲木 | H7: 0.25 | I7: data/forge_decompose.yaml:chance_rewards.green.shuiqumu
A8: green | B8: 优秀/绿 | C8: 概率奖励 | D8: paozi | E8: 刨子 | H8: 0.12 | I8: data/forge_decompose.yaml:chance_rewards.green.paozi
A9: green | B9: 优秀/绿 | C9: 概率奖励 | D9: zaozi | E9: 凿子 | H9: 0.12 | I9: data/forge_decompose.yaml:chance_rewards.green.zaozi
A10: green | B10: 优秀/绿 | C10: 概率奖励 | D10: tiemu | E10: 铁木 | H10: 0.06 | I10: data/forge_decompose.yaml:chance_rewards.green.tiemu
A11: green | B11: 优秀/绿 | C11: 概率奖励 | D11: zitanmu | E11: 紫檀木 | H11: 0.05 | I11: data/forge_decompose.yaml:chance_rewards.green.zitanmu
A12: green | B12: 优秀/绿 | C12: 概率奖励 | D12: heiyuanshi | E12: 黑原石 | H12: 0.06 | I12: data/forge_decompose.yaml:chance_rewards.green.heiyuanshi
A13: green | B13: 优秀/绿 | C13: 概率奖励 | D13: jingangmei | E13: 金刚煤 | H13: 0.04 | I13: data/forge_decompose.yaml:chance_rewards.green.jingangmei
A14: blue | B14: 稀有/蓝 | C14: 每件必得区间 | D14: tong | E14: 铜 | F14: 4 | G14: 8 | I14: data/forge_decompose.yaml:base_materials.blue.tong
A15: blue | B15: 稀有/蓝 | C15: 每件必得区间 | D15: xi | E15: 锡 | F15: 2 | G15: 5 | I15: data/forge_decompose.yaml:base_materials.blue.xi
A16: blue | B16: 稀有/蓝 | C16: 每件必得区间 | D16: tie | E16: 铁 | F16: 1 | G16: 3 | I16: data/forge_decompose.yaml:base_materials.blue.tie
A17: blue | B17: 稀有/蓝 | C17: 概率奖励 | D17: wood_essence | E17: 木质精华 | H17: 0.8 | I17: data/forge_decompose.yaml:chance_rewards.blue.wood_essence
A18: blue | B18: 稀有/蓝 | C18: 概率奖励 | D18: copper_essence | E18: 铜质精华 | H18: 0.75 | I18: data/forge_decompose.yaml:chance_rewards.blue.copper_essence
A19: blue | B19: 稀有/蓝 | C19: 概率奖励 | D19: iron_essence | E19: 铁质精华 | H19: 0.5 | I19: data/forge_decompose.yaml:chance_rewards.blue.iron_essence
A20: blue | B20: 稀有/蓝 | C20: 概率奖励 | D20: xuan_tie_essence | E20: 玄铁精华 | H20: 0.25 | I20: data/forge_decompose.yaml:chance_rewards.blue.xuan_tie_essence
A21: blue | B21: 稀有/蓝 | C21: 概率奖励 | D21: air_stone | E21: 空气之石 | H21: 0.12 | I21: data/forge_decompose.yaml:chance_rewards.blue.air_stone
A22: blue | B22: 稀有/蓝 | C22: 概率奖励 | D22: fire_stone | E22: 火焰之石 | H22: 0.12 | I22: data/forge_decompose.yaml:chance_rewards.blue.fire_stone
A23: blue | B23: 稀有/蓝 | C23: 概率奖励 | D23: earth_stone | E23: 大地之石 | H23: 0.12 | I23: data/forge_decompose.yaml:chance_rewards.blue.earth_stone
A24: blue | B24: 稀有/蓝 | C24: 概率奖励 | D24: water_stone | E24: 纯水之石 | H24: 0.12 | I24: data/forge_decompose.yaml:chance_rewards.blue.water_stone
A25: blue | B25: 稀有/蓝 | C25: 概率奖励 | D25: shuiqumu | E25: 水曲木 | H25: 0.35 | I25: data/forge_decompose.yaml:chance_rewards.blue.shuiqumu
A26: blue | B26: 稀有/蓝 | C26: 概率奖励 | D26: paozi | E26: 刨子 | H26: 0.2 | I26: data/forge_decompose.yaml:chance_rewards.blue.paozi
A27: blue | B27: 稀有/蓝 | C27: 概率奖励 | D27: zaozi | E27: 凿子 | H27: 0.2 | I27: data/forge_decompose.yaml:chance_rewards.blue.zaozi
A28: blue | B28: 稀有/蓝 | C28: 概率奖励 | D28: tiemu | E28: 铁木 | H28: 0.14 | I28: data/forge_decompose.yaml:chance_rewards.blue.tiemu
... A32: blue | B32: 稀有/蓝 | C32: 概率奖励 | D32: gaolu | E32: 高炉 | H32: 0.05 | I32: data/forge_decompose.yaml:chance_rewards.blue.gaolu
A33: purple | B33: 史诗/紫 | C33: 每件必得区间 | D33: tong | E33: 铜 | F33: 6 | G33: 12 | I33: data/forge_decompose.yaml:base_materials.purple.tong
A34: purple | B34: 史诗/紫 | C34: 每件必得区间 | D34: xi | E34: 锡 | F34: 4 | G34: 8 | I34: data/forge_decompose.yaml:base_materials.purple.xi
A35: purple | B35: 史诗/紫 | C35: 每件必得区间 | D35: tie | E35: 铁 | F35: 2 | G35: 5 | I35: data/forge_decompose.yaml:base_materials.purple.tie
A36: purple | B36: 史诗/紫 | C36: 概率奖励 | D36: wood_essence | E36: 木质精华 | H36: 0.88 | I36: data/forge_decompose.yaml:chance_rewards.purple.wood_essence
A37: purple | B37: 史诗/紫 | C37: 概率奖励 | D37: copper_essence | E37: 铜质精华 | H37: 0.88 | I37: data/forge_decompose.yaml:chance_rewards.purple.copper_essence
A38: purple | B38: 史诗/紫 | C38: 概率奖励 | D38: xuan_tie_essence | E38: 玄铁精华 | H38: 0.4 | I38: data/forge_decompose.yaml:chance_rewards.purple.xuan_tie_essence
A39: purple | B39: 史诗/紫 | C39: 概率奖励 | D39: air_stone | E39: 空气之石 | H39: 0.22 | I39: data/forge_decompose.yaml:chance_rewards.purple.air_stone
A40: purple | B40: 史诗/紫 | C40: 概率奖励 | D40: fire_stone | E40: 火焰之石 | H40: 0.22 | I40: data/forge_decompose.yaml:chance_rewards.purple.fire_stone
A41: purple | B41: 史诗/紫 | C41: 概率奖励 | D41: earth_stone | E41: 大地之石 | H41: 0.22 | I41: data/forge_decompose.yaml:chance_rewards.purple.earth_stone
A42: purple | B42: 史诗/紫 | C42: 概率奖励 | D42: water_stone | E42: 纯水之石 | H42: 0.22 | I42: data/forge_decompose.yaml:chance_rewards.purple.water_stone
A43: purple | B43: 史诗/紫 | C43: 概率奖励 | D43: shuiqumu | E43: 水曲木 | H43: 0.5 | I43: data/forge_decompose.yaml:chance_rewards.purple.shuiqumu
A44: purple | B44: 史诗/紫 | C44: 概率奖励 | D44: paozi | E44: 刨子 | H44: 0.3 | I44: data/forge_decompose.yaml:chance_rewards.purple.paozi
A45: purple | B45: 史诗/紫 | C45: 概率奖励 | D45: zaozi | E45: 凿子 | H45: 0.3 | I45: data/forge_decompose.yaml:chance_rewards.purple.zaozi
A46: purple | B46: 史诗/紫 | C46: 概率奖励 | D46: tiemu | E46: 铁木 | H46: 0.24 | I46: data/forge_decompose.yaml:chance_rewards.purple.tiemu
A47: purple | B47: 史诗/紫 | C47: 概率奖励 | D47: zitanmu | E47: 紫檀木 | H47: 0.22 | I47: data/forge_decompose.yaml:chance_rewards.purple.zitanmu
... A50: purple | B50: 史诗/紫 | C50: 概率奖励 | D50: gaolu | E50: 高炉 | H50: 0.1 | I50: data/forge_decompose.yaml:chance_rewards.purple.gaolu
A51: orange | B51: 传说/橙 | C51: 每件必得区间 | D51: tong | E51: 铜 | F51: 8 | G51: 16 | I51: data/forge_decompose.yaml:base_materials.orange.tong
A52: orange | B52: 传说/橙 | C52: 每件必得区间 | D52: xi | E52: 锡 | F52: 5 | G52: 10 | I52: data/forge_decompose.yaml:base_materials.orange.xi
A53: orange | B53: 传说/橙 | C53: 每件必得区间 | D53: tie | E53: 铁 | F53: 3 | G53: 7 | I53: data/forge_decompose.yaml:base_materials.orange.tie
A54: orange | B54: 传说/橙 | C54: 概率奖励 | D54: wood_essence | E54: 木质精华 | H54: 0.95 | I54: data/forge_decompose.yaml:chance_rewards.orange.wood_essence
A55: orange | B55: 传说/橙 | C55: 概率奖励 | D55: copper_essence | E55: 铜质精华 | H55: 0.95 | I55: data/forge_decompose.yaml:chance_rewards.orange.copper_essence
A56: orange | B56: 传说/橙 | C56: 概率奖励 | D56: xuan_tie_essence | E56: 玄铁精华 | H56: 0.5 | I56: data/forge_decompose.yaml:chance_rewards.orange.xuan_tie_essence
A57: orange | B57: 传说/橙 | C57: 概率奖励 | D57: air_stone | E57: 空气之石 | H57: 0.35 | I57: data/forge_decompose.yaml:chance_rewards.orange.air_stone
A58: orange | B58: 传说/橙 | C58: 概率奖励 | D58: fire_stone | E58: 火焰之石 | H58: 0.35 | I58: data/forge_decompose.yaml:chance_rewards.orange.fire_stone
A59: orange | B59: 传说/橙 | C59: 概率奖励 | D59: earth_stone | E59: 大地之石 | H59: 0.35 | I59: data/forge_decompose.yaml:chance_rewards.orange.earth_stone
A60: orange | B60: 传说/橙 | C60: 概率奖励 | D60: water_stone | E60: 纯水之石 | H60: 0.35 | I60: data/forge_decompose.yaml:chance_rewards.orange.water_stone
A61: orange | B61: 传说/橙 | C61: 概率奖励 | D61: shuiqumu | E61: 水曲木 | H61: 0.65 | I61: data/forge_decompose.yaml:chance_rewards.orange.shuiqumu
A62: orange | B62: 传说/橙 | C62: 概率奖励 | D62: paozi | E62: 刨子 | H62: 0.42 | I62: data/forge_decompose.yaml:chance_rewards.orange.paozi
A63: orange | B63: 传说/橙 | C63: 概率奖励 | D63: zaozi | E63: 凿子 | H63: 0.42 | I63: data/forge_decompose.yaml:chance_rewards.orange.zaozi
A64: orange | B64: 传说/橙 | C64: 概率奖励 | D64: tiemu | E64: 铁木 | H64: 0.36 | I64: data/forge_decompose.yaml:chance_rewards.orange.tiemu
A65: orange | B65: 传说/橙 | C65: 概率奖励 | D65: zitanmu | E65: 紫檀木 | H65: 0.34 | I65: data/forge_decompose.yaml:chance_rewards.orange.zitanmu
... A68: orange | B68: 传说/橙 | C68: 概率奖励 | D68: gaolu | E68: 高炉 | H68: 0.2 | I68: data/forge_decompose.yaml:chance_rewards.orange.gaolu

Sheet 分类汇总
A1: 装备类型 | B1: 稀有度 | C1: 装备数量 | D1: 稀有度代码
A2: 头盔 | B2: 普通/白 | C2: =COUNTIFS(装备总表!$R$2:$R$266,A2,装备总表!$P$2:$P$266,D2) -> 4 | D2: black
A3: 头盔 | B3: 优秀/绿 | C3: =COUNTIFS(装备总表!$R$2:$R$266,A3,装备总表!$P$2:$P$266,D3) -> 8 | D3: green
A4: 头盔 | B4: 稀有/蓝 | C4: =COUNTIFS(装备总表!$R$2:$R$266,A4,装备总表!$P$2:$P$266,D4) -> 9 | D4: blue
A5: 头盔 | B5: 史诗/紫 | C5: =COUNTIFS(装备总表!$R$2:$R$266,A5,装备总表!$P$2:$P$266,D5) -> 6 | D5: purple
A6: 头盔 | B6: 传说/橙 | C6: =COUNTIFS(装备总表!$R$2:$R$266,A6,装备总表!$P$2:$P$266,D6) -> 3 | D6: orange
A7: 护甲 | B7: 普通/白 | C7: =COUNTIFS(装备总表!$R$2:$R$266,A7,装备总表!$P$2:$P$266,D7) -> 4 | D7: black
A8: 护甲 | B8: 优秀/绿 | C8: =COUNTIFS(装备总表!$R$2:$R$266,A8,装备总表!$P$2:$P$266,D8) -> 8 | D8: green
A9: 护甲 | B9: 稀有/蓝 | C9: =COUNTIFS(装备总表!$R$2:$R$266,A9,装备总表!$P$2:$P$266,D9) -> 8 | D9: blue
A10: 护甲 | B10: 史诗/紫 | C10: =COUNTIFS(装备总表!$R$2:$R$266,A10,装备总表!$P$2:$P$266,D10) -> 6 | D10: purple
A11: 护甲 | B11: 传说/橙 | C11: =COUNTIFS(装备总表!$R$2:$R$266,A11,装备总表!$P$2:$P$266,D11) -> 4 | D11: orange
A12: 鞋子 | B12: 普通/白 | C12: =COUNTIFS(装备总表!$R$2:$R$266,A12,装备总表!$P$2:$P$266,D12) -> 4 | D12: black
A13: 鞋子 | B13: 优秀/绿 | C13: =COUNTIFS(装备总表!$R$2:$R$266,A13,装备总表!$P$2:$P$266,D13) -> 8 | D13: green
... A36: 器械 | B36: 传说/橙 | C36: =COUNTIFS(装备总表!$R$2:$R$266,A36,装备总表!$P$2:$P$266,D36) -> 3 | D36: orange
A37: 全部装备 | C37: =COUNTA(装备总表!B2:B266) -> 265

Sheet 更新说明
A1: 项目 | B1: 说明
A2: 更新时间 | B2: 2026-10-01
A3: 数据范围 | B3: 当前工作区 data/item_templates.yaml 中 effect_type 以 equip_ 开头的全部装备模板；未查询运行中数据库。
A4: 装备数量 | B4: =COUNTA(装备总表!B2:B266) -> 265
A5: 更新结果 | B5: 旧表262件，新增3件；211件原有装备的价格、占用空间或基础属性已更新。
A6: 新增装备 | B6: 青铜之角斗士；白银之角斗士；黄金之角斗士
A7: 合计公式 | B7: 生命/54+防御+武力+智力+敏捷+运势×1.2+带兵上限/2；沿用旧表及平衡测试口径，不包含套装与护院加成。
A8: 模板价格 | B8: price 是模板字段。实际商店购买价格请查获取途径页；未配置 price 时按导入默认值0展示。
A9: 默认值 | B9: 与 load_item_templates._build_item_defaults 一致：price=0、storage_space=1、tradeable=False、is_usable=False；未出现的基础属性按0显示。
A10: 制作配方 | B10: 普通锻造、图纸合成、马厩养马分行列出；技能分别指锻造技或马术；图纸合成每次额外消耗1张图纸；耗时是配置基准，运行时受科技等影响。
A11: 套装效果 | B11: 各档套装效果是独立门槛，达到多个门槛时累加；仅有 set_key 的装备计入同套装。
A12: 护院加成 | B12: 器械的 troop_stat_bonus 加成对应护院兵种，不计入门客基础属性与原表合计。比例以Excel百分比展示。
A13: 装备分解 | B13: 按稀有度的当前配置展示基础材料区间及概率奖励；白色装备不在 supported_rarities 中。
A14: 获取途径范围 | B14: 根据当前配置及对应服务规则整理；列出掉落概率或随机权重时保留其配置语义，不将权重等同概率；获取条件详见明细。交易行还依赖玩家挂单。
A15: 途径待核实 | B15: 5件；个人任务途径已同步为宝箱与图纸合成。
A16: 细分类型 | B16: 沿用旧表细分类型；普通锻造装备使用当前配方类别。item_templates 未定义统一武器细分字段。
A17: 来源追溯 | B17: 总表保留原始effect_payload及YAML行号；各明细页标注来源配置键。
