Workbook

Sheet 结论与建议
A1: 建筑与科技升级时长/消耗分析与落地方案
A2: 本版建筑与个人技术统一采用总预算归一化 + 逐级增长系数；首级可支付性看基础底线与曲线，不设置末级/首级固定倍数。建筑当前逐级统计与科技当前逐级统计分别提供逐级时间、银两及资源累计值；本轮个人技术全部按新预算公式落地。
A4: 一、公式结论
A5: 为什么不用单一指数 | B5: 单一 base × growth^level 会让末级占比随等级数快速放大；为了追总目标反复硬调 base/growth，且初始银两少时首级可能不可支付。
A6: 新公式 | B6: 每级=基础底线 +（总预算-基础底线×升级次数）×POWER(逐级增长系数,升级序号)/权重总和。
A7: 可控性 | B7: 总时长/总银两由预算直接控制；逐级增长系数控制相邻级增幅。农田等基础建筑用较缓系数保护新手期，长线建筑按解锁阶段审查。
A8: 兼容性 | B8: 所有当前个人技术均使用新预算曲线；帮会科技仍按原离散成本并即时完成。
A9: 横向依据 | B9: 成熟建设类游戏普遍提供逐级升级明细与区间合计，速度加成独立于基础时间；本方案把可审计性落到配置公式中。
A11: 二、目标建筑验收（新公式）
A12: 对象 | B12: 目标时间(天) | C12: 建议时间(天) | D12: 目标银两 | E12: 建议银两 | F12: 结论
A13: ='优化测算'!$C$5 | B13: ='优化测算'!$D$5 | C13: ='优化测算'!$E$5 | D13: ='优化测算'!$G$5 | E13: ='优化测算'!$H$5 | F13: ='优化测算'!$J$5
A14: ='优化测算'!$C$6 | B14: ='优化测算'!$D$6 | C14: ='优化测算'!$E$6 | D14: ='优化测算'!$G$6 | E14: ='优化测算'!$H$6 | F14: ='优化测算'!$J$6
A15: ='优化测算'!$C$7 | B15: ='优化测算'!$D$7 | C15: ='优化测算'!$E$7 | D15: ='优化测算'!$G$7 | E15: ='优化测算'!$H$7 | F15: ='优化测算'!$J$7
A16: ='优化测算'!$C$8 | B16: ='优化测算'!$D$8 | C16: ='优化测算'!$E$8 | D16: ='优化测算'!$G$8 | E16: ='优化测算'!$H$8 | F16: ='优化测算'!$J$8
A17: ='优化测算'!$C$9 | B17: ='优化测算'!$D$9 | C17: ='优化测算'!$E$9 | D17: ='优化测算'!$G$9 | E17: ='优化测算'!$H$9 | F17: ='优化测算'!$J$9
A18: ='优化测算'!$C$10 | B18: ='优化测算'!$D$10 | C18: ='优化测算'!$E$10 | D18: ='优化测算'!$G$10 | E18: ='优化测算'!$H$10 | F18: ='优化测算'!$J$10
A19: ='优化测算'!$C$11 | B19: ='优化测算'!$D$11 | C19: ='优化测算'!$E$11 | D19: ='优化测算'!$G$11 | E19: ='优化测算'!$H$11 | F19: ='优化测算'!$J$11
A20: ='优化测算'!$C$12 | B20: ='优化测算'!$D$12 | C20: ='优化测算'!$E$12 | D20: ='优化测算'!$G$12 | E20: ='优化测算'!$H$12 | F20: ='优化测算'!$J$12
A21: ='优化测算'!$C$13 | B21: ='优化测算'!$D$13 | C21: ='优化测算'!$E$13 | D21: ='优化测算'!$G$13 | E21: ='优化测算'!$H$13 | F21: ='优化测算'!$J$13
A22: ='优化测算'!$C$14 | B22: ='优化测算'!$D$14 | C22: ='优化测算'!$E$14 | D22: ='优化测算'!$G$14 | E22: ='优化测算'!$H$14 | F22: ='优化测算'!$J$14
A23: ='优化测算'!$C$15 | B23: ='优化测算'!$D$15 | C23: ='优化测算'!$E$15 | D23: ='优化测算'!$G$15 | E23: ='优化测算'!$H$15 | F23: ='优化测算'!$J$15
A24: ='优化测算'!$C$16 | B24: ='优化测算'!$D$16 | C24: ='优化测算'!$E$16 | D24: ='优化测算'!$G$16 | E24: ='优化测算'!$H$16 | F24: ='优化测算'!$J$16
A25: ='优化测算'!$C$17 | B25: ='优化测算'!$D$17 | C25: ='优化测算'!$E$17 | D25: ='优化测算'!$G$17 | E25: ='优化测算'!$H$17 | F25: ='优化测算'!$J$17
A26: ='优化测算'!$C$18 | B26: ='优化测算'!$D$18 | C26: ='优化测算'!$E$18 | D26: ='优化测算'!$G$18 | E26: ='优化测算'!$H$18 | F26: ='优化测算'!$J$18
A27: ='优化测算'!$C$19 | B27: ='优化测算'!$D$19 | C27: ='优化测算'!$E$19 | D27: ='优化测算'!$G$19 | E27: ='优化测算'!$H$19 | F27: ='优化测算'!$J$19
A28: ='优化测算'!$C$20 | B28: ='优化测算'!$D$20 | C28: ='优化测算'!$E$20 | D28: ='优化测算'!$G$20 | E28: ='优化测算'!$H$20 | F28: ='优化测算'!$J$20
A29: ='优化测算'!$C$21 | B29: ='优化测算'!$D$21 | C29: ='优化测算'!$E$21 | D29: ='优化测算'!$G$21 | E29: ='优化测算'!$H$21 | F29: ='优化测算'!$J$21
A30: ='优化测算'!$C$22 | B30: ='优化测算'!$D$22 | C30: ='优化测算'!$E$22 | D30: ='优化测算'!$G$22 | E30: ='优化测算'!$H$22 | F30: ='优化测算'!$J$22
A31: ='优化测算'!$C$23 | B31: ='优化测算'!$D$23 | C31: ='优化测算'!$E$23 | D31: ='优化测算'!$G$23 | E31: ='优化测算'!$H$23 | F31: ='优化测算'!$J$23
A32: ='优化测算'!$C$24 | B32: ='优化测算'!$D$24 | C32: ='优化测算'!$E$24 | D32: ='优化测算'!$G$24 | E32: ='优化测算'!$H$24 | F32: ='优化测算'!$J$24
A33: ='优化测算'!$C$25 | B33: ='优化测算'!$D$25 | C33: ='优化测算'!$E$25 | D33: ='优化测算'!$G$25 | E33: ='优化测算'!$H$25 | F33: ='优化测算'!$J$25
A36: 三、落地注意事项
A37: 1. 新字段需要先执行迁移0181，再在确认数据窗口后执行 python manage.py load_building_templates，同步已有 BuildingType 数据。
A38: 2. 实际入口仍会叠加建筑学成本减免、祠堂缩时和 GAME_TIME_MULTIPLIER；Excel展示原始配置预算，便于审数。
A39: 3. 两条建筑队列影响玩家实际完成周期，但不改变单级成本/时长预算公式。

Sheet 参数与公式
A1: 参数与公式｜当前升级系统口径
A2: 建筑和个人技术统一采用总预算归一化曲线；当前技术配置全部走新预算公式。帮会科技仍为扣除资源后即时完成。
A4: 参数 | B4: 当前值 | C4: 单位 | D4: 来源/规则 | E4: 说明
A5: 全局时间倍率 | B5: 1 | C5: 倍 | D5: .env / config/settings/base.py | E5: 实际倒计时 = 游戏内耗时 ÷ 倍率
A6: 建筑并行升级上限 | B6: 2 | C6: 个 | D6: gameplay/constants.py | E6: 同一庄园同时最多2个建筑升级
A7: 个人技术并行升级上限 | B7: 2 | C7: 个 | D7: gameplay/constants.py | E7: 同一庄园同时最多2个个人技术升级
A8: 建筑升级行动力消耗 | B8: 20 | C8: 点/次 | D8: gameplay/services/action_points.py | E8: 普通玩家建筑升级入口消耗
A9: 建筑基准起始等级 | B9: 1 | C9: 级 | D9: gameplay/models/manor.py | E9: Building 默认等级为1
A10: 个人技术基准起始等级 | B10: 0 | C10: 级 | D10: gameplay/models/progression.py | E10: PlayerTechnology 默认等级为0
A11: 帮会科技升级时长 | B11: 0 | C11: 秒/次 | D11: guilds/services/technology.py | E11: 资源扣除后即时升1级
A12: 祠堂最高等级 | B12: 5 | C12: 级 | D12: gameplay/constants.py | E12: 祠堂等级5时达到最大建筑缩时
A13: 祠堂每级缩短建筑时间 | B13: 0.05 | C13: %/级 | D13: gameplay/models/manor.py | E13: 实际为 max(0, 祠堂等级-1) × 5%
A14: 祠堂5级总缩短 | B14: =(B12-1)*B13 | C14: % | D14: gameplay/models/manor.py | E14: 公式单元格；5级为20%
A15: 建筑学最高等级 | B15: 10 | C15: 级 | D15: data/technology_templates.yaml | E15: 建筑学 effect_per_level=5%，最高10级
A16: 建筑学每级成本减免 | B16: 0.05 | C16: %/级 | D16: data/technology_templates.yaml | E16: 建筑成本实际按 ceil(base_cost×(1-减免))
A17: 建筑学10级总成本减免 | B17: =B15*B16 | C17: % | D17: gameplay/services/manor/core.py | E17: 公式单元格；10级为50%
A18: 个人技术默认基础时长 | B18: 60 | C18: 秒 | D18: gameplay/models/progression.py | E18: 模板缺少 base_time 时的默认值
A19: 个人技术默认时长曲线 | B19: 1.08 | C19: 倍 | D19: gameplay/services/technology_rules.py | E19: 仅作为缺失配置时的新公式安全默认值；当前技术均有明确曲线
A20: 个人技术默认成本曲线 | B20: 1.15 | C20: 倍 | D20: gameplay/services/technology_rules.py | E20: 仅作为缺失配置时的新公式安全默认值；当前技术均有明确曲线
A21: 每日秒数 | B21: 86400 | C21: 秒/天 | D21: 本表换算常量 | E21: 建筑累计时长按配置游戏秒数统计
A24: 系统 | B24: 当前代码公式 | C24: Excel等价表达 | D24: 代码位置 | E24: 平衡含义
A25: 建筑时长（预算模式优先） | B25: 预算>0：按总时长预算分配；否则 ceil(base_time × time_growth ^ 当前等级) | C25: Excel表达式：基础底线 + 剩余预算×POWER(逐级增长系数,升级序号)/权重总和 | D25: gameplay/models/manor.py::Building.next_level_duration | E25: 总时长可控；首级与相邻级增幅可审计
A26: 建筑成本（预算模式优先） | B26: 每种资源预算>0：按资源总成本预算分配；否则 ceil(base_cost × cost_growth ^ 当前等级) | C26: Excel表达式：基础底线 + 剩余预算×POWER(逐级增长系数,升级序号)/权重总和 | D26: gameplay/models/manor.py::Building.next_level_cost | E26: 银两/粮食分别控制总预算
A27: 建筑实际时长 | B27: max(1, int(base_duration × (1-citang_reduction) / multiplier)) | C27: =MAX(1,ROUNDDOWN(配置时长×(1-祠堂减免)/全局倍率,0)) | D27: gameplay/services/manor/core.py::quote_building_upgrade | E27: 祠堂与环境倍率叠加，最低1秒
A28: 建筑实际成本 | B28: max(1, ceil(base_cost × (1-architecture_reduction))) | C28: =MAX(1,ROUNDUP(配置成本×(1-建筑学减免),0)) | D28: gameplay/services/manor/core.py::quote_building_upgrade | E28: 只对实际存在的资源键扣除；成本至少1
A29: 个人技术时长 | B29: 统一按 upgrade_time_budget + time_curve 分配；缺失预算时按新公式安全默认预算分配 | C29: 基础底线 + 剩余预算×POWER(曲线,等级序号)/权重总和；实际再除以全局倍率 | D29: gameplay/services/technology_rules.py::calculate_upgrade_duration | E29: 所有当前个人技术统一走预算公式，曲线控制前期可支付性与相邻级增幅
A30: 个人技术成本 | B30: 统一按 upgrade_cost_budget + cost_curve 分配；缺失预算时按新公式安全默认预算分配 | C30: 基础底线 + 剩余银两预算×POWER(曲线,等级序号)/权重总和；最后一级补差 | D30: gameplay/services/technology_rules.py::calculate_upgrade_cost | E30: 所有当前个人技术统一走预算公式，总银两预算精确落地
A31: 帮会科技成本 | B31: base cost × 离散曲线倍率；覆盖项优先 | C31: 逐级明细中按倍率/override公式计算 | D31: guilds/services/technology.py::calculate_tech_upgrade_cost | E31: 非指数曲线；神秘学2/3级使用覆盖成本
A32: 帮会科技时长 | B32: 无计时字段，事务完成后等级立即+1 | C32: 0秒 | D32: guilds/services/technology.py::upgrade_technology | E32: 与个人技术/建筑的计时升级体验不同
A33: 逐级增长权重 | B33: weight = curve_growth ^ step_index；全等级预算按全部升级次数归一化 | C33: step_index=当前等级-1；总预算按全部升级次数归一化 | D33: gameplay/services/technology_rules.py::allocate_upgrade_budget | E33: 不设末级/首级固定倍数；用相邻级增长率检查曲线平滑度
A34: 预算下限 | B34: 每级基础底线 × 升级次数；总预算不足时保留底线，不产生负数或0秒升级 | C34: 总预算不足时保留底线，不产生负数或0秒升级 | D34: gameplay/services/technology_rules.py::allocate_upgrade_budget | E34: base_upgrade_time/base_cost 只承担基础底线
A35: 兼容策略 | B35: 所有个人技术统一走预算曲线；缺失字段只使用新公式安全默认预算，不调用旧指数公式 | C35: 便于旧建筑类型/测试数据平滑迁移 | D35: technology_catalog._apply_upgrade_profiles / technology_rules | E35: 不要求一次性改完所有历史数据
A36: 个人技术预算目标 | B36: 见个人技术总览 O:R | C36: 全程时长/银两预算 + 曲线 | D36: data/technology_templates.yaml | E36: 武艺技术使用 martial profile；侦查术200级单独配置
A37: 侦查术长线目标 | B37: 200 | C37: 级 | D37: data/technology_templates.yaml | E37: 上限200级；全程180天、2亿银两，曲线1.01保护前期支付

Sheet 建筑总览
A1: 建筑升级总览
A2: 改动前配置基线：用于与预算型公式方案对照；科技页仍按当前配置统计。
A4: 建筑Key | B4: 建筑 | C4: 分类 | D4: 最高等级 | E4: 升级次数 | F4: 基础时间(s) | G4: 时间成长 | H4: 基础银两 | I4: 基础粮食 | J4: 成本成长 | K4: 1→2基准实耗时(s) | L4: 末级升级基准实耗时(s) | M4: 全程基准天数 | N4: 全程祠堂5级天数 | O4: 1→2配置时长(s) | P4: 末级配置时长(s) | Q4: 配置总银两 | R4: 配置总粮食 | S4: 建筑学10级总银两 | T4: 建筑学10级总粮食 | U4: 观察
A5: farm | B5: 农田 | C5: 资源生产 | D5: 50 | E5: =D5-'参数与公式'!$B$9 | F5: 180 | G5: 1.22 | H5: 170 | I5: 0 | J5: 1.33 | K5: =SUMIFS('建筑逐级'!$L$5:$L$328,'建筑逐级'!$A$5:$A$328,$A5,'建筑逐级'!$D$5:$D$328,'参数与公式'!$B$9) | L5: =SUMIFS('建筑逐级'!$L$5:$L$328,'建筑逐级'!$A$5:$A$328,$A5,'建筑逐级'!$D$5:$D$328,$D5-1) | M5: =SUMIF('建筑逐级'!$A$5:$A$328,$A5,'建筑逐级'!$L$5:$L$328)/86400 | N5: =SUMIF('建筑逐级'!$A$5:$A$328,$A5,'建筑逐级'!$M$5:$M$328)/86400 | O5: =SUMIFS('建筑逐级'!$K$5:$K$328,'建筑逐级'!$A$5:$A$328,$A5,'建筑逐级'!$D$5:$D$328,'参数与公式'!$B$9) | P5: =SUMIFS('建筑逐级'!$K$5:$K$328,'建筑逐级'!$A$5:$A$328,$A5,'建筑逐级'!$D$5:$D$328,$D5-1) | Q5: =SUMIF('建筑逐级'!$A$5:$A$328,$A5,'建筑逐级'!$N$5:$N$328) | R5: =SUMIF('建筑逐级'!$A$5:$A$328,$A5,'建筑逐级'!$O$5:$O$328) | S5: =SUMIF('建筑逐级'!$A$5:$A$328,$A5,'建筑逐级'!$P$5:$P$328) | T5: =SUMIF('建筑逐级'!$A$5:$A$328,$A5,'建筑逐级'!$Q$5:$Q$328) | U5: 重点观察：等级上限/成长系数/后期单级耗时
A6: tax_office | B6: 税务司 | C6: 资源生产 | D6: 30 | E6: =D6-'参数与公式'!$B$9 | F6: 210 | G6: 1.25 | H6: 450 | I6: 0 | J6: 1.36 | K6: =SUMIFS('建筑逐级'!$L$5:$L$328,'建筑逐级'!$A$5:$A$328,$A6,'建筑逐级'!$D$5:$D$328,'参数与公式'!$B$9) | L6: =SUMIFS('建筑逐级'!$L$5:$L$328,'建筑逐级'!$A$5:$A$328,$A6,'建筑逐级'!$D$5:$D$328,$D6-1) | M6: =SUMIF('建筑逐级'!$A$5:$A$328,$A6,'建筑逐级'!$L$5:$L$328)/86400 | N6: =SUMIF('建筑逐级'!$A$5:$A$328,$A6,'建筑逐级'!$M$5:$M$328)/86400 | O6: =SUMIFS('建筑逐级'!$K$5:$K$328,'建筑逐级'!$A$5:$A$328,$A6,'建筑逐级'!$D$5:$D$328,'参数与公式'!$B$9) | P6: =SUMIFS('建筑逐级'!$K$5:$K$328,'建筑逐级'!$A$5:$A$328,$A6,'建筑逐级'!$D$5:$D$328,$D6-1) | Q6: =SUMIF('建筑逐级'!$A$5:$A$328,$A6,'建筑逐级'!$N$5:$N$328) | R6: =SUMIF('建筑逐级'!$A$5:$A$328,$A6,'建筑逐级'!$O$5:$O$328) | S6: =SUMIF('建筑逐级'!$A$5:$A$328,$A6,'建筑逐级'!$P$5:$P$328) | T6: =SUMIF('建筑逐级'!$A$5:$A$328,$A6,'建筑逐级'!$Q$5:$Q$328) | U6: 重点观察：等级上限/成长系数/后期单级耗时
A7: bathhouse | B7: 澡堂 | C7: 资源生产 | D7: 20 | E7: =D7-'参数与公式'!$B$9 | F7: 300 | G7: 1.25 | H7: 850 | I7: 0 | J7: 1.35 | K7: =SUMIFS('建筑逐级'!$L$5:$L$328,'建筑逐级'!$A$5:$A$328,$A7,'建筑逐级'!$D$5:$D$328,'参数与公式'!$B$9) | L7: =SUMIFS('建筑逐级'!$L$5:$L$328,'建筑逐级'!$A$5:$A$328,$A7,'建筑逐级'!$D$5:$D$328,$D7-1) | M7: =SUMIF('建筑逐级'!$A$5:$A$328,$A7,'建筑逐级'!$L$5:$L$328)/86400 | N7: =SUMIF('建筑逐级'!$A$5:$A$328,$A7,'建筑逐级'!$M$5:$M$328)/86400 | O7: =SUMIFS('建筑逐级'!$K$5:$K$328,'建筑逐级'!$A$5:$A$328,$A7,'建筑逐级'!$D$5:$D$328,'参数与公式'!$B$9) | P7: =SUMIFS('建筑逐级'!$K$5:$K$328,'建筑逐级'!$A$5:$A$328,$A7,'建筑逐级'!$D$5:$D$328,$D7-1) | Q7: =SUMIF('建筑逐级'!$A$5:$A$328,$A7,'建筑逐级'!$N$5:$N$328) | R7: =SUMIF('建筑逐级'!$A$5:$A$328,$A7,'建筑逐级'!$O$5:$O$328) | S7: =SUMIF('建筑逐级'!$A$5:$A$328,$A7,'建筑逐级'!$P$5:$P$328) | T7: =SUMIF('建筑逐级'!$A$5:$A$328,$A7,'建筑逐级'!$Q$5:$Q$328) | U7: 重点观察：等级上限/成长系数/后期单级耗时
A8: latrine | B8: 茅厕 | C8: 资源生产 | D8: 20 | E8: =D8-'参数与公式'!$B$9 | F8: 300 | G8: 1.25 | H8: 550 | I8: 0 | J8: 1.35 | K8: =SUMIFS('建筑逐级'!$L$5:$L$328,'建筑逐级'!$A$5:$A$328,$A8,'建筑逐级'!$D$5:$D$328,'参数与公式'!$B$9) | L8: =SUMIFS('建筑逐级'!$L$5:$L$328,'建筑逐级'!$A$5:$A$328,$A8,'建筑逐级'!$D$5:$D$328,$D8-1) | M8: =SUMIF('建筑逐级'!$A$5:$A$328,$A8,'建筑逐级'!$L$5:$L$328)/86400 | N8: =SUMIF('建筑逐级'!$A$5:$A$328,$A8,'建筑逐级'!$M$5:$M$328)/86400 | O8: =SUMIFS('建筑逐级'!$K$5:$K$328,'建筑逐级'!$A$5:$A$328,$A8,'建筑逐级'!$D$5:$D$328,'参数与公式'!$B$9) | P8: =SUMIFS('建筑逐级'!$K$5:$K$328,'建筑逐级'!$A$5:$A$328,$A8,'建筑逐级'!$D$5:$D$328,$D8-1) | Q8: =SUMIF('建筑逐级'!$A$5:$A$328,$A8,'建筑逐级'!$N$5:$N$328) | R8: =SUMIF('建筑逐级'!$A$5:$A$328,$A8,'建筑逐级'!$O$5:$O$328) | S8: =SUMIF('建筑逐级'!$A$5:$A$328,$A8,'建筑逐级'!$P$5:$P$328) | T8: =SUMIF('建筑逐级'!$A$5:$A$328,$A8,'建筑逐级'!$Q$5:$Q$328) | U8: 重点观察：等级上限/成长系数/后期单级耗时
A9: granary | B9: 粮仓 | C9: 仓储设施 | D9: 20 | E9: =D9-'参数与公式'!$B$9 | F9: 300 | G9: 1.2 | H9: 950 | I9: 0 | J9: 1.35 | K9: =SUMIFS('建筑逐级'!$L$5:$L$328,'建筑逐级'!$A$5:$A$328,$A9,'建筑逐级'!$D$5:$D$328,'参数与公式'!$B$9) | L9: =SUMIFS('建筑逐级'!$L$5:$L$328,'建筑逐级'!$A$5:$A$328,$A9,'建筑逐级'!$D$5:$D$328,$D9-1) | M9: =SUMIF('建筑逐级'!$A$5:$A$328,$A9,'建筑逐级'!$L$5:$L$328)/86400 | N9: =SUMIF('建筑逐级'!$A$5:$A$328,$A9,'建筑逐级'!$M$5:$M$328)/86400 | O9: =SUMIFS('建筑逐级'!$K$5:$K$328,'建筑逐级'!$A$5:$A$328,$A9,'建筑逐级'!$D$5:$D$328,'参数与公式'!$B$9) | P9: =SUMIFS('建筑逐级'!$K$5:$K$328,'建筑逐级'!$A$5:$A$328,$A9,'建筑逐级'!$D$5:$D$328,$D9-1) | Q9: =SUMIF('建筑逐级'!$A$5:$A$328,$A9,'建筑逐级'!$N$5:$N$328) | R9: =SUMIF('建筑逐级'!$A$5:$A$328,$A9,'建筑逐级'!$O$5:$O$328) | S9: =SUMIF('建筑逐级'!$A$5:$A$328,$A9,'建筑逐级'!$P$5:$P$328) | T9: =SUMIF('建筑逐级'!$A$5:$A$328,$A9,'建筑逐级'!$Q$5:$Q$328) | U9: 重点观察：等级上限/成长系数/后期单级耗时
A10: silver_vault | B10: 银库 | C10: 仓储设施 | D10: 30 | E10: =D10-'参数与公式'!$B$9 | F10: 300 | G10: 1.2 | H10: 1100 | I10: 0 | J10: 1.35 | K10: =SUMIFS('建筑逐级'!$L$5:$L$328,'建筑逐级'!$A$5:$A$328,$A10,'建筑逐级'!$D$5:$D$328,'参数与公式'!$B$9) | L10: =SUMIFS('建筑逐级'!$L$5:$L$328,'建筑逐级'!$A$5:$A$328,$A10,'建筑逐级'!$D$5:$D$328,$D10-1) | M10: =SUMIF('建筑逐级'!$A$5:$A$328,$A10,'建筑逐级'!$L$5:$L$328)/86400 | N10: =SUMIF('建筑逐级'!$A$5:$A$328,$A10,'建筑逐级'!$M$5:$M$328)/86400 | O10: =SUMIFS('建筑逐级'!$K$5:$K$328,'建筑逐级'!$A$5:$A$328,$A10,'建筑逐级'!$D$5:$D$328,'参数与公式'!$B$9) | P10: =SUMIFS('建筑逐级'!$K$5:$K$328,'建筑逐级'!$A$5:$A$328,$A10,'建筑逐级'!$D$5:$D$328,$D10-1) | Q10: =SUMIF('建筑逐级'!$A$5:$A$328,$A10,'建筑逐级'!$N$5:$N$328) | R10: =SUMIF('建筑逐级'!$A$5:$A$328,$A10,'建筑逐级'!$O$5:$O$328) | S10: =SUMIF('建筑逐级'!$A$5:$A$328,$A10,'建筑逐级'!$P$5:$P$328) | T10: =SUMIF('建筑逐级'!$A$5:$A$328,$A10,'建筑逐级'!$Q$5:$Q$328) | U10: 重点观察：等级上限/成长系数/后期单级耗时
A11: treasury | B11: 藏宝阁 | C11: 仓储设施 | D11: 20 | E11: =D11-'参数与公式'!$B$9 | F11: 600 | G11: 1.3 | H11: 7500 | I11: 0 | J11: 1.4 | K11: =SUMIFS('建筑逐级'!$L$5:$L$328,'建筑逐级'!$A$5:$A$328,$A11,'建筑逐级'!$D$5:$D$328,'参数与公式'!$B$9) | L11: =SUMIFS('建筑逐级'!$L$5:$L$328,'建筑逐级'!$A$5:$A$328,$A11,'建筑逐级'!$D$5:$D$328,$D11-1) | M11: =SUMIF('建筑逐级'!$A$5:$A$328,$A11,'建筑逐级'!$L$5:$L$328)/86400 | N11: =SUMIF('建筑逐级'!$A$5:$A$328,$A11,'建筑逐级'!$M$5:$M$328)/86400 | O11: =SUMIFS('建筑逐级'!$K$5:$K$328,'建筑逐级'!$A$5:$A$328,$A11,'建筑逐级'!$D$5:$D$328,'参数与公式'!$B$9) | P11: =SUMIFS('建筑逐级'!$K$5:$K$328,'建筑逐级'!$A$5:$A$328,$A11,'建筑逐级'!$D$5:$D$328,$D11-1) | Q11: =SUMIF('建筑逐级'!$A$5:$A$328,$A11,'建筑逐级'!$N$5:$N$328) | R11: =SUMIF('建筑逐级'!$A$5:$A$328,$A11,'建筑逐级'!$O$5:$O$328) | S11: =SUMIF('建筑逐级'!$A$5:$A$328,$A11,'建筑逐级'!$P$5:$P$328) | T11: =SUMIF('建筑逐级'!$A$5:$A$328,$A11,'建筑逐级'!$Q$5:$Q$328) | U11: 重点观察：等级上限/成长系数/后期单级耗时
A12: ranch | B12: 畜牧场 | C12: 生产加工 | D12: 10 | E12: =D12-'参数与公式'!$B$9 | F12: 300 | G12: 1.25 | H12: 800 | I12: 0 | J12: 1.35 | K12: =SUMIFS('建筑逐级'!$L$5:$L$328,'建筑逐级'!$A$5:$A$328,$A12,'建筑逐级'!$D$5:$D$328,'参数与公式'!$B$9) | L12: =SUMIFS('建筑逐级'!$L$5:$L$328,'建筑逐级'!$A$5:$A$328,$A12,'建筑逐级'!$D$5:$D$328,$D12-1) | M12: =SUMIF('建筑逐级'!$A$5:$A$328,$A12,'建筑逐级'!$L$5:$L$328)/86400 | N12: =SUMIF('建筑逐级'!$A$5:$A$328,$A12,'建筑逐级'!$M$5:$M$328)/86400 | O12: =SUMIFS('建筑逐级'!$K$5:$K$328,'建筑逐级'!$A$5:$A$328,$A12,'建筑逐级'!$D$5:$D$328,'参数与公式'!$B$9) | P12: =SUMIFS('建筑逐级'!$K$5:$K$328,'建筑逐级'!$A$5:$A$328,$A12,'建筑逐级'!$D$5:$D$328,$D12-1) | Q12: =SUMIF('建筑逐级'!$A$5:$A$328,$A12,'建筑逐级'!$N$5:$N$328) | R12: =SUMIF('建筑逐级'!$A$5:$A$328,$A12,'建筑逐级'!$O$5:$O$328) | S12: =SUMIF('建筑逐级'!$A$5:$A$328,$A12,'建筑逐级'!$P$5:$P$328) | T12: =SUMIF('建筑逐级'!$A$5:$A$328,$A12,'建筑逐级'!$Q$5:$Q$328) | U12: 重点观察：等级上限/成长系数/后期单级耗时
A13: smithy | B13: 冶炼坊 | C13: 生产加工 | D13: 10 | E13: =D13-'参数与公式'!$B$9 | F13: 300 | G13: 1.25 | H13: 1000 | I13: 0 | J13: 1.35 | K13: =SUMIFS('建筑逐级'!$L$5:$L$328,'建筑逐级'!$A$5:$A$328,$A13,'建筑逐级'!$D$5:$D$328,'参数与公式'!$B$9) | L13: =SUMIFS('建筑逐级'!$L$5:$L$328,'建筑逐级'!$A$5:$A$328,$A13,'建筑逐级'!$D$5:$D$328,$D13-1) | M13: =SUMIF('建筑逐级'!$A$5:$A$328,$A13,'建筑逐级'!$L$5:$L$328)/86400 | N13: =SUMIF('建筑逐级'!$A$5:$A$328,$A13,'建筑逐级'!$M$5:$M$328)/86400 | O13: =SUMIFS('建筑逐级'!$K$5:$K$328,'建筑逐级'!$A$5:$A$328,$A13,'建筑逐级'!$D$5:$D$328,'参数与公式'!$B$9) | P13: =SUMIFS('建筑逐级'!$K$5:$K$328,'建筑逐级'!$A$5:$A$328,$A13,'建筑逐级'!$D$5:$D$328,$D13-1) | Q13: =SUMIF('建筑逐级'!$A$5:$A$328,$A13,'建筑逐级'!$N$5:$N$328) | R13: =SUMIF('建筑逐级'!$A$5:$A$328,$A13,'建筑逐级'!$O$5:$O$328) | S13: =SUMIF('建筑逐级'!$A$5:$A$328,$A13,'建筑逐级'!$P$5:$P$328) | T13: =SUMIF('建筑逐级'!$A$5:$A$328,$A13,'建筑逐级'!$Q$5:$Q$328) | U13: 重点观察：等级上限/成长系数/后期单级耗时
A14: stable | B14: 马房 | C14: 生产加工 | D14: 10 | E14: =D14-'参数与公式'!$B$9 | F14: 300 | G14: 1.25 | H14: 980 | I14: 0 | J14: 1.35 | K14: =SUMIFS('建筑逐级'!$L$5:$L$328,'建筑逐级'!$A$5:$A$328,$A14,'建筑逐级'!$D$5:$D$328,'参数与公式'!$B$9) | L14: =SUMIFS('建筑逐级'!$L$5:$L$328,'建筑逐级'!$A$5:$A$328,$A14,'建筑逐级'!$D$5:$D$328,$D14-1) | M14: =SUMIF('建筑逐级'!$A$5:$A$328,$A14,'建筑逐级'!$L$5:$L$328)/86400 | N14: =SUMIF('建筑逐级'!$A$5:$A$328,$A14,'建筑逐级'!$M$5:$M$328)/86400 | O14: =SUMIFS('建筑逐级'!$K$5:$K$328,'建筑逐级'!$A$5:$A$328,$A14,'建筑逐级'!$D$5:$D$328,'参数与公式'!$B$9) | P14: =SUMIFS('建筑逐级'!$K$5:$K$328,'建筑逐级'!$A$5:$A$328,$A14,'建筑逐级'!$D$5:$D$328,$D14-1) | Q14: =SUMIF('建筑逐级'!$A$5:$A$328,$A14,'建筑逐级'!$N$5:$N$328) | R14: =SUMIF('建筑逐级'!$A$5:$A$328,$A14,'建筑逐级'!$O$5:$O$328) | S14: =SUMIF('建筑逐级'!$A$5:$A$328,$A14,'建筑逐级'!$P$5:$P$328) | T14: =SUMIF('建筑逐级'!$A$5:$A$328,$A14,'建筑逐级'!$Q$5:$Q$328) | U14: 重点观察：等级上限/成长系数/后期单级耗时
A15: forge | B15: 铁匠铺 | C15: 生产加工 | D15: 10 | E15: =D15-'参数与公式'!$B$9 | F15: 300 | G15: 1.25 | H15: 500 | I15: 500 | J15: 1.35 | K15: =SUMIFS('建筑逐级'!$L$5:$L$328,'建筑逐级'!$A$5:$A$328,$A15,'建筑逐级'!$D$5:$D$328,'参数与公式'!$B$9) | L15: =SUMIFS('建筑逐级'!$L$5:$L$328,'建筑逐级'!$A$5:$A$328,$A15,'建筑逐级'!$D$5:$D$328,$D15-1) | M15: =SUMIF('建筑逐级'!$A$5:$A$328,$A15,'建筑逐级'!$L$5:$L$328)/86400 | N15: =SUMIF('建筑逐级'!$A$5:$A$328,$A15,'建筑逐级'!$M$5:$M$328)/86400 | O15: =SUMIFS('建筑逐级'!$K$5:$K$328,'建筑逐级'!$A$5:$A$328,$A15,'建筑逐级'!$D$5:$D$328,'参数与公式'!$B$9) | P15: =SUMIFS('建筑逐级'!$K$5:$K$328,'建筑逐级'!$A$5:$A$328,$A15,'建筑逐级'!$D$5:$D$328,$D15-1) | Q15: =SUMIF('建筑逐级'!$A$5:$A$328,$A15,'建筑逐级'!$N$5:$N$328) | R15: =SUMIF('建筑逐级'!$A$5:$A$328,$A15,'建筑逐级'!$O$5:$O$328) | S15: =SUMIF('建筑逐级'!$A$5:$A$328,$A15,'建筑逐级'!$P$5:$P$328) | T15: =SUMIF('建筑逐级'!$A$5:$A$328,$A15,'建筑逐级'!$Q$5:$Q$328) | U15: 重点观察：等级上限/成长系数/后期单级耗时
A16: juxianzhuang | B16: 聚贤庄 | C16: 人员管理 | D16: 15 | E16: =D16-'参数与公式'!$B$9 | F16: 3107 | G16: 1.5 | H16: 17164 | I16: 3432 | J16: 1.7 | K16: =SUMIFS('建筑逐级'!$L$5:$L$328,'建筑逐级'!$A$5:$A$328,$A16,'建筑逐级'!$D$5:$D$328,'参数与公式'!$B$9) | L16: =SUMIFS('建筑逐级'!$L$5:$L$328,'建筑逐级'!$A$5:$A$328,$A16,'建筑逐级'!$D$5:$D$328,$D16-1) | M16: =SUMIF('建筑逐级'!$A$5:$A$328,$A16,'建筑逐级'!$L$5:$L$328)/86400 | N16: =SUMIF('建筑逐级'!$A$5:$A$328,$A16,'建筑逐级'!$M$5:$M$328)/86400 | O16: =SUMIFS('建筑逐级'!$K$5:$K$328,'建筑逐级'!$A$5:$A$328,$A16,'建筑逐级'!$D$5:$D$328,'参数与公式'!$B$9) | P16: =SUMIFS('建筑逐级'!$K$5:$K$328,'建筑逐级'!$A$5:$A$328,$A16,'建筑逐级'!$D$5:$D$328,$D16-1) | Q16: =SUMIF('建筑逐级'!$A$5:$A$328,$A16,'建筑逐级'!$N$5:$N$328) | R16: =SUMIF('建筑逐级'!$A$5:$A$328,$A16,'建筑逐级'!$O$5:$O$328) | S16: =SUMIF('建筑逐级'!$A$5:$A$328,$A16,'建筑逐级'!$P$5:$P$328) | T16: =SUMIF('建筑逐级'!$A$5:$A$328,$A16,'建筑逐级'!$Q$5:$Q$328) | U16: 重点观察：等级上限/成长系数/后期单级耗时
... A25: arrow_tower | B25: 箭塔 | C25: 城防建筑 | D25: 10 | E25: =D25-'参数与公式'!$B$9 | F25: 1200 | G25: 1.85 | H25: 18000 | I25: 0 | J25: 1.85 | K25: =SUMIFS('建筑逐级'!$L$5:$L$328,'建筑逐级'!$A$5:$A$328,$A25,'建筑逐级'!$D$5:$D$328,'参数与公式'!$B$9) | L25: =SUMIFS('建筑逐级'!$L$5:$L$328,'建筑逐级'!$A$5:$A$328,$A25,'建筑逐级'!$D$5:$D$328,$D25-1) | M25: =SUMIF('建筑逐级'!$A$5:$A$328,$A25,'建筑逐级'!$L$5:$L$328)/86400 | N25: =SUMIF('建筑逐级'!$A$5:$A$328,$A25,'建筑逐级'!$M$5:$M$328)/86400 | O25: =SUMIFS('建筑逐级'!$K$5:$K$328,'建筑逐级'!$A$5:$A$328,$A25,'建筑逐级'!$D$5:$D$328,'参数与公式'!$B$9) | P25: =SUMIFS('建筑逐级'!$K$5:$K$328,'建筑逐级'!$A$5:$A$328,$A25,'建筑逐级'!$D$5:$D$328,$D25-1) | Q25: =SUMIF('建筑逐级'!$A$5:$A$328,$A25,'建筑逐级'!$N$5:$N$328) | R25: =SUMIF('建筑逐级'!$A$5:$A$328,$A25,'建筑逐级'!$O$5:$O$328) | S25: =SUMIF('建筑逐级'!$A$5:$A$328,$A25,'建筑逐级'!$P$5:$P$328) | T25: =SUMIF('建筑逐级'!$A$5:$A$328,$A25,'建筑逐级'!$Q$5:$Q$328) | U25: 重点观察：等级上限/成长系数/后期单级耗时

Sheet 建筑逐级
A1: 建筑逐级升级明细
A2: 改动前配置基线的逐级明细；预算型公式方案请查看“建筑建议总览/建筑建议逐级”。
A4: 建筑Key | B4: 建筑 | C4: 分类 | D4: 当前等级 | E4: 目标等级 | F4: 基础时间(s) | G4: 时间成长 | H4: 基础银两 | I4: 基础粮食 | J4: 成本成长 | K4: 配置时长(s) | L4: 基准实耗时(s) | M4: 祠堂5级实耗时(s) | N4: 配置银两 | O4: 配置粮食 | P4: 建筑学10级银两 | Q4: 建筑学10级粮食 | R4: 数据来源
A5: farm | B5: 农田 | C5: 资源生产 | D5: 1 | E5: =D5+1 | F5: 180 | G5: 1.22 | H5: 170 | I5: 0 | J5: 1.33 | K5: =ROUNDUP(F5*POWER(G5,D5),0) | L5: =MAX(1,ROUNDDOWN(K5/'参数与公式'!$B$5,0)) | M5: =MAX(1,ROUNDDOWN(K5*(1-'参数与公式'!$B$14)/'参数与公式'!$B$5,0)) | N5: =IF(H5=0,0,ROUNDUP(H5*POWER(J5,D5),0)) | O5: =IF(I5=0,0,ROUNDUP(I5*POWER(J5,D5),0)) | P5: =IF(N5=0,0,MAX(1,ROUNDUP(N5*(1-'参数与公式'!$B$17),0))) | Q5: =IF(O5=0,0,MAX(1,ROUNDUP(O5*(1-'参数与公式'!$B$17),0))) | R5: data/building_templates.yaml; max_level: gameplay/constants.py; formula: gameplay/models/manor.py
A6: farm | B6: 农田 | C6: 资源生产 | D6: 2 | E6: =D6+1 | F6: 180 | G6: 1.22 | H6: 170 | I6: 0 | J6: 1.33 | K6: =ROUNDUP(F6*POWER(G6,D6),0) | L6: =MAX(1,ROUNDDOWN(K6/'参数与公式'!$B$5,0)) | M6: =MAX(1,ROUNDDOWN(K6*(1-'参数与公式'!$B$14)/'参数与公式'!$B$5,0)) | N6: =IF(H6=0,0,ROUNDUP(H6*POWER(J6,D6),0)) | O6: =IF(I6=0,0,ROUNDUP(I6*POWER(J6,D6),0)) | P6: =IF(N6=0,0,MAX(1,ROUNDUP(N6*(1-'参数与公式'!$B$17),0))) | Q6: =IF(O6=0,0,MAX(1,ROUNDUP(O6*(1-'参数与公式'!$B$17),0))) | R6: data/building_templates.yaml; max_level: gameplay/constants.py; formula: gameplay/models/manor.py
A7: farm | B7: 农田 | C7: 资源生产 | D7: 3 | E7: =D7+1 | F7: 180 | G7: 1.22 | H7: 170 | I7: 0 | J7: 1.33 | K7: =ROUNDUP(F7*POWER(G7,D7),0) | L7: =MAX(1,ROUNDDOWN(K7/'参数与公式'!$B$5,0)) | M7: =MAX(1,ROUNDDOWN(K7*(1-'参数与公式'!$B$14)/'参数与公式'!$B$5,0)) | N7: =IF(H7=0,0,ROUNDUP(H7*POWER(J7,D7),0)) | O7: =IF(I7=0,0,ROUNDUP(I7*POWER(J7,D7),0)) | P7: =IF(N7=0,0,MAX(1,ROUNDUP(N7*(1-'参数与公式'!$B$17),0))) | Q7: =IF(O7=0,0,MAX(1,ROUNDUP(O7*(1-'参数与公式'!$B$17),0))) | R7: data/building_templates.yaml; max_level: gameplay/constants.py; formula: gameplay/models/manor.py
A8: farm | B8: 农田 | C8: 资源生产 | D8: 4 | E8: =D8+1 | F8: 180 | G8: 1.22 | H8: 170 | I8: 0 | J8: 1.33 | K8: =ROUNDUP(F8*POWER(G8,D8),0) | L8: =MAX(1,ROUNDDOWN(K8/'参数与公式'!$B$5,0)) | M8: =MAX(1,ROUNDDOWN(K8*(1-'参数与公式'!$B$14)/'参数与公式'!$B$5,0)) | N8: =IF(H8=0,0,ROUNDUP(H8*POWER(J8,D8),0)) | O8: =IF(I8=0,0,ROUNDUP(I8*POWER(J8,D8),0)) | P8: =IF(N8=0,0,MAX(1,ROUNDUP(N8*(1-'参数与公式'!$B$17),0))) | Q8: =IF(O8=0,0,MAX(1,ROUNDUP(O8*(1-'参数与公式'!$B$17),0))) | R8: data/building_templates.yaml; max_level: gameplay/constants.py; formula: gameplay/models/manor.py
A9: farm | B9: 农田 | C9: 资源生产 | D9: 5 | E9: =D9+1 | F9: 180 | G9: 1.22 | H9: 170 | I9: 0 | J9: 1.33 | K9: =ROUNDUP(F9*POWER(G9,D9),0) | L9: =MAX(1,ROUNDDOWN(K9/'参数与公式'!$B$5,0)) | M9: =MAX(1,ROUNDDOWN(K9*(1-'参数与公式'!$B$14)/'参数与公式'!$B$5,0)) | N9: =IF(H9=0,0,ROUNDUP(H9*POWER(J9,D9),0)) | O9: =IF(I9=0,0,ROUNDUP(I9*POWER(J9,D9),0)) | P9: =IF(N9=0,0,MAX(1,ROUNDUP(N9*(1-'参数与公式'!$B$17),0))) | Q9: =IF(O9=0,0,MAX(1,ROUNDUP(O9*(1-'参数与公式'!$B$17),0))) | R9: data/building_templates.yaml; max_level: gameplay/constants.py; formula: gameplay/models/manor.py
A10: farm | B10: 农田 | C10: 资源生产 | D10: 6 | E10: =D10+1 | F10: 180 | G10: 1.22 | H10: 170 | I10: 0 | J10: 1.33 | K10: =ROUNDUP(F10*POWER(G10,D10),0) | L10: =MAX(1,ROUNDDOWN(K10/'参数与公式'!$B$5,0)) | M10: =MAX(1,ROUNDDOWN(K10*(1-'参数与公式'!$B$14)/'参数与公式'!$B$5,0)) | N10: =IF(H10=0,0,ROUNDUP(H10*POWER(J10,D10),0)) | O10: =IF(I10=0,0,ROUNDUP(I10*POWER(J10,D10),0)) | P10: =IF(N10=0,0,MAX(1,ROUNDUP(N10*(1-'参数与公式'!$B$17),0))) | Q10: =IF(O10=0,0,MAX(1,ROUNDUP(O10*(1-'参数与公式'!$B$17),0))) | R10: data/building_templates.yaml; max_level: gameplay/constants.py; formula: gameplay/models/manor.py
A11: farm | B11: 农田 | C11: 资源生产 | D11: 7 | E11: =D11+1 | F11: 180 | G11: 1.22 | H11: 170 | I11: 0 | J11: 1.33 | K11: =ROUNDUP(F11*POWER(G11,D11),0) | L11: =MAX(1,ROUNDDOWN(K11/'参数与公式'!$B$5,0)) | M11: =MAX(1,ROUNDDOWN(K11*(1-'参数与公式'!$B$14)/'参数与公式'!$B$5,0)) | N11: =IF(H11=0,0,ROUNDUP(H11*POWER(J11,D11),0)) | O11: =IF(I11=0,0,ROUNDUP(I11*POWER(J11,D11),0)) | P11: =IF(N11=0,0,MAX(1,ROUNDUP(N11*(1-'参数与公式'!$B$17),0))) | Q11: =IF(O11=0,0,MAX(1,ROUNDUP(O11*(1-'参数与公式'!$B$17),0))) | R11: data/building_templates.yaml; max_level: gameplay/constants.py; formula: gameplay/models/manor.py
A12: farm | B12: 农田 | C12: 资源生产 | D12: 8 | E12: =D12+1 | F12: 180 | G12: 1.22 | H12: 170 | I12: 0 | J12: 1.33 | K12: =ROUNDUP(F12*POWER(G12,D12),0) | L12: =MAX(1,ROUNDDOWN(K12/'参数与公式'!$B$5,0)) | M12: =MAX(1,ROUNDDOWN(K12*(1-'参数与公式'!$B$14)/'参数与公式'!$B$5,0)) | N12: =IF(H12=0,0,ROUNDUP(H12*POWER(J12,D12),0)) | O12: =IF(I12=0,0,ROUNDUP(I12*POWER(J12,D12),0)) | P12: =IF(N12=0,0,MAX(1,ROUNDUP(N12*(1-'参数与公式'!$B$17),0))) | Q12: =IF(O12=0,0,MAX(1,ROUNDUP(O12*(1-'参数与公式'!$B$17),0))) | R12: data/building_templates.yaml; max_level: gameplay/constants.py; formula: gameplay/models/manor.py
A13: farm | B13: 农田 | C13: 资源生产 | D13: 9 | E13: =D13+1 | F13: 180 | G13: 1.22 | H13: 170 | I13: 0 | J13: 1.33 | K13: =ROUNDUP(F13*POWER(G13,D13),0) | L13: =MAX(1,ROUNDDOWN(K13/'参数与公式'!$B$5,0)) | M13: =MAX(1,ROUNDDOWN(K13*(1-'参数与公式'!$B$14)/'参数与公式'!$B$5,0)) | N13: =IF(H13=0,0,ROUNDUP(H13*POWER(J13,D13),0)) | O13: =IF(I13=0,0,ROUNDUP(I13*POWER(J13,D13),0)) | P13: =IF(N13=0,0,MAX(1,ROUNDUP(N13*(1-'参数与公式'!$B$17),0))) | Q13: =IF(O13=0,0,MAX(1,ROUNDUP(O13*(1-'参数与公式'!$B$17),0))) | R13: data/building_templates.yaml; max_level: gameplay/constants.py; formula: gameplay/models/manor.py
A14: farm | B14: 农田 | C14: 资源生产 | D14: 10 | E14: =D14+1 | F14: 180 | G14: 1.22 | H14: 170 | I14: 0 | J14: 1.33 | K14: =ROUNDUP(F14*POWER(G14,D14),0) | L14: =MAX(1,ROUNDDOWN(K14/'参数与公式'!$B$5,0)) | M14: =MAX(1,ROUNDDOWN(K14*(1-'参数与公式'!$B$14)/'参数与公式'!$B$5,0)) | N14: =IF(H14=0,0,ROUNDUP(H14*POWER(J14,D14),0)) | O14: =IF(I14=0,0,ROUNDUP(I14*POWER(J14,D14),0)) | P14: =IF(N14=0,0,MAX(1,ROUNDUP(N14*(1-'参数与公式'!$B$17),0))) | Q14: =IF(O14=0,0,MAX(1,ROUNDUP(O14*(1-'参数与公式'!$B$17),0))) | R14: data/building_templates.yaml; max_level: gameplay/constants.py; formula: gameplay/models/manor.py
A15: farm | B15: 农田 | C15: 资源生产 | D15: 11 | E15: =D15+1 | F15: 180 | G15: 1.22 | H15: 170 | I15: 0 | J15: 1.33 | K15: =ROUNDUP(F15*POWER(G15,D15),0) | L15: =MAX(1,ROUNDDOWN(K15/'参数与公式'!$B$5,0)) | M15: =MAX(1,ROUNDDOWN(K15*(1-'参数与公式'!$B$14)/'参数与公式'!$B$5,0)) | N15: =IF(H15=0,0,ROUNDUP(H15*POWER(J15,D15),0)) | O15: =IF(I15=0,0,ROUNDUP(I15*POWER(J15,D15),0)) | P15: =IF(N15=0,0,MAX(1,ROUNDUP(N15*(1-'参数与公式'!$B$17),0))) | Q15: =IF(O15=0,0,MAX(1,ROUNDUP(O15*(1-'参数与公式'!$B$17),0))) | R15: data/building_templates.yaml; max_level: gameplay/constants.py; formula: gameplay/models/manor.py
A16: farm | B16: 农田 | C16: 资源生产 | D16: 12 | E16: =D16+1 | F16: 180 | G16: 1.22 | H16: 170 | I16: 0 | J16: 1.33 | K16: =ROUNDUP(F16*POWER(G16,D16),0) | L16: =MAX(1,ROUNDDOWN(K16/'参数与公式'!$B$5,0)) | M16: =MAX(1,ROUNDDOWN(K16*(1-'参数与公式'!$B$14)/'参数与公式'!$B$5,0)) | N16: =IF(H16=0,0,ROUNDUP(H16*POWER(J16,D16),0)) | O16: =IF(I16=0,0,ROUNDUP(I16*POWER(J16,D16),0)) | P16: =IF(N16=0,0,MAX(1,ROUNDUP(N16*(1-'参数与公式'!$B$17),0))) | Q16: =IF(O16=0,0,MAX(1,ROUNDUP(O16*(1-'参数与公式'!$B$17),0))) | R16: data/building_templates.yaml; max_level: gameplay/constants.py; formula: gameplay/models/manor.py
... A328: arrow_tower | B328: 箭塔 | C328: 城防建筑 | D328: 9 | E328: =D328+1 | F328: 1200 | G328: 1.85 | H328: 18000 | I328: 0 | J328: 1.85 | K328: =ROUNDUP(F328*POWER(G328,D328),0) | L328: =MAX(1,ROUNDDOWN(K328/'参数与公式'!$B$5,0)) | M328: =MAX(1,ROUNDDOWN(K328*(1-'参数与公式'!$B$14)/'参数与公式'!$B$5,0)) | N328: =IF(H328=0,0,ROUNDUP(H328*POWER(J328,D328),0)) | O328: =IF(I328=0,0,ROUNDUP(I328*POWER(J328,D328),0)) | P328: =IF(N328=0,0,MAX(1,ROUNDUP(N328*(1-'参数与公式'!$B$17),0))) | Q328: =IF(O328=0,0,MAX(1,ROUNDUP(O328*(1-'参数与公式'!$B$17),0))) | R328: data/building_templates.yaml; max_level: gameplay/constants.py; formula: gameplay/models/manor.py

Sheet 建筑建议总览
A1: 建筑建议方案总览｜总预算 + 逐级增长曲线（前期保护版）
A2: 黄色为建议输入/目标，绿色为公式或基线引用。总预算控制满级累计量；逐级增长系数控制相邻等级增幅，不设末级/首级固定倍数；时长为配置游戏秒数，未计祠堂缩时与全局倍率。
A4: 建筑Key | B4: 建筑 | C4: 功能分类 | D4: 最高等级 | E4: 升级次数 | F4: 当前基础时间(s) | G4: 当前时间成长 | H4: 建议基础时间底线(s) | I4: 时长逐级增长系数 | J4: 建议时长预算(s) | K4: 用户目标时间(天) | L4: 建议总时长(天) | M4: 偏差(天) | N4: 当前基础银两 | O4: 当前成本成长 | P4: 建议基础银两底线 | Q4: 建议基础粮食底线 | R4: 成本逐级增长系数 | S4: 建议银两预算 | T4: 建议粮食预算 | U4: 用户目标银两 | V4: 建议总银两 | W4: 偏差 | X4: 建议总粮食 | Y4: 粮银比 | Z4: 调整策略 | AA4: 功能与平衡说明
A5: farm | B5: 农田 | C5: 资源生产 | D5: 50 | E5: =D5-'参数与公式'!$B$9 | F5: ='建筑总览'!$F$5 | G5: ='建筑总览'!$G$5 | H5: 180 | I5: 1.1 | J5: 1728000 | K5: 20 | L5: =SUMIF('建筑建议逐级'!$A$5:$A$328,$A5,'建筑建议逐级'!$M$5:$M$328)/'参数与公式'!$B$21 | M5: =IF(ISNUMBER(K5),L5-K5,"—") | N5: ='建筑总览'!$H$5 | O5: ='建筑总览'!$J$5 | P5: 170 | Q5: 0 | R5: 1.18 | S5: 5000000 | T5: 0 | U5: 5000000 | V5: =SUMIF('建筑建议逐级'!$A$5:$A$328,$A5,'建筑建议逐级'!$X$5:$X$328) | W5: =IF(ISNUMBER(U5),V5-U5,"—") | X5: =SUMIF('建筑建议逐级'!$A$5:$A$328,$A5,'建筑建议逐级'!$Y$5:$Y$328) | Y5: =IF(V5=0,0,X5/V5) | Z5: 基础资源建筑：总预算控制，逐级增长曲线 | AA5: 不再用高指数把末级拉成数天；总预算分布到49次升级。
A6: tax_office | B6: 税务司 | C6: 资源生产 | D6: 30 | E6: =D6-'参数与公式'!$B$9 | F6: ='建筑总览'!$F$6 | G6: ='建筑总览'!$G$6 | H6: 210 | I6: 1.1 | J6: 1728000 | K6: 20 | L6: =SUMIF('建筑建议逐级'!$A$5:$A$328,$A6,'建筑建议逐级'!$M$5:$M$328)/'参数与公式'!$B$21 | M6: =IF(ISNUMBER(K6),L6-K6,"—") | N6: ='建筑总览'!$H$6 | O6: ='建筑总览'!$J$6 | P6: 450 | Q6: 0 | R6: 1.45 | S6: 5000000 | T6: 0 | U6: 5000000 | V6: =SUMIF('建筑建议逐级'!$A$5:$A$328,$A6,'建筑建议逐级'!$X$5:$X$328) | W6: =IF(ISNUMBER(U6),V6-U6,"—") | X6: =SUMIF('建筑建议逐级'!$A$5:$A$328,$A6,'建筑建议逐级'!$Y$5:$Y$328) | Y6: =IF(V6=0,0,X6/V6) | Z6: 资源产出建筑：总预算控制，相邻级平滑增长 | AA6: 与农田同一基础资源档位，但按30级自然形成更长单级时长。
A7: bathhouse | B7: 澡堂 | C7: 资源生产 | D7: 20 | E7: =D7-'参数与公式'!$B$9 | F7: ='建筑总览'!$F$7 | G7: ='建筑总览'!$G$7 | H7: 300 | I7: 1.08 | J7: 864000 | K7: 10 | L7: =SUMIF('建筑建议逐级'!$A$5:$A$328,$A7,'建筑建议逐级'!$M$5:$M$328)/'参数与公式'!$B$21 | M7: =IF(ISNUMBER(K7),L7-K7,"—") | N7: ='建筑总览'!$H$7 | O7: ='建筑总览'!$J$7 | P7: 850 | Q7: 0 | R7: 1.4 | S7: 2000000 | T7: 0 | U7: 2000000 | V7: =SUMIF('建筑建议逐级'!$A$5:$A$328,$A7,'建筑建议逐级'!$X$5:$X$328) | W7: =IF(ISNUMBER(U7),V7-U7,"—") | X7: =SUMIF('建筑建议逐级'!$A$5:$A$328,$A7,'建筑建议逐级'!$Y$5:$Y$328) | Y7: =IF(V7=0,0,X7/V7) | Z7: 生活设施：平滑预算曲线，避免早期过重 | AA7: 早期可升级，后期仍有明显投入感。
A8: latrine | B8: 茅厕 | C8: 资源生产 | D8: 20 | E8: =D8-'参数与公式'!$B$9 | F8: ='建筑总览'!$F$8 | G8: ='建筑总览'!$G$8 | H8: 300 | I8: 1.08 | J8: 864000 | K8: 10 | L8: =SUMIF('建筑建议逐级'!$A$5:$A$328,$A8,'建筑建议逐级'!$M$5:$M$328)/'参数与公式'!$B$21 | M8: =IF(ISNUMBER(K8),L8-K8,"—") | N8: ='建筑总览'!$H$8 | O8: ='建筑总览'!$J$8 | P8: 550 | Q8: 0 | R8: 1.4 | S8: 2000000 | T8: 0 | U8: 2000000 | V8: =SUMIF('建筑建议逐级'!$A$5:$A$328,$A8,'建筑建议逐级'!$X$5:$X$328) | W8: =IF(ISNUMBER(U8),V8-U8,"—") | X8: =SUMIF('建筑建议逐级'!$A$5:$A$328,$A8,'建筑建议逐级'!$Y$5:$Y$328) | Y8: =IF(V8=0,0,X8/V8) | Z8: 生活设施：平滑预算曲线，避免早期过重 | AA8: 基础民生设施，升级压力和澡堂保持同档。
A9: granary | B9: 粮仓 | C9: 仓储设施 | D9: 20 | E9: =D9-'参数与公式'!$B$9 | F9: ='建筑总览'!$F$9 | G9: ='建筑总览'!$G$9 | H9: 300 | I9: 1.08 | J9: 1728000 | K9: 20 | L9: =SUMIF('建筑建议逐级'!$A$5:$A$328,$A9,'建筑建议逐级'!$M$5:$M$328)/'参数与公式'!$B$21 | M9: =IF(ISNUMBER(K9),L9-K9,"—") | N9: ='建筑总览'!$H$9 | O9: ='建筑总览'!$J$9 | P9: 950 | Q9: 0 | R9: 1.5 | S9: 5000000 | T9: 0 | U9: 5000000 | V9: =SUMIF('建筑建议逐级'!$A$5:$A$328,$A9,'建筑建议逐级'!$X$5:$X$328) | W9: =IF(ISNUMBER(U9),V9-U9,"—") | X9: =SUMIF('建筑建议逐级'!$A$5:$A$328,$A9,'建筑建议逐级'!$Y$5:$Y$328) | Y9: =IF(V9=0,0,X9/V9) | Z9: 仓储建筑：20日时长预算，500万银两成本预算 | AA9: 粮仓满级累计时间约20天、银两约500万；时间与成本分别归一化，升级节奏保持平滑。
A10: silver_vault | B10: 银库 | C10: 仓储设施 | D10: 30 | E10: =D10-'参数与公式'!$B$9 | F10: ='建筑总览'!$F$10 | G10: ='建筑总览'!$G$10 | H10: 300 | I10: 1.08 | J10: 2592000 | K10: 30 | L10: =SUMIF('建筑建议逐级'!$A$5:$A$328,$A10,'建筑建议逐级'!$M$5:$M$328)/'参数与公式'!$B$21 | M10: =IF(ISNUMBER(K10),L10-K10,"—") | N10: ='建筑总览'!$H$10 | O10: ='建筑总览'!$J$10 | P10: 1100 | Q10: 0 | R10: 1 | S10: 0 | T10: 0 | V10: =SUMIF('建筑建议逐级'!$A$5:$A$328,$A10,'建筑建议逐级'!$X$5:$X$328) | W10: =IF(ISNUMBER(U10),V10-U10,"—") | X10: =SUMIF('建筑建议逐级'!$A$5:$A$328,$A10,'建筑建议逐级'!$Y$5:$Y$328) | Y10: =IF(V10=0,0,X10/V10) | Z10: 只控制时间预算，容量成本沿用现状 | AA10: 30日是时间预算，成本保留原稀缺性。
A11: treasury | B11: 藏宝阁 | C11: 仓储设施 | D11: 20 | E11: =D11-'参数与公式'!$B$9 | F11: ='建筑总览'!$F$11 | G11: ='建筑总览'!$G$11 | H11: 600 | I11: 1.08 | J11: 2592000 | K11: 30 | L11: =SUMIF('建筑建议逐级'!$A$5:$A$328,$A11,'建筑建议逐级'!$M$5:$M$328)/'参数与公式'!$B$21 | M11: =IF(ISNUMBER(K11),L11-K11,"—") | N11: ='建筑总览'!$H$11 | O11: ='建筑总览'!$J$11 | P11: 7500 | Q11: 0 | R11: 1 | S11: 0 | T11: 0 | V11: =SUMIF('建筑建议逐级'!$A$5:$A$328,$A11,'建筑建议逐级'!$X$5:$X$328) | W11: =IF(ISNUMBER(U11),V11-U11,"—") | X11: =SUMIF('建筑建议逐级'!$A$5:$A$328,$A11,'建筑建议逐级'!$Y$5:$Y$328) | Y11: =IF(V11=0,0,X11/V11) | Z11: 只控制时间预算，珍稀物品成本沿用现状 | AA11: 30日是时间预算，成本保留高价值存储定位。
A12: ranch | B12: 畜牧场 | C12: 生产加工 | D12: 10 | E12: =D12-'参数与公式'!$B$9 | F12: ='建筑总览'!$F$12 | G12: ='建筑总览'!$G$12 | H12: 300 | I12: 1.08 | J12: 864000 | K12: 10 | L12: =SUMIF('建筑建议逐级'!$A$5:$A$328,$A12,'建筑建议逐级'!$M$5:$M$328)/'参数与公式'!$B$21 | M12: =IF(ISNUMBER(K12),L12-K12,"—") | N12: ='建筑总览'!$H$12 | O12: ='建筑总览'!$J$12 | P12: 800 | Q12: 0 | R12: 1.2 | S12: 1000000 | T12: 0 | U12: 1000000 | V12: =SUMIF('建筑建议逐级'!$A$5:$A$328,$A12,'建筑建议逐级'!$X$5:$X$328) | W12: =IF(ISNUMBER(U12),V12-U12,"—") | X12: =SUMIF('建筑建议逐级'!$A$5:$A$328,$A12,'建筑建议逐级'!$Y$5:$Y$328) | Y12: =IF(V12=0,0,X12/V12) | Z12: 生产建筑：统一10日/100万档位 | AA12: 同类生产建筑使用同一预算曲线，减少无意义的指数差异。
A13: smithy | B13: 冶炼坊 | C13: 生产加工 | D13: 10 | E13: =D13-'参数与公式'!$B$9 | F13: ='建筑总览'!$F$13 | G13: ='建筑总览'!$G$13 | H13: 300 | I13: 1.08 | J13: 864000 | K13: 10 | L13: =SUMIF('建筑建议逐级'!$A$5:$A$328,$A13,'建筑建议逐级'!$M$5:$M$328)/'参数与公式'!$B$21 | M13: =IF(ISNUMBER(K13),L13-K13,"—") | N13: ='建筑总览'!$H$13 | O13: ='建筑总览'!$J$13 | P13: 1000 | Q13: 0 | R13: 1.2 | S13: 1000000 | T13: 0 | U13: 1000000 | V13: =SUMIF('建筑建议逐级'!$A$5:$A$328,$A13,'建筑建议逐级'!$X$5:$X$328) | W13: =IF(ISNUMBER(U13),V13-U13,"—") | X13: =SUMIF('建筑建议逐级'!$A$5:$A$328,$A13,'建筑建议逐级'!$Y$5:$Y$328) | Y13: =IF(V13=0,0,X13/V13) | Z13: 生产建筑：统一10日/100万档位 | AA13: 同类生产建筑使用同一预算曲线，减少无意义的指数差异。
A14: stable | B14: 马房 | C14: 生产加工 | D14: 10 | E14: =D14-'参数与公式'!$B$9 | F14: ='建筑总览'!$F$14 | G14: ='建筑总览'!$G$14 | H14: 300 | I14: 1.08 | J14: 864000 | K14: 10 | L14: =SUMIF('建筑建议逐级'!$A$5:$A$328,$A14,'建筑建议逐级'!$M$5:$M$328)/'参数与公式'!$B$21 | M14: =IF(ISNUMBER(K14),L14-K14,"—") | N14: ='建筑总览'!$H$14 | O14: ='建筑总览'!$J$14 | P14: 980 | Q14: 0 | R14: 1.2 | S14: 1000000 | T14: 0 | U14: 1000000 | V14: =SUMIF('建筑建议逐级'!$A$5:$A$328,$A14,'建筑建议逐级'!$X$5:$X$328) | W14: =IF(ISNUMBER(U14),V14-U14,"—") | X14: =SUMIF('建筑建议逐级'!$A$5:$A$328,$A14,'建筑建议逐级'!$Y$5:$Y$328) | Y14: =IF(V14=0,0,X14/V14) | Z14: 生产建筑：统一10日/100万档位 | AA14: 同类生产建筑使用同一预算曲线，减少无意义的指数差异。
A15: forge | B15: 铁匠铺 | C15: 生产加工 | D15: 10 | E15: =D15-'参数与公式'!$B$9 | F15: ='建筑总览'!$F$15 | G15: ='建筑总览'!$G$15 | H15: 300 | I15: 1.08 | J15: 864000 | K15: 10 | L15: =SUMIF('建筑建议逐级'!$A$5:$A$328,$A15,'建筑建议逐级'!$M$5:$M$328)/'参数与公式'!$B$21 | M15: =IF(ISNUMBER(K15),L15-K15,"—") | N15: ='建筑总览'!$H$15 | O15: ='建筑总览'!$J$15 | P15: 500 | Q15: 500 | R15: 1.2 | S15: 1000000 | T15: 1000000 | U15: 1000000 | V15: =SUMIF('建筑建议逐级'!$A$5:$A$328,$A15,'建筑建议逐级'!$X$5:$X$328) | W15: =IF(ISNUMBER(U15),V15-U15,"—") | X15: =SUMIF('建筑建议逐级'!$A$5:$A$328,$A15,'建筑建议逐级'!$Y$5:$Y$328) | Y15: =IF(V15=0,0,X15/V15) | Z15: 生产建筑：粮银预算各100万，比例不变 | AA15: 粮银均按现有1:1比例配置预算。
A16: juxianzhuang | B16: 聚贤庄 | C16: 人员管理 | D16: 15 | E16: =D16-'参数与公式'!$B$9 | F16: ='建筑总览'!$F$16 | G16: ='建筑总览'!$G$16 | H16: 3107 | I16: 1.1 | J16: 15552000 | K16: 180 | L16: =SUMIF('建筑建议逐级'!$A$5:$A$328,$A16,'建筑建议逐级'!$M$5:$M$328)/'参数与公式'!$B$21 | M16: =IF(ISNUMBER(K16),L16-K16,"—") | N16: ='建筑总览'!$H$16 | O16: ='建筑总览'!$J$16 | P16: 17164 | Q16: 3432 | R16: 1 | S16: 0 | T16: 0 | V16: =SUMIF('建筑建议逐级'!$A$5:$A$328,$A16,'建筑建议逐级'!$X$5:$X$328) | W16: =IF(ISNUMBER(U16),V16-U16,"—") | X16: =SUMIF('建筑建议逐级'!$A$5:$A$328,$A16,'建筑建议逐级'!$Y$5:$Y$328) | Y16: =IF(V16=0,0,X16/V16) | Z16: 容量核心：180日预算，后段适度加重 | AA16: 180天长线建筑：时长按逐级增长曲线分配；银两总额未设用户目标，成本先保留现状并建议配合后期解锁条件。
A17: jiadingfang | B17: 家丁房 | C17: 人员管理 | D17: 30 | E17: =D17-'参数与公式'!$B$9 | F17: ='建筑总览'!$F$17 | G17: ='建筑总览'!$G$17 | H17: 300 | I17: 1.08 | J17: 2160000 | K17: 25 | L17: =SUMIF('建筑建议逐级'!$A$5:$A$328,$A17,'建筑建议逐级'!$M$5:$M$328)/'参数与公式'!$B$21 | M17: =IF(ISNUMBER(K17),L17-K17,"—") | N17: ='建筑总览'!$H$17 | O17: ='建筑总览'!$J$17 | P17: 420 | Q17: 0 | R17: 1 | S17: 0 | T17: 0 | V17: =SUMIF('建筑建议逐级'!$A$5:$A$328,$A17,'建筑建议逐级'!$X$5:$X$328) | W17: =IF(ISNUMBER(U17),V17-U17,"—") | X17: =SUMIF('建筑建议逐级'!$A$5:$A$328,$A17,'建筑建议逐级'!$Y$5:$Y$328) | Y17: =IF(V17=0,0,X17/V17) | Z17: 容量建筑：25日预算，成本沿用现状 | AA17: 容量成长较长，但保持低于聚贤庄级别。
A18: lianggongchang | B18: 练功场 | C18: 人员管理 | D18: 10 | E18: =D18-'参数与公式'!$B$9 | F18: ='建筑总览'!$F$18 | G18: ='建筑总览'!$G$18 | H18: 300 | I18: 1.08 | J18: 864000 | K18: 10 | L18: =SUMIF('建筑建议逐级'!$A$5:$A$328,$A18,'建筑建议逐级'!$M$5:$M$328)/'参数与公式'!$B$21 | M18: =IF(ISNUMBER(K18),L18-K18,"—") | N18: ='建筑总览'!$H$18 | O18: ='建筑总览'!$J$18 | P18: 550 | Q18: 0 | R18: 1.2 | S18: 1000000 | T18: 0 | V18: =SUMIF('建筑建议逐级'!$A$5:$A$328,$A18,'建筑建议逐级'!$X$5:$X$328) | W18: =IF(ISNUMBER(U18),V18-U18,"—") | X18: =SUMIF('建筑建议逐级'!$A$5:$A$328,$A18,'建筑建议逐级'!$Y$5:$Y$328) | Y18: =IF(V18=0,0,X18/V18) | Z18: 训练建筑：统一10日/100万档位 | AA18: 训练功能与普通生产建筑共用预算档位。
A19: tavern | B19: 酒馆 | C19: 人员管理 | D19: 10 | E19: =D19-'参数与公式'!$B$9 | F19: ='建筑总览'!$F$19 | G19: ='建筑总览'!$G$19 | H19: 300 | I19: 1.08 | J19: 864000 | K19: 10 | L19: =SUMIF('建筑建议逐级'!$A$5:$A$328,$A19,'建筑建议逐级'!$M$5:$M$328)/'参数与公式'!$B$21 | M19: =IF(ISNUMBER(K19),L19-K19,"—") | N19: ='建筑总览'!$H$19 | O19: ='建筑总览'!$J$19 | P19: 1150 | Q19: 0 | R19: 1.2 | S19: 5000000 | T19: 0 | U19: 5000000 | V19: =SUMIF('建筑建议逐级'!$A$5:$A$328,$A19,'建筑建议逐级'!$X$5:$X$328) | W19: =IF(ISNUMBER(U19),V19-U19,"—") | X19: =SUMIF('建筑建议逐级'!$A$5:$A$328,$A19,'建筑建议逐级'!$Y$5:$Y$328) | Y19: =IF(V19=0,0,X19/V19) | Z19: 复合收益建筑：成本后段略高于普通生产设施 | AA19: 复合收益带来略高的成本后段曲线。
A20: citang | B20: 祠堂 | C20: 特殊建筑 | D20: 5 | E20: =D20-'参数与公式'!$B$9 | F20: ='建筑总览'!$F$20 | G20: ='建筑总览'!$G$20 | H20: 3600 | I20: 1.03 | J20: 2592000 | K20: 30 | L20: =SUMIF('建筑建议逐级'!$A$5:$A$328,$A20,'建筑建议逐级'!$M$5:$M$328)/'参数与公式'!$B$21 | M20: =IF(ISNUMBER(K20),L20-K20,"—") | N20: ='建筑总览'!$H$20 | O20: ='建筑总览'!$J$20 | P20: 10000 | Q20: 5000 | R20: 1.03 | S20: 10000000 | T20: 5000000 | U20: 10000000 | V20: =SUMIF('建筑建议逐级'!$A$5:$A$328,$A20,'建筑建议逐级'!$X$5:$X$328) | W20: =IF(ISNUMBER(U20),V20-U20,"—") | X20: =SUMIF('建筑建议逐级'!$A$5:$A$328,$A20,'建筑建议逐级'!$Y$5:$Y$328) | Y20: =IF(V20=0,0,X20/V20) | Z20: 全局增益建筑：后段曲线更强但不指数爆炸 | AA20: 4次升级共30日，后段加重但仍由总预算封顶。
A21: youxibaota | B21: 悠嘻宝塔 | C21: 特殊建筑 | D21: 15 | E21: =D21-'参数与公式'!$B$9 | F21: ='建筑总览'!$F$21 | G21: ='建筑总览'!$G$21 | H21: 3107 | I21: 1.1 | J21: 15552000 | K21: 180 | L21: =SUMIF('建筑建议逐级'!$A$5:$A$328,$A21,'建筑建议逐级'!$M$5:$M$328)/'参数与公式'!$B$21 | M21: =IF(ISNUMBER(K21),L21-K21,"—") | N21: ='建筑总览'!$H$21 | O21: ='建筑总览'!$J$21 | P21: 20193 | Q21: 4038 | R21: 1 | S21: 0 | T21: 0 | V21: =SUMIF('建筑建议逐级'!$A$5:$A$328,$A21,'建筑建议逐级'!$X$5:$X$328) | W21: =IF(ISNUMBER(U21),V21-U21,"—") | X21: =SUMIF('建筑建议逐级'!$A$5:$A$328,$A21,'建筑建议逐级'!$Y$5:$Y$328) | Y21: =IF(V21=0,0,X21/V21) | Z21: 出征容量核心：180日预算，后段适度加重 | AA21: 180天长线建筑：时长按逐级增长曲线分配；银两总额未设用户目标，成本先保留现状并建议配合后期解锁条件。
A22: jail | B22: 监牢 | C22: 特殊建筑 | D22: 5 | E22: =D22-'参数与公式'!$B$9 | F22: ='建筑总览'!$F$22 | G22: ='建筑总览'!$G$22 | H22: 600 | I22: 1.03 | J22: 2592000 | K22: 30 | L22: =SUMIF('建筑建议逐级'!$A$5:$A$328,$A22,'建筑建议逐级'!$M$5:$M$328)/'参数与公式'!$B$21 | M22: =IF(ISNUMBER(K22),L22-K22,"—") | N22: ='建筑总览'!$H$22 | O22: ='建筑总览'!$J$22 | P22: 1200 | Q22: 800 | R22: 1.03 | S22: 10000000 | T22: 6666667 | U22: 10000000 | V22: =SUMIF('建筑建议逐级'!$A$5:$A$328,$A22,'建筑建议逐级'!$X$5:$X$328) | W22: =IF(ISNUMBER(U22),V22-U22,"—") | X22: =SUMIF('建筑建议逐级'!$A$5:$A$328,$A22,'建筑建议逐级'!$Y$5:$Y$328) | Y22: =IF(V22=0,0,X22/V22) | Z22: 特殊容量建筑：高预算、可控后段溢价 | AA22: 4次升级共30日，末级约12天而非16天以上。
A23: oath_grove | B23: 结义林 | C23: 特殊建筑 | D23: 5 | E23: =D23-'参数与公式'!$B$9 | F23: ='建筑总览'!$F$23 | G23: ='建筑总览'!$G$23 | H23: 600 | I23: 1.03 | J23: 2592000 | K23: 30 | L23: =SUMIF('建筑建议逐级'!$A$5:$A$328,$A23,'建筑建议逐级'!$M$5:$M$328)/'参数与公式'!$B$21 | M23: =IF(ISNUMBER(K23),L23-K23,"—") | N23: ='建筑总览'!$H$23 | O23: ='建筑总览'!$J$23 | P23: 1200 | Q23: 800 | R23: 1.03 | S23: 10000000 | T23: 6666667 | U23: 10000000 | V23: =SUMIF('建筑建议逐级'!$A$5:$A$328,$A23,'建筑建议逐级'!$X$5:$X$328) | W23: =IF(ISNUMBER(U23),V23-U23,"—") | X23: =SUMIF('建筑建议逐级'!$A$5:$A$328,$A23,'建筑建议逐级'!$Y$5:$Y$328) | Y23: =IF(V23=0,0,X23/V23) | Z23: 社交容量建筑：高预算、可控后段溢价 | AA23: 4次升级共30日，末级约12天而非16天以上。
A24: wall | B24: 城墙 | C24: 城防建筑 | D24: 10 | E24: =D24-'参数与公式'!$B$9 | F24: ='建筑总览'!$F$24 | G24: ='建筑总览'!$G$24 | H24: 900 | I24: 1.08 | J24: 864000 | K24: 10 | L24: =SUMIF('建筑建议逐级'!$A$5:$A$328,$A24,'建筑建议逐级'!$M$5:$M$328)/'参数与公式'!$B$21 | M24: =IF(ISNUMBER(K24),L24-K24,"—") | N24: ='建筑总览'!$H$24 | O24: ='建筑总览'!$J$24 | P24: 18000 | Q24: 0 | R24: 1.1 | S24: 1000000 | T24: 0 | U24: 1000000 | V24: =SUMIF('建筑建议逐级'!$A$5:$A$328,$A24,'建筑建议逐级'!$X$5:$X$328) | W24: =IF(ISNUMBER(U24),V24-U24,"—") | X24: =SUMIF('建筑建议逐级'!$A$5:$A$328,$A24,'建筑建议逐级'!$Y$5:$Y$328) | Y24: =IF(V24=0,0,X24/V24) | Z24: 城防建筑：统一10日/100万档位 | AA24: 总成本由预算控制到约100万，时间约10日。
A25: arrow_tower | B25: 箭塔 | C25: 城防建筑 | D25: 10 | E25: =D25-'参数与公式'!$B$9 | F25: ='建筑总览'!$F$25 | G25: ='建筑总览'!$G$25 | H25: 1200 | I25: 1.08 | J25: 864000 | K25: 10 | L25: =SUMIF('建筑建议逐级'!$A$5:$A$328,$A25,'建筑建议逐级'!$M$5:$M$328)/'参数与公式'!$B$21 | M25: =IF(ISNUMBER(K25),L25-K25,"—") | N25: ='建筑总览'!$H$25 | O25: ='建筑总览'!$J$25 | P25: 18000 | Q25: 0 | R25: 1.1 | S25: 1000000 | T25: 0 | U25: 1000000 | V25: =SUMIF('建筑建议逐级'!$A$5:$A$328,$A25,'建筑建议逐级'!$X$5:$X$328) | W25: =IF(ISNUMBER(U25),V25-U25,"—") | X25: =SUMIF('建筑建议逐级'!$A$5:$A$328,$A25,'建筑建议逐级'!$Y$5:$Y$328) | Y25: =IF(V25=0,0,X25/V25) | Z25: 城防建筑：统一10日/100万档位 | AA25: 与城墙保持同一投入档位。

Sheet 建筑建议逐级
A1: 建筑建议方案逐级明细｜总预算 + 逐级增长曲线
A2: 预算模式使用显式“单级权重/权重总和/额外分配/末级余数”列，确保 Excel 与运行代码逐级结果一致；增长系数控制相邻等级增幅，未配置预算时回退旧指数公式。
A4: 建筑Key | B4: 建筑 | C4: 功能分类 | D4: 当前等级 | E4: 目标等级 | F4: 最高等级 | G4: 基础时间底线(s) | H4: 时长逐级增长系数 | I4: 时长预算(s) | J4: 时长权重 | K4: 时长权重总和 | L4: 时长额外分配(s) | M4: 建议单级时长(s) | N4: 单级时长(天) | O4: 基础银两底线 | P4: 基础粮食底线 | Q4: 成本逐级增长系数 | R4: 银两预算 | S4: 粮食预算 | T4: 成本权重 | U4: 成本权重总和 | V4: 银两额外分配 | W4: 粮食额外分配 | X4: 建议银两成本 | Y4: 建议粮食成本 | Z4: 建筑学10级银两 | AA4: 建筑学10级粮食 | AB4: 公式说明 | AC4: 时长相邻增长 | AD4: 银两相邻增长
A5: farm | B5: 农田 | C5: 资源生产 | D5: 1 | E5: =D5+1 | F5: 50 | G5: =INDEX('建筑建议总览'!$H$5:$H$25,MATCH($A5,'建筑建议总览'!$A$5:$A$25,0)) | H5: =INDEX('建筑建议总览'!$I$5:$I$25,MATCH($A5,'建筑建议总览'!$A$5:$A$25,0)) | I5: =INDEX('建筑建议总览'!$J$5:$J$25,MATCH($A5,'建筑建议总览'!$A$5:$A$25,0)) | J5: =POWER(H5,D5-1) | K5: =SUMIF($A$5:$A$328,$A5,$J$5:$J$328) | L5: =IF(I5>0,ROUNDDOWN(MAX(0,I5-G5*(F5-1))*J5/K5,0),0) | M5: =IF(I5>0,G5+L5+IF(D5=F5-1,MAX(0,I5-G5*(F5-1)-SUMIF($A$5:$A$328,$A5,$L$5:$L$328)),0),ROUNDUP(G5*POWER(INDEX('建筑总览'!$G$5:$G$25,MATCH($A5,'建筑总览'!$A$5:$A$25,0)),D5),0)) | N5: =M5/'参数与公式'!$B$21 | O5: =INDEX('建筑建议总览'!$P$5:$P$25,MATCH($A5,'建筑建议总览'!$A$5:$A$25,0)) | P5: =INDEX('建筑建议总览'!$Q$5:$Q$25,MATCH($A5,'建筑建议总览'!$A$5:$A$25,0)) | Q5: =INDEX('建筑建议总览'!$R$5:$R$25,MATCH($A5,'建筑建议总览'!$A$5:$A$25,0)) | R5: =INDEX('建筑建议总览'!$S$5:$S$25,MATCH($A5,'建筑建议总览'!$A$5:$A$25,0)) | S5: =INDEX('建筑建议总览'!$T$5:$T$25,MATCH($A5,'建筑建议总览'!$A$5:$A$25,0)) | T5: =POWER(Q5,D5-1) | U5: =SUMIF($A$5:$A$328,$A5,$T$5:$T$328) | V5: =IF(R5>0,ROUNDDOWN(MAX(0,R5-O5*(F5-1))*T5/U5,0),0) | W5: =IF(S5>0,ROUNDDOWN(MAX(0,S5-P5*(F5-1))*T5/U5,0),0) | X5: =IF(R5>0,O5+V5+IF(D5=F5-1,MAX(0,R5-O5*(F5-1)-SUMIF($A$5:$A$328,$A5,$V$5:$V$328)),0),ROUNDUP(O5*POWER(INDEX('建筑总览'!$J$5:$J$25,MATCH($A5,'建筑总览'!$A$5:$A$25,0)),D5),0)) | Y5: =IF(P5=0,0,IF(S5>0,P5+W5+IF(D5=F5-1,MAX(0,S5-P5*(F5-1)-SUMIF($A$5:$A$328,$A5,$W$5:$W$328)),0),ROUNDUP(P5*POWER(INDEX('建筑总览'!$J$5:$J$25,MATCH($A5,'建筑总览'!$A$5:$A$25,0)),D5),0))) | Z5: =IF(X5=0,0,MAX(1,ROUNDUP(X5*(1-'参数与公式'!$B$17),0))) | AA5: =IF(Y5=0,0,MAX(1,ROUNDUP(Y5*(1-'参数与公式'!$B$17),0))) | AB5: 预算模式末级补足余数；旧模式按指数公式 | AC5: =IF(A5=A4,IFERROR(M5/M4,""),"") | AD5: =IF(AND(A5=A4,X4>0),X5/X4,"")
A6: farm | B6: 农田 | C6: 资源生产 | D6: 2 | E6: =D6+1 | F6: 50 | G6: =INDEX('建筑建议总览'!$H$5:$H$25,MATCH($A6,'建筑建议总览'!$A$5:$A$25,0)) | H6: =INDEX('建筑建议总览'!$I$5:$I$25,MATCH($A6,'建筑建议总览'!$A$5:$A$25,0)) | I6: =INDEX('建筑建议总览'!$J$5:$J$25,MATCH($A6,'建筑建议总览'!$A$5:$A$25,0)) | J6: =POWER(H6,D6-1) | K6: =SUMIF($A$5:$A$328,$A6,$J$5:$J$328) | L6: =IF(I6>0,ROUNDDOWN(MAX(0,I6-G6*(F6-1))*J6/K6,0),0) | M6: =IF(I6>0,G6+L6+IF(D6=F6-1,MAX(0,I6-G6*(F6-1)-SUMIF($A$5:$A$328,$A6,$L$5:$L$328)),0),ROUNDUP(G6*POWER(INDEX('建筑总览'!$G$5:$G$25,MATCH($A6,'建筑总览'!$A$5:$A$25,0)),D6),0)) | N6: =M6/'参数与公式'!$B$21 | O6: =INDEX('建筑建议总览'!$P$5:$P$25,MATCH($A6,'建筑建议总览'!$A$5:$A$25,0)) | P6: =INDEX('建筑建议总览'!$Q$5:$Q$25,MATCH($A6,'建筑建议总览'!$A$5:$A$25,0)) | Q6: =INDEX('建筑建议总览'!$R$5:$R$25,MATCH($A6,'建筑建议总览'!$A$5:$A$25,0)) | R6: =INDEX('建筑建议总览'!$S$5:$S$25,MATCH($A6,'建筑建议总览'!$A$5:$A$25,0)) | S6: =INDEX('建筑建议总览'!$T$5:$T$25,MATCH($A6,'建筑建议总览'!$A$5:$A$25,0)) | T6: =POWER(Q6,D6-1) | U6: =SUMIF($A$5:$A$328,$A6,$T$5:$T$328) | V6: =IF(R6>0,ROUNDDOWN(MAX(0,R6-O6*(F6-1))*T6/U6,0),0) | W6: =IF(S6>0,ROUNDDOWN(MAX(0,S6-P6*(F6-1))*T6/U6,0),0) | X6: =IF(R6>0,O6+V6+IF(D6=F6-1,MAX(0,R6-O6*(F6-1)-SUMIF($A$5:$A$328,$A6,$V$5:$V$328)),0),ROUNDUP(O6*POWER(INDEX('建筑总览'!$J$5:$J$25,MATCH($A6,'建筑总览'!$A$5:$A$25,0)),D6),0)) | Y6: =IF(P6=0,0,IF(S6>0,P6+W6+IF(D6=F6-1,MAX(0,S6-P6*(F6-1)-SUMIF($A$5:$A$328,$A6,$W$5:$W$328)),0),ROUNDUP(P6*POWER(INDEX('建筑总览'!$J$5:$J$25,MATCH($A6,'建筑总览'!$A$5:$A$25,0)),D6),0))) | Z6: =IF(X6=0,0,MAX(1,ROUNDUP(X6*(1-'参数与公式'!$B$17),0))) | AA6: =IF(Y6=0,0,MAX(1,ROUNDUP(Y6*(1-'参数与公式'!$B$17),0))) | AB6: 预算模式末级补足余数；旧模式按指数公式 | AC6: =IF(A6=A5,IFERROR(M6/M5,""),"") | AD6: =IF(AND(A6=A5,X5>0),X6/X5,"")
A7: farm | B7: 农田 | C7: 资源生产 | D7: 3 | E7: =D7+1 | F7: 50 | G7: =INDEX('建筑建议总览'!$H$5:$H$25,MATCH($A7,'建筑建议总览'!$A$5:$A$25,0)) | H7: =INDEX('建筑建议总览'!$I$5:$I$25,MATCH($A7,'建筑建议总览'!$A$5:$A$25,0)) | I7: =INDEX('建筑建议总览'!$J$5:$J$25,MATCH($A7,'建筑建议总览'!$A$5:$A$25,0)) | J7: =POWER(H7,D7-1) | K7: =SUMIF($A$5:$A$328,$A7,$J$5:$J$328) | L7: =IF(I7>0,ROUNDDOWN(MAX(0,I7-G7*(F7-1))*J7/K7,0),0) | M7: =IF(I7>0,G7+L7+IF(D7=F7-1,MAX(0,I7-G7*(F7-1)-SUMIF($A$5:$A$328,$A7,$L$5:$L$328)),0),ROUNDUP(G7*POWER(INDEX('建筑总览'!$G$5:$G$25,MATCH($A7,'建筑总览'!$A$5:$A$25,0)),D7),0)) | N7: =M7/'参数与公式'!$B$21 | O7: =INDEX('建筑建议总览'!$P$5:$P$25,MATCH($A7,'建筑建议总览'!$A$5:$A$25,0)) | P7: =INDEX('建筑建议总览'!$Q$5:$Q$25,MATCH($A7,'建筑建议总览'!$A$5:$A$25,0)) | Q7: =INDEX('建筑建议总览'!$R$5:$R$25,MATCH($A7,'建筑建议总览'!$A$5:$A$25,0)) | R7: =INDEX('建筑建议总览'!$S$5:$S$25,MATCH($A7,'建筑建议总览'!$A$5:$A$25,0)) | S7: =INDEX('建筑建议总览'!$T$5:$T$25,MATCH($A7,'建筑建议总览'!$A$5:$A$25,0)) | T7: =POWER(Q7,D7-1) | U7: =SUMIF($A$5:$A$328,$A7,$T$5:$T$328) | V7: =IF(R7>0,ROUNDDOWN(MAX(0,R7-O7*(F7-1))*T7/U7,0),0) | W7: =IF(S7>0,ROUNDDOWN(MAX(0,S7-P7*(F7-1))*T7/U7,0),0) | X7: =IF(R7>0,O7+V7+IF(D7=F7-1,MAX(0,R7-O7*(F7-1)-SUMIF($A$5:$A$328,$A7,$V$5:$V$328)),0),ROUNDUP(O7*POWER(INDEX('建筑总览'!$J$5:$J$25,MATCH($A7,'建筑总览'!$A$5:$A$25,0)),D7),0)) | Y7: =IF(P7=0,0,IF(S7>0,P7+W7+IF(D7=F7-1,MAX(0,S7-P7*(F7-1)-SUMIF($A$5:$A$328,$A7,$W$5:$W$328)),0),ROUNDUP(P7*POWER(INDEX('建筑总览'!$J$5:$J$25,MATCH($A7,'建筑总览'!$A$5:$A$25,0)),D7),0))) | Z7: =IF(X7=0,0,MAX(1,ROUNDUP(X7*(1-'参数与公式'!$B$17),0))) | AA7: =IF(Y7=0,0,MAX(1,ROUNDUP(Y7*(1-'参数与公式'!$B$17),0))) | AB7: 预算模式末级补足余数；旧模式按指数公式 | AC7: =IF(A7=A6,IFERROR(M7/M6,""),"") | AD7: =IF(AND(A7=A6,X6>0),X7/X6,"")
A8: farm | B8: 农田 | C8: 资源生产 | D8: 4 | E8: =D8+1 | F8: 50 | G8: =INDEX('建筑建议总览'!$H$5:$H$25,MATCH($A8,'建筑建议总览'!$A$5:$A$25,0)) | H8: =INDEX('建筑建议总览'!$I$5:$I$25,MATCH($A8,'建筑建议总览'!$A$5:$A$25,0)) | I8: =INDEX('建筑建议总览'!$J$5:$J$25,MATCH($A8,'建筑建议总览'!$A$5:$A$25,0)) | J8: =POWER(H8,D8-1) | K8: =SUMIF($A$5:$A$328,$A8,$J$5:$J$328) | L8: =IF(I8>0,ROUNDDOWN(MAX(0,I8-G8*(F8-1))*J8/K8,0),0) | M8: =IF(I8>0,G8+L8+IF(D8=F8-1,MAX(0,I8-G8*(F8-1)-SUMIF($A$5:$A$328,$A8,$L$5:$L$328)),0),ROUNDUP(G8*POWER(INDEX('建筑总览'!$G$5:$G$25,MATCH($A8,'建筑总览'!$A$5:$A$25,0)),D8),0)) | N8: =M8/'参数与公式'!$B$21 | O8: =INDEX('建筑建议总览'!$P$5:$P$25,MATCH($A8,'建筑建议总览'!$A$5:$A$25,0)) | P8: =INDEX('建筑建议总览'!$Q$5:$Q$25,MATCH($A8,'建筑建议总览'!$A$5:$A$25,0)) | Q8: =INDEX('建筑建议总览'!$R$5:$R$25,MATCH($A8,'建筑建议总览'!$A$5:$A$25,0)) | R8: =INDEX('建筑建议总览'!$S$5:$S$25,MATCH($A8,'建筑建议总览'!$A$5:$A$25,0)) | S8: =INDEX('建筑建议总览'!$T$5:$T$25,MATCH($A8,'建筑建议总览'!$A$5:$A$25,0)) | T8: =POWER(Q8,D8-1) | U8: =SUMIF($A$5:$A$328,$A8,$T$5:$T$328) | V8: =IF(R8>0,ROUNDDOWN(MAX(0,R8-O8*(F8-1))*T8/U8,0),0) | W8: =IF(S8>0,ROUNDDOWN(MAX(0,S8-P8*(F8-1))*T8/U8,0),0) | X8: =IF(R8>0,O8+V8+IF(D8=F8-1,MAX(0,R8-O8*(F8-1)-SUMIF($A$5:$A$328,$A8,$V$5:$V$328)),0),ROUNDUP(O8*POWER(INDEX('建筑总览'!$J$5:$J$25,MATCH($A8,'建筑总览'!$A$5:$A$25,0)),D8),0)) | Y8: =IF(P8=0,0,IF(S8>0,P8+W8+IF(D8=F8-1,MAX(0,S8-P8*(F8-1)-SUMIF($A$5:$A$328,$A8,$W$5:$W$328)),0),ROUNDUP(P8*POWER(INDEX('建筑总览'!$J$5:$J$25,MATCH($A8,'建筑总览'!$A$5:$A$25,0)),D8),0))) | Z8: =IF(X8=0,0,MAX(1,ROUNDUP(X8*(1-'参数与公式'!$B$17),0))) | AA8: =IF(Y8=0,0,MAX(1,ROUNDUP(Y8*(1-'参数与公式'!$B$17),0))) | AB8: 预算模式末级补足余数；旧模式按指数公式 | AC8: =IF(A8=A7,IFERROR(M8/M7,""),"") | AD8: =IF(AND(A8=A7,X7>0),X8/X7,"")
A9: farm | B9: 农田 | C9: 资源生产 | D9: 5 | E9: =D9+1 | F9: 50 | G9: =INDEX('建筑建议总览'!$H$5:$H$25,MATCH($A9,'建筑建议总览'!$A$5:$A$25,0)) | H9: =INDEX('建筑建议总览'!$I$5:$I$25,MATCH($A9,'建筑建议总览'!$A$5:$A$25,0)) | I9: =INDEX('建筑建议总览'!$J$5:$J$25,MATCH($A9,'建筑建议总览'!$A$5:$A$25,0)) | J9: =POWER(H9,D9-1) | K9: =SUMIF($A$5:$A$328,$A9,$J$5:$J$328) | L9: =IF(I9>0,ROUNDDOWN(MAX(0,I9-G9*(F9-1))*J9/K9,0),0) | M9: =IF(I9>0,G9+L9+IF(D9=F9-1,MAX(0,I9-G9*(F9-1)-SUMIF($A$5:$A$328,$A9,$L$5:$L$328)),0),ROUNDUP(G9*POWER(INDEX('建筑总览'!$G$5:$G$25,MATCH($A9,'建筑总览'!$A$5:$A$25,0)),D9),0)) | N9: =M9/'参数与公式'!$B$21 | O9: =INDEX('建筑建议总览'!$P$5:$P$25,MATCH($A9,'建筑建议总览'!$A$5:$A$25,0)) | P9: =INDEX('建筑建议总览'!$Q$5:$Q$25,MATCH($A9,'建筑建议总览'!$A$5:$A$25,0)) | Q9: =INDEX('建筑建议总览'!$R$5:$R$25,MATCH($A9,'建筑建议总览'!$A$5:$A$25,0)) | R9: =INDEX('建筑建议总览'!$S$5:$S$25,MATCH($A9,'建筑建议总览'!$A$5:$A$25,0)) | S9: =INDEX('建筑建议总览'!$T$5:$T$25,MATCH($A9,'建筑建议总览'!$A$5:$A$25,0)) | T9: =POWER(Q9,D9-1) | U9: =SUMIF($A$5:$A$328,$A9,$T$5:$T$328) | V9: =IF(R9>0,ROUNDDOWN(MAX(0,R9-O9*(F9-1))*T9/U9,0),0) | W9: =IF(S9>0,ROUNDDOWN(MAX(0,S9-P9*(F9-1))*T9/U9,0),0) | X9: =IF(R9>0,O9+V9+IF(D9=F9-1,MAX(0,R9-O9*(F9-1)-SUMIF($A$5:$A$328,$A9,$V$5:$V$328)),0),ROUNDUP(O9*POWER(INDEX('建筑总览'!$J$5:$J$25,MATCH($A9,'建筑总览'!$A$5:$A$25,0)),D9),0)) | Y9: =IF(P9=0,0,IF(S9>0,P9+W9+IF(D9=F9-1,MAX(0,S9-P9*(F9-1)-SUMIF($A$5:$A$328,$A9,$W$5:$W$328)),0),ROUNDUP(P9*POWER(INDEX('建筑总览'!$J$5:$J$25,MATCH($A9,'建筑总览'!$A$5:$A$25,0)),D9),0))) | Z9: =IF(X9=0,0,MAX(1,ROUNDUP(X9*(1-'参数与公式'!$B$17),0))) | AA9: =IF(Y9=0,0,MAX(1,ROUNDUP(Y9*(1-'参数与公式'!$B$17),0))) | AB9: 预算模式末级补足余数；旧模式按指数公式 | AC9: =IF(A9=A8,IFERROR(M9/M8,""),"") | AD9: =IF(AND(A9=A8,X8>0),X9/X8,"")
A10: farm | B10: 农田 | C10: 资源生产 | D10: 6 | E10: =D10+1 | F10: 50 | G10: =INDEX('建筑建议总览'!$H$5:$H$25,MATCH($A10,'建筑建议总览'!$A$5:$A$25,0)) | H10: =INDEX('建筑建议总览'!$I$5:$I$25,MATCH($A10,'建筑建议总览'!$A$5:$A$25,0)) | I10: =INDEX('建筑建议总览'!$J$5:$J$25,MATCH($A10,'建筑建议总览'!$A$5:$A$25,0)) | J10: =POWER(H10,D10-1) | K10: =SUMIF($A$5:$A$328,$A10,$J$5:$J$328) | L10: =IF(I10>0,ROUNDDOWN(MAX(0,I10-G10*(F10-1))*J10/K10,0),0) | M10: =IF(I10>0,G10+L10+IF(D10=F10-1,MAX(0,I10-G10*(F10-1)-SUMIF($A$5:$A$328,$A10,$L$5:$L$328)),0),ROUNDUP(G10*POWER(INDEX('建筑总览'!$G$5:$G$25,MATCH($A10,'建筑总览'!$A$5:$A$25,0)),D10),0)) | N10: =M10/'参数与公式'!$B$21 | O10: =INDEX('建筑建议总览'!$P$5:$P$25,MATCH($A10,'建筑建议总览'!$A$5:$A$25,0)) | P10: =INDEX('建筑建议总览'!$Q$5:$Q$25,MATCH($A10,'建筑建议总览'!$A$5:$A$25,0)) | Q10: =INDEX('建筑建议总览'!$R$5:$R$25,MATCH($A10,'建筑建议总览'!$A$5:$A$25,0)) | R10: =INDEX('建筑建议总览'!$S$5:$S$25,MATCH($A10,'建筑建议总览'!$A$5:$A$25,0)) | S10: =INDEX('建筑建议总览'!$T$5:$T$25,MATCH($A10,'建筑建议总览'!$A$5:$A$25,0)) | T10: =POWER(Q10,D10-1) | U10: =SUMIF($A$5:$A$328,$A10,$T$5:$T$328) | V10: =IF(R10>0,ROUNDDOWN(MAX(0,R10-O10*(F10-1))*T10/U10,0),0) | W10: =IF(S10>0,ROUNDDOWN(MAX(0,S10-P10*(F10-1))*T10/U10,0),0) | X10: =IF(R10>0,O10+V10+IF(D10=F10-1,MAX(0,R10-O10*(F10-1)-SUMIF($A$5:$A$328,$A10,$V$5:$V$328)),0),ROUNDUP(O10*POWER(INDEX('建筑总览'!$J$5:$J$25,MATCH($A10,'建筑总览'!$A$5:$A$25,0)),D10),0)) | Y10: =IF(P10=0,0,IF(S10>0,P10+W10+IF(D10=F10-1,MAX(0,S10-P10*(F10-1)-SUMIF($A$5:$A$328,$A10,$W$5:$W$328)),0),ROUNDUP(P10*POWER(INDEX('建筑总览'!$J$5:$J$25,MATCH($A10,'建筑总览'!$A$5:$A$25,0)),D10),0))) | Z10: =IF(X10=0,0,MAX(1,ROUNDUP(X10*(1-'参数与公式'!$B$17),0))) | AA10: =IF(Y10=0,0,MAX(1,ROUNDUP(Y10*(1-'参数与公式'!$B$17),0))) | AB10: 预算模式末级补足余数；旧模式按指数公式 | AC10: =IF(A10=A9,IFERROR(M10/M9,""),"") | AD10: =IF(AND(A10=A9,X9>0),X10/X9,"")
A11: farm | B11: 农田 | C11: 资源生产 | D11: 7 | E11: =D11+1 | F11: 50 | G11: =INDEX('建筑建议总览'!$H$5:$H$25,MATCH($A11,'建筑建议总览'!$A$5:$A$25,0)) | H11: =INDEX('建筑建议总览'!$I$5:$I$25,MATCH($A11,'建筑建议总览'!$A$5:$A$25,0)) | I11: =INDEX('建筑建议总览'!$J$5:$J$25,MATCH($A11,'建筑建议总览'!$A$5:$A$25,0)) | J11: =POWER(H11,D11-1) | K11: =SUMIF($A$5:$A$328,$A11,$J$5:$J$328) | L11: =IF(I11>0,ROUNDDOWN(MAX(0,I11-G11*(F11-1))*J11/K11,0),0) | M11: =IF(I11>0,G11+L11+IF(D11=F11-1,MAX(0,I11-G11*(F11-1)-SUMIF($A$5:$A$328,$A11,$L$5:$L$328)),0),ROUNDUP(G11*POWER(INDEX('建筑总览'!$G$5:$G$25,MATCH($A11,'建筑总览'!$A$5:$A$25,0)),D11),0)) | N11: =M11/'参数与公式'!$B$21 | O11: =INDEX('建筑建议总览'!$P$5:$P$25,MATCH($A11,'建筑建议总览'!$A$5:$A$25,0)) | P11: =INDEX('建筑建议总览'!$Q$5:$Q$25,MATCH($A11,'建筑建议总览'!$A$5:$A$25,0)) | Q11: =INDEX('建筑建议总览'!$R$5:$R$25,MATCH($A11,'建筑建议总览'!$A$5:$A$25,0)) | R11: =INDEX('建筑建议总览'!$S$5:$S$25,MATCH($A11,'建筑建议总览'!$A$5:$A$25,0)) | S11: =INDEX('建筑建议总览'!$T$5:$T$25,MATCH($A11,'建筑建议总览'!$A$5:$A$25,0)) | T11: =POWER(Q11,D11-1) | U11: =SUMIF($A$5:$A$328,$A11,$T$5:$T$328) | V11: =IF(R11>0,ROUNDDOWN(MAX(0,R11-O11*(F11-1))*T11/U11,0),0) | W11: =IF(S11>0,ROUNDDOWN(MAX(0,S11-P11*(F11-1))*T11/U11,0),0) | X11: =IF(R11>0,O11+V11+IF(D11=F11-1,MAX(0,R11-O11*(F11-1)-SUMIF($A$5:$A$328,$A11,$V$5:$V$328)),0),ROUNDUP(O11*POWER(INDEX('建筑总览'!$J$5:$J$25,MATCH($A11,'建筑总览'!$A$5:$A$25,0)),D11),0)) | Y11: =IF(P11=0,0,IF(S11>0,P11+W11+IF(D11=F11-1,MAX(0,S11-P11*(F11-1)-SUMIF($A$5:$A$328,$A11,$W$5:$W$328)),0),ROUNDUP(P11*POWER(INDEX('建筑总览'!$J$5:$J$25,MATCH($A11,'建筑总览'!$A$5:$A$25,0)),D11),0))) | Z11: =IF(X11=0,0,MAX(1,ROUNDUP(X11*(1-'参数与公式'!$B$17),0))) | AA11: =IF(Y11=0,0,MAX(1,ROUNDUP(Y11*(1-'参数与公式'!$B$17),0))) | AB11: 预算模式末级补足余数；旧模式按指数公式 | AC11: =IF(A11=A10,IFERROR(M11/M10,""),"") | AD11: =IF(AND(A11=A10,X10>0),X11/X10,"")
A12: farm | B12: 农田 | C12: 资源生产 | D12: 8 | E12: =D12+1 | F12: 50 | G12: =INDEX('建筑建议总览'!$H$5:$H$25,MATCH($A12,'建筑建议总览'!$A$5:$A$25,0)) | H12: =INDEX('建筑建议总览'!$I$5:$I$25,MATCH($A12,'建筑建议总览'!$A$5:$A$25,0)) | I12: =INDEX('建筑建议总览'!$J$5:$J$25,MATCH($A12,'建筑建议总览'!$A$5:$A$25,0)) | J12: =POWER(H12,D12-1) | K12: =SUMIF($A$5:$A$328,$A12,$J$5:$J$328) | L12: =IF(I12>0,ROUNDDOWN(MAX(0,I12-G12*(F12-1))*J12/K12,0),0) | M12: =IF(I12>0,G12+L12+IF(D12=F12-1,MAX(0,I12-G12*(F12-1)-SUMIF($A$5:$A$328,$A12,$L$5:$L$328)),0),ROUNDUP(G12*POWER(INDEX('建筑总览'!$G$5:$G$25,MATCH($A12,'建筑总览'!$A$5:$A$25,0)),D12),0)) | N12: =M12/'参数与公式'!$B$21 | O12: =INDEX('建筑建议总览'!$P$5:$P$25,MATCH($A12,'建筑建议总览'!$A$5:$A$25,0)) | P12: =INDEX('建筑建议总览'!$Q$5:$Q$25,MATCH($A12,'建筑建议总览'!$A$5:$A$25,0)) | Q12: =INDEX('建筑建议总览'!$R$5:$R$25,MATCH($A12,'建筑建议总览'!$A$5:$A$25,0)) | R12: =INDEX('建筑建议总览'!$S$5:$S$25,MATCH($A12,'建筑建议总览'!$A$5:$A$25,0)) | S12: =INDEX('建筑建议总览'!$T$5:$T$25,MATCH($A12,'建筑建议总览'!$A$5:$A$25,0)) | T12: =POWER(Q12,D12-1) | U12: =SUMIF($A$5:$A$328,$A12,$T$5:$T$328) | V12: =IF(R12>0,ROUNDDOWN(MAX(0,R12-O12*(F12-1))*T12/U12,0),0) | W12: =IF(S12>0,ROUNDDOWN(MAX(0,S12-P12*(F12-1))*T12/U12,0),0) | X12: =IF(R12>0,O12+V12+IF(D12=F12-1,MAX(0,R12-O12*(F12-1)-SUMIF($A$5:$A$328,$A12,$V$5:$V$328)),0),ROUNDUP(O12*POWER(INDEX('建筑总览'!$J$5:$J$25,MATCH($A12,'建筑总览'!$A$5:$A$25,0)),D12),0)) | Y12: =IF(P12=0,0,IF(S12>0,P12+W12+IF(D12=F12-1,MAX(0,S12-P12*(F12-1)-SUMIF($A$5:$A$328,$A12,$W$5:$W$328)),0),ROUNDUP(P12*POWER(INDEX('建筑总览'!$J$5:$J$25,MATCH($A12,'建筑总览'!$A$5:$A$25,0)),D12),0))) | Z12: =IF(X12=0,0,MAX(1,ROUNDUP(X12*(1-'参数与公式'!$B$17),0))) | AA12: =IF(Y12=0,0,MAX(1,ROUNDUP(Y12*(1-'参数与公式'!$B$17),0))) | AB12: 预算模式末级补足余数；旧模式按指数公式 | AC12: =IF(A12=A11,IFERROR(M12/M11,""),"") | AD12: =IF(AND(A12=A11,X11>0),X12/X11,"")
A13: farm | B13: 农田 | C13: 资源生产 | D13: 9 | E13: =D13+1 | F13: 50 | G13: =INDEX('建筑建议总览'!$H$5:$H$25,MATCH($A13,'建筑建议总览'!$A$5:$A$25,0)) | H13: =INDEX('建筑建议总览'!$I$5:$I$25,MATCH($A13,'建筑建议总览'!$A$5:$A$25,0)) | I13: =INDEX('建筑建议总览'!$J$5:$J$25,MATCH($A13,'建筑建议总览'!$A$5:$A$25,0)) | J13: =POWER(H13,D13-1) | K13: =SUMIF($A$5:$A$328,$A13,$J$5:$J$328) | L13: =IF(I13>0,ROUNDDOWN(MAX(0,I13-G13*(F13-1))*J13/K13,0),0) | M13: =IF(I13>0,G13+L13+IF(D13=F13-1,MAX(0,I13-G13*(F13-1)-SUMIF($A$5:$A$328,$A13,$L$5:$L$328)),0),ROUNDUP(G13*POWER(INDEX('建筑总览'!$G$5:$G$25,MATCH($A13,'建筑总览'!$A$5:$A$25,0)),D13),0)) | N13: =M13/'参数与公式'!$B$21 | O13: =INDEX('建筑建议总览'!$P$5:$P$25,MATCH($A13,'建筑建议总览'!$A$5:$A$25,0)) | P13: =INDEX('建筑建议总览'!$Q$5:$Q$25,MATCH($A13,'建筑建议总览'!$A$5:$A$25,0)) | Q13: =INDEX('建筑建议总览'!$R$5:$R$25,MATCH($A13,'建筑建议总览'!$A$5:$A$25,0)) | R13: =INDEX('建筑建议总览'!$S$5:$S$25,MATCH($A13,'建筑建议总览'!$A$5:$A$25,0)) | S13: =INDEX('建筑建议总览'!$T$5:$T$25,MATCH($A13,'建筑建议总览'!$A$5:$A$25,0)) | T13: =POWER(Q13,D13-1) | U13: =SUMIF($A$5:$A$328,$A13,$T$5:$T$328) | V13: =IF(R13>0,ROUNDDOWN(MAX(0,R13-O13*(F13-1))*T13/U13,0),0) | W13: =IF(S13>0,ROUNDDOWN(MAX(0,S13-P13*(F13-1))*T13/U13,0),0) | X13: =IF(R13>0,O13+V13+IF(D13=F13-1,MAX(0,R13-O13*(F13-1)-SUMIF($A$5:$A$328,$A13,$V$5:$V$328)),0),ROUNDUP(O13*POWER(INDEX('建筑总览'!$J$5:$J$25,MATCH($A13,'建筑总览'!$A$5:$A$25,0)),D13),0)) | Y13: =IF(P13=0,0,IF(S13>0,P13+W13+IF(D13=F13-1,MAX(0,S13-P13*(F13-1)-SUMIF($A$5:$A$328,$A13,$W$5:$W$328)),0),ROUNDUP(P13*POWER(INDEX('建筑总览'!$J$5:$J$25,MATCH($A13,'建筑总览'!$A$5:$A$25,0)),D13),0))) | Z13: =IF(X13=0,0,MAX(1,ROUNDUP(X13*(1-'参数与公式'!$B$17),0))) | AA13: =IF(Y13=0,0,MAX(1,ROUNDUP(Y13*(1-'参数与公式'!$B$17),0))) | AB13: 预算模式末级补足余数；旧模式按指数公式 | AC13: =IF(A13=A12,IFERROR(M13/M12,""),"") | AD13: =IF(AND(A13=A12,X12>0),X13/X12,"")
A14: farm | B14: 农田 | C14: 资源生产 | D14: 10 | E14: =D14+1 | F14: 50 | G14: =INDEX('建筑建议总览'!$H$5:$H$25,MATCH($A14,'建筑建议总览'!$A$5:$A$25,0)) | H14: =INDEX('建筑建议总览'!$I$5:$I$25,MATCH($A14,'建筑建议总览'!$A$5:$A$25,0)) | I14: =INDEX('建筑建议总览'!$J$5:$J$25,MATCH($A14,'建筑建议总览'!$A$5:$A$25,0)) | J14: =POWER(H14,D14-1) | K14: =SUMIF($A$5:$A$328,$A14,$J$5:$J$328) | L14: =IF(I14>0,ROUNDDOWN(MAX(0,I14-G14*(F14-1))*J14/K14,0),0) | M14: =IF(I14>0,G14+L14+IF(D14=F14-1,MAX(0,I14-G14*(F14-1)-SUMIF($A$5:$A$328,$A14,$L$5:$L$328)),0),ROUNDUP(G14*POWER(INDEX('建筑总览'!$G$5:$G$25,MATCH($A14,'建筑总览'!$A$5:$A$25,0)),D14),0)) | N14: =M14/'参数与公式'!$B$21 | O14: =INDEX('建筑建议总览'!$P$5:$P$25,MATCH($A14,'建筑建议总览'!$A$5:$A$25,0)) | P14: =INDEX('建筑建议总览'!$Q$5:$Q$25,MATCH($A14,'建筑建议总览'!$A$5:$A$25,0)) | Q14: =INDEX('建筑建议总览'!$R$5:$R$25,MATCH($A14,'建筑建议总览'!$A$5:$A$25,0)) | R14: =INDEX('建筑建议总览'!$S$5:$S$25,MATCH($A14,'建筑建议总览'!$A$5:$A$25,0)) | S14: =INDEX('建筑建议总览'!$T$5:$T$25,MATCH($A14,'建筑建议总览'!$A$5:$A$25,0)) | T14: =POWER(Q14,D14-1) | U14: =SUMIF($A$5:$A$328,$A14,$T$5:$T$328) | V14: =IF(R14>0,ROUNDDOWN(MAX(0,R14-O14*(F14-1))*T14/U14,0),0) | W14: =IF(S14>0,ROUNDDOWN(MAX(0,S14-P14*(F14-1))*T14/U14,0),0) | X14: =IF(R14>0,O14+V14+IF(D14=F14-1,MAX(0,R14-O14*(F14-1)-SUMIF($A$5:$A$328,$A14,$V$5:$V$328)),0),ROUNDUP(O14*POWER(INDEX('建筑总览'!$J$5:$J$25,MATCH($A14,'建筑总览'!$A$5:$A$25,0)),D14),0)) | Y14: =IF(P14=0,0,IF(S14>0,P14+W14+IF(D14=F14-1,MAX(0,S14-P14*(F14-1)-SUMIF($A$5:$A$328,$A14,$W$5:$W$328)),0),ROUNDUP(P14*POWER(INDEX('建筑总览'!$J$5:$J$25,MATCH($A14,'建筑总览'!$A$5:$A$25,0)),D14),0))) | Z14: =IF(X14=0,0,MAX(1,ROUNDUP(X14*(1-'参数与公式'!$B$17),0))) | AA14: =IF(Y14=0,0,MAX(1,ROUNDUP(Y14*(1-'参数与公式'!$B$17),0))) | AB14: 预算模式末级补足余数；旧模式按指数公式 | AC14: =IF(A14=A13,IFERROR(M14/M13,""),"") | AD14: =IF(AND(A14=A13,X13>0),X14/X13,"")
A15: farm | B15: 农田 | C15: 资源生产 | D15: 11 | E15: =D15+1 | F15: 50 | G15: =INDEX('建筑建议总览'!$H$5:$H$25,MATCH($A15,'建筑建议总览'!$A$5:$A$25,0)) | H15: =INDEX('建筑建议总览'!$I$5:$I$25,MATCH($A15,'建筑建议总览'!$A$5:$A$25,0)) | I15: =INDEX('建筑建议总览'!$J$5:$J$25,MATCH($A15,'建筑建议总览'!$A$5:$A$25,0)) | J15: =POWER(H15,D15-1) | K15: =SUMIF($A$5:$A$328,$A15,$J$5:$J$328) | L15: =IF(I15>0,ROUNDDOWN(MAX(0,I15-G15*(F15-1))*J15/K15,0),0) | M15: =IF(I15>0,G15+L15+IF(D15=F15-1,MAX(0,I15-G15*(F15-1)-SUMIF($A$5:$A$328,$A15,$L$5:$L$328)),0),ROUNDUP(G15*POWER(INDEX('建筑总览'!$G$5:$G$25,MATCH($A15,'建筑总览'!$A$5:$A$25,0)),D15),0)) | N15: =M15/'参数与公式'!$B$21 | O15: =INDEX('建筑建议总览'!$P$5:$P$25,MATCH($A15,'建筑建议总览'!$A$5:$A$25,0)) | P15: =INDEX('建筑建议总览'!$Q$5:$Q$25,MATCH($A15,'建筑建议总览'!$A$5:$A$25,0)) | Q15: =INDEX('建筑建议总览'!$R$5:$R$25,MATCH($A15,'建筑建议总览'!$A$5:$A$25,0)) | R15: =INDEX('建筑建议总览'!$S$5:$S$25,MATCH($A15,'建筑建议总览'!$A$5:$A$25,0)) | S15: =INDEX('建筑建议总览'!$T$5:$T$25,MATCH($A15,'建筑建议总览'!$A$5:$A$25,0)) | T15: =POWER(Q15,D15-1) | U15: =SUMIF($A$5:$A$328,$A15,$T$5:$T$328) | V15: =IF(R15>0,ROUNDDOWN(MAX(0,R15-O15*(F15-1))*T15/U15,0),0) | W15: =IF(S15>0,ROUNDDOWN(MAX(0,S15-P15*(F15-1))*T15/U15,0),0) | X15: =IF(R15>0,O15+V15+IF(D15=F15-1,MAX(0,R15-O15*(F15-1)-SUMIF($A$5:$A$328,$A15,$V$5:$V$328)),0),ROUNDUP(O15*POWER(INDEX('建筑总览'!$J$5:$J$25,MATCH($A15,'建筑总览'!$A$5:$A$25,0)),D15),0)) | Y15: =IF(P15=0,0,IF(S15>0,P15+W15+IF(D15=F15-1,MAX(0,S15-P15*(F15-1)-SUMIF($A$5:$A$328,$A15,$W$5:$W$328)),0),ROUNDUP(P15*POWER(INDEX('建筑总览'!$J$5:$J$25,MATCH($A15,'建筑总览'!$A$5:$A$25,0)),D15),0))) | Z15: =IF(X15=0,0,MAX(1,ROUNDUP(X15*(1-'参数与公式'!$B$17),0))) | AA15: =IF(Y15=0,0,MAX(1,ROUNDUP(Y15*(1-'参数与公式'!$B$17),0))) | AB15: 预算模式末级补足余数；旧模式按指数公式 | AC15: =IF(A15=A14,IFERROR(M15/M14,""),"") | AD15: =IF(AND(A15=A14,X14>0),X15/X14,"")
A16: farm | B16: 农田 | C16: 资源生产 | D16: 12 | E16: =D16+1 | F16: 50 | G16: =INDEX('建筑建议总览'!$H$5:$H$25,MATCH($A16,'建筑建议总览'!$A$5:$A$25,0)) | H16: =INDEX('建筑建议总览'!$I$5:$I$25,MATCH($A16,'建筑建议总览'!$A$5:$A$25,0)) | I16: =INDEX('建筑建议总览'!$J$5:$J$25,MATCH($A16,'建筑建议总览'!$A$5:$A$25,0)) | J16: =POWER(H16,D16-1) | K16: =SUMIF($A$5:$A$328,$A16,$J$5:$J$328) | L16: =IF(I16>0,ROUNDDOWN(MAX(0,I16-G16*(F16-1))*J16/K16,0),0) | M16: =IF(I16>0,G16+L16+IF(D16=F16-1,MAX(0,I16-G16*(F16-1)-SUMIF($A$5:$A$328,$A16,$L$5:$L$328)),0),ROUNDUP(G16*POWER(INDEX('建筑总览'!$G$5:$G$25,MATCH($A16,'建筑总览'!$A$5:$A$25,0)),D16),0)) | N16: =M16/'参数与公式'!$B$21 | O16: =INDEX('建筑建议总览'!$P$5:$P$25,MATCH($A16,'建筑建议总览'!$A$5:$A$25,0)) | P16: =INDEX('建筑建议总览'!$Q$5:$Q$25,MATCH($A16,'建筑建议总览'!$A$5:$A$25,0)) | Q16: =INDEX('建筑建议总览'!$R$5:$R$25,MATCH($A16,'建筑建议总览'!$A$5:$A$25,0)) | R16: =INDEX('建筑建议总览'!$S$5:$S$25,MATCH($A16,'建筑建议总览'!$A$5:$A$25,0)) | S16: =INDEX('建筑建议总览'!$T$5:$T$25,MATCH($A16,'建筑建议总览'!$A$5:$A$25,0)) | T16: =POWER(Q16,D16-1) | U16: =SUMIF($A$5:$A$328,$A16,$T$5:$T$328) | V16: =IF(R16>0,ROUNDDOWN(MAX(0,R16-O16*(F16-1))*T16/U16,0),0) | W16: =IF(S16>0,ROUNDDOWN(MAX(0,S16-P16*(F16-1))*T16/U16,0),0) | X16: =IF(R16>0,O16+V16+IF(D16=F16-1,MAX(0,R16-O16*(F16-1)-SUMIF($A$5:$A$328,$A16,$V$5:$V$328)),0),ROUNDUP(O16*POWER(INDEX('建筑总览'!$J$5:$J$25,MATCH($A16,'建筑总览'!$A$5:$A$25,0)),D16),0)) | Y16: =IF(P16=0,0,IF(S16>0,P16+W16+IF(D16=F16-1,MAX(0,S16-P16*(F16-1)-SUMIF($A$5:$A$328,$A16,$W$5:$W$328)),0),ROUNDUP(P16*POWER(INDEX('建筑总览'!$J$5:$J$25,MATCH($A16,'建筑总览'!$A$5:$A$25,0)),D16),0))) | Z16: =IF(X16=0,0,MAX(1,ROUNDUP(X16*(1-'参数与公式'!$B$17),0))) | AA16: =IF(Y16=0,0,MAX(1,ROUNDUP(Y16*(1-'参数与公式'!$B$17),0))) | AB16: 预算模式末级补足余数；旧模式按指数公式 | AC16: =IF(A16=A15,IFERROR(M16/M15,""),"") | AD16: =IF(AND(A16=A15,X15>0),X16/X15,"")
... A328: arrow_tower | B328: 箭塔 | C328: 城防建筑 | D328: 9 | E328: =D328+1 | F328: 10 | G328: =INDEX('建筑建议总览'!$H$5:$H$25,MATCH($A328,'建筑建议总览'!$A$5:$A$25,0)) | H328: =INDEX('建筑建议总览'!$I$5:$I$25,MATCH($A328,'建筑建议总览'!$A$5:$A$25,0)) | I328: =INDEX('建筑建议总览'!$J$5:$J$25,MATCH($A328,'建筑建议总览'!$A$5:$A$25,0)) | J328: =POWER(H328,D328-1) | K328: =SUMIF($A$5:$A$328,$A328,$J$5:$J$328) | L328: =IF(I328>0,ROUNDDOWN(MAX(0,I328-G328*(F328-1))*J328/K328,0),0) | M328: =IF(I328>0,G328+L328+IF(D328=F328-1,MAX(0,I328-G328*(F328-1)-SUMIF($A$5:$A$328,$A328,$L$5:$L$328)),0),ROUNDUP(G328*POWER(INDEX('建筑总览'!$G$5:$G$25,MATCH($A328,'建筑总览'!$A$5:$A$25,0)),D328),0)) | N328: =M328/'参数与公式'!$B$21 | O328: =INDEX('建筑建议总览'!$P$5:$P$25,MATCH($A328,'建筑建议总览'!$A$5:$A$25,0)) | P328: =INDEX('建筑建议总览'!$Q$5:$Q$25,MATCH($A328,'建筑建议总览'!$A$5:$A$25,0)) | Q328: =INDEX('建筑建议总览'!$R$5:$R$25,MATCH($A328,'建筑建议总览'!$A$5:$A$25,0)) | R328: =INDEX('建筑建议总览'!$S$5:$S$25,MATCH($A328,'建筑建议总览'!$A$5:$A$25,0)) | S328: =INDEX('建筑建议总览'!$T$5:$T$25,MATCH($A328,'建筑建议总览'!$A$5:$A$25,0)) | T328: =POWER(Q328,D328-1) | U328: =SUMIF($A$5:$A$328,$A328,$T$5:$T$328) | V328: =IF(R328>0,ROUNDDOWN(MAX(0,R328-O328*(F328-1))*T328/U328,0),0) | W328: =IF(S328>0,ROUNDDOWN(MAX(0,S328-P328*(F328-1))*T328/U328,0),0) | X328: =IF(R328>0,O328+V328+IF(D328=F328-1,MAX(0,R328-O328*(F328-1)-SUMIF($A$5:$A$328,$A328,$V$5:$V$328)),0),ROUNDUP(O328*POWER(INDEX('建筑总览'!$J$5:$J$25,MATCH($A328,'建筑总览'!$A$5:$A$25,0)),D328),0)) | Y328: =IF(P328=0,0,IF(S328>0,P328+W328+IF(D328=F328-1,MAX(0,S328-P328*(F328-1)-SUMIF($A$5:$A$328,$A328,$W$5:$W$328)),0),ROUNDUP(P328*POWER(INDEX('建筑总览'!$J$5:$J$25,MATCH($A328,'建筑总览'!$A$5:$A$25,0)),D328),0))) | Z328: =IF(X328=0,0,MAX(1,ROUNDUP(X328*(1-'参数与公式'!$B$17),0))) | AA328: =IF(Y328=0,0,MAX(1,ROUNDUP(Y328*(1-'参数与公式'!$B$17),0))) | AB328: 预算模式末级补足余数；旧模式按指数公式 | AC328: =IF(A328=A327,IFERROR(M328/M327,""),"") | AD328: =IF(AND(A328=A327,X327>0),X328/X327,"")

Sheet 建筑当前逐级统计
A1: 建筑当前逐级统计｜每次升级银两与时间
A2: 当前推荐配置逐级统计；每行代表一次升级。时间为配置游戏秒数，未叠加建筑学、祠堂缩时和全局倍率；银两/粮食与运行时代码的单级扣除口径一致。
A4: 建筑Key | B4: 建筑 | C4: 功能分类 | D4: 当前等级 | E4: 升级至等级 | F4: 公式模式 | G4: 时长增长系数 | H4: 本级时间(s) | I4: 本级时间(h) | J4: 本级时间(天) | K4: 累计时间(天) | L4: 成本增长系数 | M4: 本级银两 | N4: 累计银两 | O4: 本级粮食 | P4: 累计粮食 | Q4: 审计口径 | R4: 备注
A5: ='建筑建议逐级'!A5 | B5: ='建筑建议逐级'!B5 | C5: ='建筑建议逐级'!C5 | D5: ='建筑建议逐级'!D5 | E5: ='建筑建议逐级'!E5 | F5: =IF(OR('建筑建议逐级'!I5>0,'建筑建议逐级'!R5>0,'建筑建议逐级'!S5>0),"预算型曲线","旧指数公式") | G5: ='建筑建议逐级'!H5 | H5: ='建筑建议逐级'!M5 | I5: =H5/3600 | J5: =H5/'参数与公式'!$B$21 | K5: =SUMIFS($J$5:$J$328,$A$5:$A$328,A5,$D$5:$D$328,"<="&D5) | L5: ='建筑建议逐级'!Q5 | M5: ='建筑建议逐级'!X5 | N5: =SUMIFS($M$5:$M$328,$A$5:$A$328,A5,$D$5:$D$328,"<="&D5) | O5: ='建筑建议逐级'!Y5 | P5: =SUMIFS($O$5:$O$328,$A$5:$A$328,A5,$D$5:$D$328,"<="&D5) | Q5: =IF(F5="预算型曲线","总预算归一化","沿用旧指数公式") | R5: =IF(F5="预算型曲线","与当前建议公式一致","需单独复核")
A6: ='建筑建议逐级'!A6 | B6: ='建筑建议逐级'!B6 | C6: ='建筑建议逐级'!C6 | D6: ='建筑建议逐级'!D6 | E6: ='建筑建议逐级'!E6 | F6: =IF(OR('建筑建议逐级'!I6>0,'建筑建议逐级'!R6>0,'建筑建议逐级'!S6>0),"预算型曲线","旧指数公式") | G6: ='建筑建议逐级'!H6 | H6: ='建筑建议逐级'!M6 | I6: =H6/3600 | J6: =H6/'参数与公式'!$B$21 | K6: =SUMIFS($J$5:$J$328,$A$5:$A$328,A6,$D$5:$D$328,"<="&D6) | L6: ='建筑建议逐级'!Q6 | M6: ='建筑建议逐级'!X6 | N6: =SUMIFS($M$5:$M$328,$A$5:$A$328,A6,$D$5:$D$328,"<="&D6) | O6: ='建筑建议逐级'!Y6 | P6: =SUMIFS($O$5:$O$328,$A$5:$A$328,A6,$D$5:$D$328,"<="&D6) | Q6: =IF(F6="预算型曲线","总预算归一化","沿用旧指数公式") | R6: =IF(F6="预算型曲线","与当前建议公式一致","需单独复核")
A7: ='建筑建议逐级'!A7 | B7: ='建筑建议逐级'!B7 | C7: ='建筑建议逐级'!C7 | D7: ='建筑建议逐级'!D7 | E7: ='建筑建议逐级'!E7 | F7: =IF(OR('建筑建议逐级'!I7>0,'建筑建议逐级'!R7>0,'建筑建议逐级'!S7>0),"预算型曲线","旧指数公式") | G7: ='建筑建议逐级'!H7 | H7: ='建筑建议逐级'!M7 | I7: =H7/3600 | J7: =H7/'参数与公式'!$B$21 | K7: =SUMIFS($J$5:$J$328,$A$5:$A$328,A7,$D$5:$D$328,"<="&D7) | L7: ='建筑建议逐级'!Q7 | M7: ='建筑建议逐级'!X7 | N7: =SUMIFS($M$5:$M$328,$A$5:$A$328,A7,$D$5:$D$328,"<="&D7) | O7: ='建筑建议逐级'!Y7 | P7: =SUMIFS($O$5:$O$328,$A$5:$A$328,A7,$D$5:$D$328,"<="&D7) | Q7: =IF(F7="预算型曲线","总预算归一化","沿用旧指数公式") | R7: =IF(F7="预算型曲线","与当前建议公式一致","需单独复核")
A8: ='建筑建议逐级'!A8 | B8: ='建筑建议逐级'!B8 | C8: ='建筑建议逐级'!C8 | D8: ='建筑建议逐级'!D8 | E8: ='建筑建议逐级'!E8 | F8: =IF(OR('建筑建议逐级'!I8>0,'建筑建议逐级'!R8>0,'建筑建议逐级'!S8>0),"预算型曲线","旧指数公式") | G8: ='建筑建议逐级'!H8 | H8: ='建筑建议逐级'!M8 | I8: =H8/3600 | J8: =H8/'参数与公式'!$B$21 | K8: =SUMIFS($J$5:$J$328,$A$5:$A$328,A8,$D$5:$D$328,"<="&D8) | L8: ='建筑建议逐级'!Q8 | M8: ='建筑建议逐级'!X8 | N8: =SUMIFS($M$5:$M$328,$A$5:$A$328,A8,$D$5:$D$328,"<="&D8) | O8: ='建筑建议逐级'!Y8 | P8: =SUMIFS($O$5:$O$328,$A$5:$A$328,A8,$D$5:$D$328,"<="&D8) | Q8: =IF(F8="预算型曲线","总预算归一化","沿用旧指数公式") | R8: =IF(F8="预算型曲线","与当前建议公式一致","需单独复核")
A9: ='建筑建议逐级'!A9 | B9: ='建筑建议逐级'!B9 | C9: ='建筑建议逐级'!C9 | D9: ='建筑建议逐级'!D9 | E9: ='建筑建议逐级'!E9 | F9: =IF(OR('建筑建议逐级'!I9>0,'建筑建议逐级'!R9>0,'建筑建议逐级'!S9>0),"预算型曲线","旧指数公式") | G9: ='建筑建议逐级'!H9 | H9: ='建筑建议逐级'!M9 | I9: =H9/3600 | J9: =H9/'参数与公式'!$B$21 | K9: =SUMIFS($J$5:$J$328,$A$5:$A$328,A9,$D$5:$D$328,"<="&D9) | L9: ='建筑建议逐级'!Q9 | M9: ='建筑建议逐级'!X9 | N9: =SUMIFS($M$5:$M$328,$A$5:$A$328,A9,$D$5:$D$328,"<="&D9) | O9: ='建筑建议逐级'!Y9 | P9: =SUMIFS($O$5:$O$328,$A$5:$A$328,A9,$D$5:$D$328,"<="&D9) | Q9: =IF(F9="预算型曲线","总预算归一化","沿用旧指数公式") | R9: =IF(F9="预算型曲线","与当前建议公式一致","需单独复核")
A10: ='建筑建议逐级'!A10 | B10: ='建筑建议逐级'!B10 | C10: ='建筑建议逐级'!C10 | D10: ='建筑建议逐级'!D10 | E10: ='建筑建议逐级'!E10 | F10: =IF(OR('建筑建议逐级'!I10>0,'建筑建议逐级'!R10>0,'建筑建议逐级'!S10>0),"预算型曲线","旧指数公式") | G10: ='建筑建议逐级'!H10 | H10: ='建筑建议逐级'!M10 | I10: =H10/3600 | J10: =H10/'参数与公式'!$B$21 | K10: =SUMIFS($J$5:$J$328,$A$5:$A$328,A10,$D$5:$D$328,"<="&D10) | L10: ='建筑建议逐级'!Q10 | M10: ='建筑建议逐级'!X10 | N10: =SUMIFS($M$5:$M$328,$A$5:$A$328,A10,$D$5:$D$328,"<="&D10) | O10: ='建筑建议逐级'!Y10 | P10: =SUMIFS($O$5:$O$328,$A$5:$A$328,A10,$D$5:$D$328,"<="&D10) | Q10: =IF(F10="预算型曲线","总预算归一化","沿用旧指数公式") | R10: =IF(F10="预算型曲线","与当前建议公式一致","需单独复核")
A11: ='建筑建议逐级'!A11 | B11: ='建筑建议逐级'!B11 | C11: ='建筑建议逐级'!C11 | D11: ='建筑建议逐级'!D11 | E11: ='建筑建议逐级'!E11 | F11: =IF(OR('建筑建议逐级'!I11>0,'建筑建议逐级'!R11>0,'建筑建议逐级'!S11>0),"预算型曲线","旧指数公式") | G11: ='建筑建议逐级'!H11 | H11: ='建筑建议逐级'!M11 | I11: =H11/3600 | J11: =H11/'参数与公式'!$B$21 | K11: =SUMIFS($J$5:$J$328,$A$5:$A$328,A11,$D$5:$D$328,"<="&D11) | L11: ='建筑建议逐级'!Q11 | M11: ='建筑建议逐级'!X11 | N11: =SUMIFS($M$5:$M$328,$A$5:$A$328,A11,$D$5:$D$328,"<="&D11) | O11: ='建筑建议逐级'!Y11 | P11: =SUMIFS($O$5:$O$328,$A$5:$A$328,A11,$D$5:$D$328,"<="&D11) | Q11: =IF(F11="预算型曲线","总预算归一化","沿用旧指数公式") | R11: =IF(F11="预算型曲线","与当前建议公式一致","需单独复核")
A12: ='建筑建议逐级'!A12 | B12: ='建筑建议逐级'!B12 | C12: ='建筑建议逐级'!C12 | D12: ='建筑建议逐级'!D12 | E12: ='建筑建议逐级'!E12 | F12: =IF(OR('建筑建议逐级'!I12>0,'建筑建议逐级'!R12>0,'建筑建议逐级'!S12>0),"预算型曲线","旧指数公式") | G12: ='建筑建议逐级'!H12 | H12: ='建筑建议逐级'!M12 | I12: =H12/3600 | J12: =H12/'参数与公式'!$B$21 | K12: =SUMIFS($J$5:$J$328,$A$5:$A$328,A12,$D$5:$D$328,"<="&D12) | L12: ='建筑建议逐级'!Q12 | M12: ='建筑建议逐级'!X12 | N12: =SUMIFS($M$5:$M$328,$A$5:$A$328,A12,$D$5:$D$328,"<="&D12) | O12: ='建筑建议逐级'!Y12 | P12: =SUMIFS($O$5:$O$328,$A$5:$A$328,A12,$D$5:$D$328,"<="&D12) | Q12: =IF(F12="预算型曲线","总预算归一化","沿用旧指数公式") | R12: =IF(F12="预算型曲线","与当前建议公式一致","需单独复核")
A13: ='建筑建议逐级'!A13 | B13: ='建筑建议逐级'!B13 | C13: ='建筑建议逐级'!C13 | D13: ='建筑建议逐级'!D13 | E13: ='建筑建议逐级'!E13 | F13: =IF(OR('建筑建议逐级'!I13>0,'建筑建议逐级'!R13>0,'建筑建议逐级'!S13>0),"预算型曲线","旧指数公式") | G13: ='建筑建议逐级'!H13 | H13: ='建筑建议逐级'!M13 | I13: =H13/3600 | J13: =H13/'参数与公式'!$B$21 | K13: =SUMIFS($J$5:$J$328,$A$5:$A$328,A13,$D$5:$D$328,"<="&D13) | L13: ='建筑建议逐级'!Q13 | M13: ='建筑建议逐级'!X13 | N13: =SUMIFS($M$5:$M$328,$A$5:$A$328,A13,$D$5:$D$328,"<="&D13) | O13: ='建筑建议逐级'!Y13 | P13: =SUMIFS($O$5:$O$328,$A$5:$A$328,A13,$D$5:$D$328,"<="&D13) | Q13: =IF(F13="预算型曲线","总预算归一化","沿用旧指数公式") | R13: =IF(F13="预算型曲线","与当前建议公式一致","需单独复核")
A14: ='建筑建议逐级'!A14 | B14: ='建筑建议逐级'!B14 | C14: ='建筑建议逐级'!C14 | D14: ='建筑建议逐级'!D14 | E14: ='建筑建议逐级'!E14 | F14: =IF(OR('建筑建议逐级'!I14>0,'建筑建议逐级'!R14>0,'建筑建议逐级'!S14>0),"预算型曲线","旧指数公式") | G14: ='建筑建议逐级'!H14 | H14: ='建筑建议逐级'!M14 | I14: =H14/3600 | J14: =H14/'参数与公式'!$B$21 | K14: =SUMIFS($J$5:$J$328,$A$5:$A$328,A14,$D$5:$D$328,"<="&D14) | L14: ='建筑建议逐级'!Q14 | M14: ='建筑建议逐级'!X14 | N14: =SUMIFS($M$5:$M$328,$A$5:$A$328,A14,$D$5:$D$328,"<="&D14) | O14: ='建筑建议逐级'!Y14 | P14: =SUMIFS($O$5:$O$328,$A$5:$A$328,A14,$D$5:$D$328,"<="&D14) | Q14: =IF(F14="预算型曲线","总预算归一化","沿用旧指数公式") | R14: =IF(F14="预算型曲线","与当前建议公式一致","需单独复核")
A15: ='建筑建议逐级'!A15 | B15: ='建筑建议逐级'!B15 | C15: ='建筑建议逐级'!C15 | D15: ='建筑建议逐级'!D15 | E15: ='建筑建议逐级'!E15 | F15: =IF(OR('建筑建议逐级'!I15>0,'建筑建议逐级'!R15>0,'建筑建议逐级'!S15>0),"预算型曲线","旧指数公式") | G15: ='建筑建议逐级'!H15 | H15: ='建筑建议逐级'!M15 | I15: =H15/3600 | J15: =H15/'参数与公式'!$B$21 | K15: =SUMIFS($J$5:$J$328,$A$5:$A$328,A15,$D$5:$D$328,"<="&D15) | L15: ='建筑建议逐级'!Q15 | M15: ='建筑建议逐级'!X15 | N15: =SUMIFS($M$5:$M$328,$A$5:$A$328,A15,$D$5:$D$328,"<="&D15) | O15: ='建筑建议逐级'!Y15 | P15: =SUMIFS($O$5:$O$328,$A$5:$A$328,A15,$D$5:$D$328,"<="&D15) | Q15: =IF(F15="预算型曲线","总预算归一化","沿用旧指数公式") | R15: =IF(F15="预算型曲线","与当前建议公式一致","需单独复核")
A16: ='建筑建议逐级'!A16 | B16: ='建筑建议逐级'!B16 | C16: ='建筑建议逐级'!C16 | D16: ='建筑建议逐级'!D16 | E16: ='建筑建议逐级'!E16 | F16: =IF(OR('建筑建议逐级'!I16>0,'建筑建议逐级'!R16>0,'建筑建议逐级'!S16>0),"预算型曲线","旧指数公式") | G16: ='建筑建议逐级'!H16 | H16: ='建筑建议逐级'!M16 | I16: =H16/3600 | J16: =H16/'参数与公式'!$B$21 | K16: =SUMIFS($J$5:$J$328,$A$5:$A$328,A16,$D$5:$D$328,"<="&D16) | L16: ='建筑建议逐级'!Q16 | M16: ='建筑建议逐级'!X16 | N16: =SUMIFS($M$5:$M$328,$A$5:$A$328,A16,$D$5:$D$328,"<="&D16) | O16: ='建筑建议逐级'!Y16 | P16: =SUMIFS($O$5:$O$328,$A$5:$A$328,A16,$D$5:$D$328,"<="&D16) | Q16: =IF(F16="预算型曲线","总预算归一化","沿用旧指数公式") | R16: =IF(F16="预算型曲线","与当前建议公式一致","需单独复核")
... A328: ='建筑建议逐级'!A328 | B328: ='建筑建议逐级'!B328 | C328: ='建筑建议逐级'!C328 | D328: ='建筑建议逐级'!D328 | E328: ='建筑建议逐级'!E328 | F328: =IF(OR('建筑建议逐级'!I328>0,'建筑建议逐级'!R328>0,'建筑建议逐级'!S328>0),"预算型曲线","旧指数公式") | G328: ='建筑建议逐级'!H328 | H328: ='建筑建议逐级'!M328 | I328: =H328/3600 | J328: =H328/'参数与公式'!$B$21 | K328: =SUMIFS($J$5:$J$328,$A$5:$A$328,A328,$D$5:$D$328,"<="&D328) | L328: ='建筑建议逐级'!Q328 | M328: ='建筑建议逐级'!X328 | N328: =SUMIFS($M$5:$M$328,$A$5:$A$328,A328,$D$5:$D$328,"<="&D328) | O328: ='建筑建议逐级'!Y328 | P328: =SUMIFS($O$5:$O$328,$A$5:$A$328,A328,$D$5:$D$328,"<="&D328) | Q328: =IF(F328="预算型曲线","总预算归一化","沿用旧指数公式") | R328: =IF(F328="预算型曲线","与当前建议公式一致","需单独复核")

Sheet 科技当前逐级统计
A1: 科技当前逐级统计｜个人科技与帮会科技
A2: 个人科技按新的全等级预算曲线统计，侦查术展开至200级；帮会科技仍为即时完成，时间记为0秒，资源成本引用帮会逐级明细。累计值按科技Key和升级至等级自动汇总。
A4: 科技类型 | B4: 科技Key | C4: 科技 | D4: 分类 | E4: 兵种 | F4: 当前等级 | G4: 升级至等级 | H4: 最高等级 | I4: 升级模式 | J4: 本级时间(s) | K4: 本级时间(h) | L4: 累计时间(h) | M4: 本级银两 | N4: 累计银两 | O4: 本级粮食 | P4: 累计粮食 | Q4: 本级金条 | R4: 累计金条 | S4: 本级红宝石 | T4: 累计红宝石 | U4: 公式/来源说明
A5: 个人技术 | B5: ='个人技术逐级'!A5 | C5: ='个人技术逐级'!B5 | D5: ='个人技术逐级'!C5 | E5: ='个人技术逐级'!D5 | F5: ='个人技术逐级'!E5 | G5: ='个人技术逐级'!F5 | H5: ='个人技术逐级'!G5 | I5: 个人技术计时升级 | J5: ='个人技术逐级'!M5 | K5: =J5/3600 | L5: =SUMIFS($K$5:$K$692,$A$5:$A$692,A5,$B$5:$B$692,B5,$F$5:$F$692,"<="&F5) | M5: ='个人技术逐级'!N5 | N5: =SUMIFS($M$5:$M$692,$A$5:$A$692,A5,$B$5:$B$692,B5,$F$5:$F$692,"<="&F5) | O5: =0 | P5: =SUMIFS($O$5:$O$692,$A$5:$A$692,A5,$B$5:$B$692,B5,$F$5:$F$692,"<="&F5) | Q5: =0 | R5: =SUMIFS($Q$5:$Q$692,$A$5:$A$692,A5,$B$5:$B$692,B5,$F$5:$F$692,"<="&F5) | S5: =0 | T5: =SUMIFS($S$5:$S$692,$A$5:$A$692,A5,$B$5:$B$692,B5,$F$5:$F$692,"<="&F5) | U5: ='个人技术逐级'!O5
A6: 个人技术 | B6: ='个人技术逐级'!A6 | C6: ='个人技术逐级'!B6 | D6: ='个人技术逐级'!C6 | E6: ='个人技术逐级'!D6 | F6: ='个人技术逐级'!E6 | G6: ='个人技术逐级'!F6 | H6: ='个人技术逐级'!G6 | I6: 个人技术计时升级 | J6: ='个人技术逐级'!M6 | K6: =J6/3600 | L6: =SUMIFS($K$5:$K$692,$A$5:$A$692,A6,$B$5:$B$692,B6,$F$5:$F$692,"<="&F6) | M6: ='个人技术逐级'!N6 | N6: =SUMIFS($M$5:$M$692,$A$5:$A$692,A6,$B$5:$B$692,B6,$F$5:$F$692,"<="&F6) | O6: =0 | P6: =SUMIFS($O$5:$O$692,$A$5:$A$692,A6,$B$5:$B$692,B6,$F$5:$F$692,"<="&F6) | Q6: =0 | R6: =SUMIFS($Q$5:$Q$692,$A$5:$A$692,A6,$B$5:$B$692,B6,$F$5:$F$692,"<="&F6) | S6: =0 | T6: =SUMIFS($S$5:$S$692,$A$5:$A$692,A6,$B$5:$B$692,B6,$F$5:$F$692,"<="&F6) | U6: ='个人技术逐级'!O6
A7: 个人技术 | B7: ='个人技术逐级'!A7 | C7: ='个人技术逐级'!B7 | D7: ='个人技术逐级'!C7 | E7: ='个人技术逐级'!D7 | F7: ='个人技术逐级'!E7 | G7: ='个人技术逐级'!F7 | H7: ='个人技术逐级'!G7 | I7: 个人技术计时升级 | J7: ='个人技术逐级'!M7 | K7: =J7/3600 | L7: =SUMIFS($K$5:$K$692,$A$5:$A$692,A7,$B$5:$B$692,B7,$F$5:$F$692,"<="&F7) | M7: ='个人技术逐级'!N7 | N7: =SUMIFS($M$5:$M$692,$A$5:$A$692,A7,$B$5:$B$692,B7,$F$5:$F$692,"<="&F7) | O7: =0 | P7: =SUMIFS($O$5:$O$692,$A$5:$A$692,A7,$B$5:$B$692,B7,$F$5:$F$692,"<="&F7) | Q7: =0 | R7: =SUMIFS($Q$5:$Q$692,$A$5:$A$692,A7,$B$5:$B$692,B7,$F$5:$F$692,"<="&F7) | S7: =0 | T7: =SUMIFS($S$5:$S$692,$A$5:$A$692,A7,$B$5:$B$692,B7,$F$5:$F$692,"<="&F7) | U7: ='个人技术逐级'!O7
A8: 个人技术 | B8: ='个人技术逐级'!A8 | C8: ='个人技术逐级'!B8 | D8: ='个人技术逐级'!C8 | E8: ='个人技术逐级'!D8 | F8: ='个人技术逐级'!E8 | G8: ='个人技术逐级'!F8 | H8: ='个人技术逐级'!G8 | I8: 个人技术计时升级 | J8: ='个人技术逐级'!M8 | K8: =J8/3600 | L8: =SUMIFS($K$5:$K$692,$A$5:$A$692,A8,$B$5:$B$692,B8,$F$5:$F$692,"<="&F8) | M8: ='个人技术逐级'!N8 | N8: =SUMIFS($M$5:$M$692,$A$5:$A$692,A8,$B$5:$B$692,B8,$F$5:$F$692,"<="&F8) | O8: =0 | P8: =SUMIFS($O$5:$O$692,$A$5:$A$692,A8,$B$5:$B$692,B8,$F$5:$F$692,"<="&F8) | Q8: =0 | R8: =SUMIFS($Q$5:$Q$692,$A$5:$A$692,A8,$B$5:$B$692,B8,$F$5:$F$692,"<="&F8) | S8: =0 | T8: =SUMIFS($S$5:$S$692,$A$5:$A$692,A8,$B$5:$B$692,B8,$F$5:$F$692,"<="&F8) | U8: ='个人技术逐级'!O8
A9: 个人技术 | B9: ='个人技术逐级'!A9 | C9: ='个人技术逐级'!B9 | D9: ='个人技术逐级'!C9 | E9: ='个人技术逐级'!D9 | F9: ='个人技术逐级'!E9 | G9: ='个人技术逐级'!F9 | H9: ='个人技术逐级'!G9 | I9: 个人技术计时升级 | J9: ='个人技术逐级'!M9 | K9: =J9/3600 | L9: =SUMIFS($K$5:$K$692,$A$5:$A$692,A9,$B$5:$B$692,B9,$F$5:$F$692,"<="&F9) | M9: ='个人技术逐级'!N9 | N9: =SUMIFS($M$5:$M$692,$A$5:$A$692,A9,$B$5:$B$692,B9,$F$5:$F$692,"<="&F9) | O9: =0 | P9: =SUMIFS($O$5:$O$692,$A$5:$A$692,A9,$B$5:$B$692,B9,$F$5:$F$692,"<="&F9) | Q9: =0 | R9: =SUMIFS($Q$5:$Q$692,$A$5:$A$692,A9,$B$5:$B$692,B9,$F$5:$F$692,"<="&F9) | S9: =0 | T9: =SUMIFS($S$5:$S$692,$A$5:$A$692,A9,$B$5:$B$692,B9,$F$5:$F$692,"<="&F9) | U9: ='个人技术逐级'!O9
A10: 个人技术 | B10: ='个人技术逐级'!A10 | C10: ='个人技术逐级'!B10 | D10: ='个人技术逐级'!C10 | E10: ='个人技术逐级'!D10 | F10: ='个人技术逐级'!E10 | G10: ='个人技术逐级'!F10 | H10: ='个人技术逐级'!G10 | I10: 个人技术计时升级 | J10: ='个人技术逐级'!M10 | K10: =J10/3600 | L10: =SUMIFS($K$5:$K$692,$A$5:$A$692,A10,$B$5:$B$692,B10,$F$5:$F$692,"<="&F10) | M10: ='个人技术逐级'!N10 | N10: =SUMIFS($M$5:$M$692,$A$5:$A$692,A10,$B$5:$B$692,B10,$F$5:$F$692,"<="&F10) | O10: =0 | P10: =SUMIFS($O$5:$O$692,$A$5:$A$692,A10,$B$5:$B$692,B10,$F$5:$F$692,"<="&F10) | Q10: =0 | R10: =SUMIFS($Q$5:$Q$692,$A$5:$A$692,A10,$B$5:$B$692,B10,$F$5:$F$692,"<="&F10) | S10: =0 | T10: =SUMIFS($S$5:$S$692,$A$5:$A$692,A10,$B$5:$B$692,B10,$F$5:$F$692,"<="&F10) | U10: ='个人技术逐级'!O10
A11: 个人技术 | B11: ='个人技术逐级'!A11 | C11: ='个人技术逐级'!B11 | D11: ='个人技术逐级'!C11 | E11: ='个人技术逐级'!D11 | F11: ='个人技术逐级'!E11 | G11: ='个人技术逐级'!F11 | H11: ='个人技术逐级'!G11 | I11: 个人技术计时升级 | J11: ='个人技术逐级'!M11 | K11: =J11/3600 | L11: =SUMIFS($K$5:$K$692,$A$5:$A$692,A11,$B$5:$B$692,B11,$F$5:$F$692,"<="&F11) | M11: ='个人技术逐级'!N11 | N11: =SUMIFS($M$5:$M$692,$A$5:$A$692,A11,$B$5:$B$692,B11,$F$5:$F$692,"<="&F11) | O11: =0 | P11: =SUMIFS($O$5:$O$692,$A$5:$A$692,A11,$B$5:$B$692,B11,$F$5:$F$692,"<="&F11) | Q11: =0 | R11: =SUMIFS($Q$5:$Q$692,$A$5:$A$692,A11,$B$5:$B$692,B11,$F$5:$F$692,"<="&F11) | S11: =0 | T11: =SUMIFS($S$5:$S$692,$A$5:$A$692,A11,$B$5:$B$692,B11,$F$5:$F$692,"<="&F11) | U11: ='个人技术逐级'!O11
A12: 个人技术 | B12: ='个人技术逐级'!A12 | C12: ='个人技术逐级'!B12 | D12: ='个人技术逐级'!C12 | E12: ='个人技术逐级'!D12 | F12: ='个人技术逐级'!E12 | G12: ='个人技术逐级'!F12 | H12: ='个人技术逐级'!G12 | I12: 个人技术计时升级 | J12: ='个人技术逐级'!M12 | K12: =J12/3600 | L12: =SUMIFS($K$5:$K$692,$A$5:$A$692,A12,$B$5:$B$692,B12,$F$5:$F$692,"<="&F12) | M12: ='个人技术逐级'!N12 | N12: =SUMIFS($M$5:$M$692,$A$5:$A$692,A12,$B$5:$B$692,B12,$F$5:$F$692,"<="&F12) | O12: =0 | P12: =SUMIFS($O$5:$O$692,$A$5:$A$692,A12,$B$5:$B$692,B12,$F$5:$F$692,"<="&F12) | Q12: =0 | R12: =SUMIFS($Q$5:$Q$692,$A$5:$A$692,A12,$B$5:$B$692,B12,$F$5:$F$692,"<="&F12) | S12: =0 | T12: =SUMIFS($S$5:$S$692,$A$5:$A$692,A12,$B$5:$B$692,B12,$F$5:$F$692,"<="&F12) | U12: ='个人技术逐级'!O12
A13: 个人技术 | B13: ='个人技术逐级'!A13 | C13: ='个人技术逐级'!B13 | D13: ='个人技术逐级'!C13 | E13: ='个人技术逐级'!D13 | F13: ='个人技术逐级'!E13 | G13: ='个人技术逐级'!F13 | H13: ='个人技术逐级'!G13 | I13: 个人技术计时升级 | J13: ='个人技术逐级'!M13 | K13: =J13/3600 | L13: =SUMIFS($K$5:$K$692,$A$5:$A$692,A13,$B$5:$B$692,B13,$F$5:$F$692,"<="&F13) | M13: ='个人技术逐级'!N13 | N13: =SUMIFS($M$5:$M$692,$A$5:$A$692,A13,$B$5:$B$692,B13,$F$5:$F$692,"<="&F13) | O13: =0 | P13: =SUMIFS($O$5:$O$692,$A$5:$A$692,A13,$B$5:$B$692,B13,$F$5:$F$692,"<="&F13) | Q13: =0 | R13: =SUMIFS($Q$5:$Q$692,$A$5:$A$692,A13,$B$5:$B$692,B13,$F$5:$F$692,"<="&F13) | S13: =0 | T13: =SUMIFS($S$5:$S$692,$A$5:$A$692,A13,$B$5:$B$692,B13,$F$5:$F$692,"<="&F13) | U13: ='个人技术逐级'!O13
A14: 个人技术 | B14: ='个人技术逐级'!A14 | C14: ='个人技术逐级'!B14 | D14: ='个人技术逐级'!C14 | E14: ='个人技术逐级'!D14 | F14: ='个人技术逐级'!E14 | G14: ='个人技术逐级'!F14 | H14: ='个人技术逐级'!G14 | I14: 个人技术计时升级 | J14: ='个人技术逐级'!M14 | K14: =J14/3600 | L14: =SUMIFS($K$5:$K$692,$A$5:$A$692,A14,$B$5:$B$692,B14,$F$5:$F$692,"<="&F14) | M14: ='个人技术逐级'!N14 | N14: =SUMIFS($M$5:$M$692,$A$5:$A$692,A14,$B$5:$B$692,B14,$F$5:$F$692,"<="&F14) | O14: =0 | P14: =SUMIFS($O$5:$O$692,$A$5:$A$692,A14,$B$5:$B$692,B14,$F$5:$F$692,"<="&F14) | Q14: =0 | R14: =SUMIFS($Q$5:$Q$692,$A$5:$A$692,A14,$B$5:$B$692,B14,$F$5:$F$692,"<="&F14) | S14: =0 | T14: =SUMIFS($S$5:$S$692,$A$5:$A$692,A14,$B$5:$B$692,B14,$F$5:$F$692,"<="&F14) | U14: ='个人技术逐级'!O14
A15: 个人技术 | B15: ='个人技术逐级'!A15 | C15: ='个人技术逐级'!B15 | D15: ='个人技术逐级'!C15 | E15: ='个人技术逐级'!D15 | F15: ='个人技术逐级'!E15 | G15: ='个人技术逐级'!F15 | H15: ='个人技术逐级'!G15 | I15: 个人技术计时升级 | J15: ='个人技术逐级'!M15 | K15: =J15/3600 | L15: =SUMIFS($K$5:$K$692,$A$5:$A$692,A15,$B$5:$B$692,B15,$F$5:$F$692,"<="&F15) | M15: ='个人技术逐级'!N15 | N15: =SUMIFS($M$5:$M$692,$A$5:$A$692,A15,$B$5:$B$692,B15,$F$5:$F$692,"<="&F15) | O15: =0 | P15: =SUMIFS($O$5:$O$692,$A$5:$A$692,A15,$B$5:$B$692,B15,$F$5:$F$692,"<="&F15) | Q15: =0 | R15: =SUMIFS($Q$5:$Q$692,$A$5:$A$692,A15,$B$5:$B$692,B15,$F$5:$F$692,"<="&F15) | S15: =0 | T15: =SUMIFS($S$5:$S$692,$A$5:$A$692,A15,$B$5:$B$692,B15,$F$5:$F$692,"<="&F15) | U15: ='个人技术逐级'!O15
A16: 个人技术 | B16: ='个人技术逐级'!A16 | C16: ='个人技术逐级'!B16 | D16: ='个人技术逐级'!C16 | E16: ='个人技术逐级'!D16 | F16: ='个人技术逐级'!E16 | G16: ='个人技术逐级'!F16 | H16: ='个人技术逐级'!G16 | I16: 个人技术计时升级 | J16: ='个人技术逐级'!M16 | K16: =J16/3600 | L16: =SUMIFS($K$5:$K$692,$A$5:$A$692,A16,$B$5:$B$692,B16,$F$5:$F$692,"<="&F16) | M16: ='个人技术逐级'!N16 | N16: =SUMIFS($M$5:$M$692,$A$5:$A$692,A16,$B$5:$B$692,B16,$F$5:$F$692,"<="&F16) | O16: =0 | P16: =SUMIFS($O$5:$O$692,$A$5:$A$692,A16,$B$5:$B$692,B16,$F$5:$F$692,"<="&F16) | Q16: =0 | R16: =SUMIFS($Q$5:$Q$692,$A$5:$A$692,A16,$B$5:$B$692,B16,$F$5:$F$692,"<="&F16) | S16: =0 | T16: =SUMIFS($S$5:$S$692,$A$5:$A$692,A16,$B$5:$B$692,B16,$F$5:$F$692,"<="&F16) | U16: ='个人技术逐级'!O16
... A589: 个人技术 | B589: ='个人技术逐级'!A589 | C589: ='个人技术逐级'!B589 | D589: ='个人技术逐级'!C589 | E589: ='个人技术逐级'!D589 | F589: ='个人技术逐级'!E589 | G589: ='个人技术逐级'!F589 | H589: ='个人技术逐级'!G589 | I589: 个人技术计时升级 | J589: ='个人技术逐级'!M589 | K589: =J589/3600 | L589: =SUMIFS($K$5:$K$692,$A$5:$A$692,A589,$B$5:$B$692,B589,$F$5:$F$692,"<="&F589) | M589: ='个人技术逐级'!N589 | N589: =SUMIFS($M$5:$M$692,$A$5:$A$692,A589,$B$5:$B$692,B589,$F$5:$F$692,"<="&F589) | O589: =0 | P589: =SUMIFS($O$5:$O$692,$A$5:$A$692,A589,$B$5:$B$692,B589,$F$5:$F$692,"<="&F589) | Q589: =0 | R589: =SUMIFS($Q$5:$Q$692,$A$5:$A$692,A589,$B$5:$B$692,B589,$F$5:$F$692,"<="&F589) | S589: =0 | T589: =SUMIFS($S$5:$S$692,$A$5:$A$692,A589,$B$5:$B$692,B589,$F$5:$F$692,"<="&F589) | U589: ='个人技术逐级'!O589
A590: 帮会科技 | B590: ='帮会科技逐级'!A5 | C590: ='帮会科技逐级'!B5 | D590: ='帮会科技逐级'!C5 | E590: — | F590: ='帮会科技逐级'!D5 | G590: ='帮会科技逐级'!E5 | H590: ='帮会科技逐级'!F5 | I590: 帮会科技即时完成 | J590: ='帮会科技逐级'!G5 | K590: =J590/3600 | L590: =SUMIFS($K$5:$K$692,$A$5:$A$692,A590,$B$5:$B$692,B590,$F$5:$F$692,"<="&F590) | M590: ='帮会科技逐级'!R5 | N590: =SUMIFS($M$5:$M$692,$A$5:$A$692,A590,$B$5:$B$692,B590,$F$5:$F$692,"<="&F590) | O590: ='帮会科技逐级'!S5 | P590: =SUMIFS($O$5:$O$692,$A$5:$A$692,A590,$B$5:$B$692,B590,$F$5:$F$692,"<="&F590) | Q590: ='帮会科技逐级'!T5 | R590: =SUMIFS($Q$5:$Q$692,$A$5:$A$692,A590,$B$5:$B$692,B590,$F$5:$F$692,"<="&F590) | S590: ='帮会科技逐级'!U5 | T590: =SUMIFS($S$5:$S$692,$A$5:$A$692,A590,$B$5:$B$692,B590,$F$5:$F$692,"<="&F590) | U590: ='帮会科技逐级'!V5
A591: 帮会科技 | B591: ='帮会科技逐级'!A6 | C591: ='帮会科技逐级'!B6 | D591: ='帮会科技逐级'!C6 | E591: — | F591: ='帮会科技逐级'!D6 | G591: ='帮会科技逐级'!E6 | H591: ='帮会科技逐级'!F6 | I591: 帮会科技即时完成 | J591: ='帮会科技逐级'!G6 | K591: =J591/3600 | L591: =SUMIFS($K$5:$K$692,$A$5:$A$692,A591,$B$5:$B$692,B591,$F$5:$F$692,"<="&F591) | M591: ='帮会科技逐级'!R6 | N591: =SUMIFS($M$5:$M$692,$A$5:$A$692,A591,$B$5:$B$692,B591,$F$5:$F$692,"<="&F591) | O591: ='帮会科技逐级'!S6 | P591: =SUMIFS($O$5:$O$692,$A$5:$A$692,A591,$B$5:$B$692,B591,$F$5:$F$692,"<="&F591) | Q591: ='帮会科技逐级'!T6 | R591: =SUMIFS($Q$5:$Q$692,$A$5:$A$692,A591,$B$5:$B$692,B591,$F$5:$F$692,"<="&F591) | S591: ='帮会科技逐级'!U6 | T591: =SUMIFS($S$5:$S$692,$A$5:$A$692,A591,$B$5:$B$692,B591,$F$5:$F$692,"<="&F591) | U591: ='帮会科技逐级'!V6
A592: 帮会科技 | B592: ='帮会科技逐级'!A7 | C592: ='帮会科技逐级'!B7 | D592: ='帮会科技逐级'!C7 | E592: — | F592: ='帮会科技逐级'!D7 | G592: ='帮会科技逐级'!E7 | H592: ='帮会科技逐级'!F7 | I592: 帮会科技即时完成 | J592: ='帮会科技逐级'!G7 | K592: =J592/3600 | L592: =SUMIFS($K$5:$K$692,$A$5:$A$692,A592,$B$5:$B$692,B592,$F$5:$F$692,"<="&F592) | M592: ='帮会科技逐级'!R7 | N592: =SUMIFS($M$5:$M$692,$A$5:$A$692,A592,$B$5:$B$692,B592,$F$5:$F$692,"<="&F592) | O592: ='帮会科技逐级'!S7 | P592: =SUMIFS($O$5:$O$692,$A$5:$A$692,A592,$B$5:$B$692,B592,$F$5:$F$692,"<="&F592) | Q592: ='帮会科技逐级'!T7 | R592: =SUMIFS($Q$5:$Q$692,$A$5:$A$692,A592,$B$5:$B$692,B592,$F$5:$F$692,"<="&F592) | S592: ='帮会科技逐级'!U7 | T592: =SUMIFS($S$5:$S$692,$A$5:$A$692,A592,$B$5:$B$692,B592,$F$5:$F$692,"<="&F592) | U592: ='帮会科技逐级'!V7
A593: 帮会科技 | B593: ='帮会科技逐级'!A8 | C593: ='帮会科技逐级'!B8 | D593: ='帮会科技逐级'!C8 | E593: — | F593: ='帮会科技逐级'!D8 | G593: ='帮会科技逐级'!E8 | H593: ='帮会科技逐级'!F8 | I593: 帮会科技即时完成 | J593: ='帮会科技逐级'!G8 | K593: =J593/3600 | L593: =SUMIFS($K$5:$K$692,$A$5:$A$692,A593,$B$5:$B$692,B593,$F$5:$F$692,"<="&F593) | M593: ='帮会科技逐级'!R8 | N593: =SUMIFS($M$5:$M$692,$A$5:$A$692,A593,$B$5:$B$692,B593,$F$5:$F$692,"<="&F593) | O593: ='帮会科技逐级'!S8 | P593: =SUMIFS($O$5:$O$692,$A$5:$A$692,A593,$B$5:$B$692,B593,$F$5:$F$692,"<="&F593) | Q593: ='帮会科技逐级'!T8 | R593: =SUMIFS($Q$5:$Q$692,$A$5:$A$692,A593,$B$5:$B$692,B593,$F$5:$F$692,"<="&F593) | S593: ='帮会科技逐级'!U8 | T593: =SUMIFS($S$5:$S$692,$A$5:$A$692,A593,$B$5:$B$692,B593,$F$5:$F$692,"<="&F593) | U593: ='帮会科技逐级'!V8
A594: 帮会科技 | B594: ='帮会科技逐级'!A9 | C594: ='帮会科技逐级'!B9 | D594: ='帮会科技逐级'!C9 | E594: — | F594: ='帮会科技逐级'!D9 | G594: ='帮会科技逐级'!E9 | H594: ='帮会科技逐级'!F9 | I594: 帮会科技即时完成 | J594: ='帮会科技逐级'!G9 | K594: =J594/3600 | L594: =SUMIFS($K$5:$K$692,$A$5:$A$692,A594,$B$5:$B$692,B594,$F$5:$F$692,"<="&F594) | M594: ='帮会科技逐级'!R9 | N594: =SUMIFS($M$5:$M$692,$A$5:$A$692,A594,$B$5:$B$692,B594,$F$5:$F$692,"<="&F594) | O594: ='帮会科技逐级'!S9 | P594: =SUMIFS($O$5:$O$692,$A$5:$A$692,A594,$B$5:$B$692,B594,$F$5:$F$692,"<="&F594) | Q594: ='帮会科技逐级'!T9 | R594: =SUMIFS($Q$5:$Q$692,$A$5:$A$692,A594,$B$5:$B$692,B594,$F$5:$F$692,"<="&F594) | S594: ='帮会科技逐级'!U9 | T594: =SUMIFS($S$5:$S$692,$A$5:$A$692,A594,$B$5:$B$692,B594,$F$5:$F$692,"<="&F594) | U594: ='帮会科技逐级'!V9
A595: 帮会科技 | B595: ='帮会科技逐级'!A10 | C595: ='帮会科技逐级'!B10 | D595: ='帮会科技逐级'!C10 | E595: — | F595: ='帮会科技逐级'!D10 | G595: ='帮会科技逐级'!E10 | H595: ='帮会科技逐级'!F10 | I595: 帮会科技即时完成 | J595: ='帮会科技逐级'!G10 | K595: =J595/3600 | L595: =SUMIFS($K$5:$K$692,$A$5:$A$692,A595,$B$5:$B$692,B595,$F$5:$F$692,"<="&F595) | M595: ='帮会科技逐级'!R10 | N595: =SUMIFS($M$5:$M$692,$A$5:$A$692,A595,$B$5:$B$692,B595,$F$5:$F$692,"<="&F595) | O595: ='帮会科技逐级'!S10 | P595: =SUMIFS($O$5:$O$692,$A$5:$A$692,A595,$B$5:$B$692,B595,$F$5:$F$692,"<="&F595) | Q595: ='帮会科技逐级'!T10 | R595: =SUMIFS($Q$5:$Q$692,$A$5:$A$692,A595,$B$5:$B$692,B595,$F$5:$F$692,"<="&F595) | S595: ='帮会科技逐级'!U10 | T595: =SUMIFS($S$5:$S$692,$A$5:$A$692,A595,$B$5:$B$692,B595,$F$5:$F$692,"<="&F595) | U595: ='帮会科技逐级'!V10
A596: 帮会科技 | B596: ='帮会科技逐级'!A11 | C596: ='帮会科技逐级'!B11 | D596: ='帮会科技逐级'!C11 | E596: — | F596: ='帮会科技逐级'!D11 | G596: ='帮会科技逐级'!E11 | H596: ='帮会科技逐级'!F11 | I596: 帮会科技即时完成 | J596: ='帮会科技逐级'!G11 | K596: =J596/3600 | L596: =SUMIFS($K$5:$K$692,$A$5:$A$692,A596,$B$5:$B$692,B596,$F$5:$F$692,"<="&F596) | M596: ='帮会科技逐级'!R11 | N596: =SUMIFS($M$5:$M$692,$A$5:$A$692,A596,$B$5:$B$692,B596,$F$5:$F$692,"<="&F596) | O596: ='帮会科技逐级'!S11 | P596: =SUMIFS($O$5:$O$692,$A$5:$A$692,A596,$B$5:$B$692,B596,$F$5:$F$692,"<="&F596) | Q596: ='帮会科技逐级'!T11 | R596: =SUMIFS($Q$5:$Q$692,$A$5:$A$692,A596,$B$5:$B$692,B596,$F$5:$F$692,"<="&F596) | S596: ='帮会科技逐级'!U11 | T596: =SUMIFS($S$5:$S$692,$A$5:$A$692,A596,$B$5:$B$692,B596,$F$5:$F$692,"<="&F596) | U596: ='帮会科技逐级'!V11
A597: 帮会科技 | B597: ='帮会科技逐级'!A12 | C597: ='帮会科技逐级'!B12 | D597: ='帮会科技逐级'!C12 | E597: — | F597: ='帮会科技逐级'!D12 | G597: ='帮会科技逐级'!E12 | H597: ='帮会科技逐级'!F12 | I597: 帮会科技即时完成 | J597: ='帮会科技逐级'!G12 | K597: =J597/3600 | L597: =SUMIFS($K$5:$K$692,$A$5:$A$692,A597,$B$5:$B$692,B597,$F$5:$F$692,"<="&F597) | M597: ='帮会科技逐级'!R12 | N597: =SUMIFS($M$5:$M$692,$A$5:$A$692,A597,$B$5:$B$692,B597,$F$5:$F$692,"<="&F597) | O597: ='帮会科技逐级'!S12 | P597: =SUMIFS($O$5:$O$692,$A$5:$A$692,A597,$B$5:$B$692,B597,$F$5:$F$692,"<="&F597) | Q597: ='帮会科技逐级'!T12 | R597: =SUMIFS($Q$5:$Q$692,$A$5:$A$692,A597,$B$5:$B$692,B597,$F$5:$F$692,"<="&F597) | S597: ='帮会科技逐级'!U12 | T597: =SUMIFS($S$5:$S$692,$A$5:$A$692,A597,$B$5:$B$692,B597,$F$5:$F$692,"<="&F597) | U597: ='帮会科技逐级'!V12
A598: 帮会科技 | B598: ='帮会科技逐级'!A13 | C598: ='帮会科技逐级'!B13 | D598: ='帮会科技逐级'!C13 | E598: — | F598: ='帮会科技逐级'!D13 | G598: ='帮会科技逐级'!E13 | H598: ='帮会科技逐级'!F13 | I598: 帮会科技即时完成 | J598: ='帮会科技逐级'!G13 | K598: =J598/3600 | L598: =SUMIFS($K$5:$K$692,$A$5:$A$692,A598,$B$5:$B$692,B598,$F$5:$F$692,"<="&F598) | M598: ='帮会科技逐级'!R13 | N598: =SUMIFS($M$5:$M$692,$A$5:$A$692,A598,$B$5:$B$692,B598,$F$5:$F$692,"<="&F598) | O598: ='帮会科技逐级'!S13 | P598: =SUMIFS($O$5:$O$692,$A$5:$A$692,A598,$B$5:$B$692,B598,$F$5:$F$692,"<="&F598) | Q598: ='帮会科技逐级'!T13 | R598: =SUMIFS($Q$5:$Q$692,$A$5:$A$692,A598,$B$5:$B$692,B598,$F$5:$F$692,"<="&F598) | S598: ='帮会科技逐级'!U13 | T598: =SUMIFS($S$5:$S$692,$A$5:$A$692,A598,$B$5:$B$692,B598,$F$5:$F$692,"<="&F598) | U598: ='帮会科技逐级'!V13
A599: 帮会科技 | B599: ='帮会科技逐级'!A14 | C599: ='帮会科技逐级'!B14 | D599: ='帮会科技逐级'!C14 | E599: — | F599: ='帮会科技逐级'!D14 | G599: ='帮会科技逐级'!E14 | H599: ='帮会科技逐级'!F14 | I599: 帮会科技即时完成 | J599: ='帮会科技逐级'!G14 | K599: =J599/3600 | L599: =SUMIFS($K$5:$K$692,$A$5:$A$692,A599,$B$5:$B$692,B599,$F$5:$F$692,"<="&F599) | M599: ='帮会科技逐级'!R14 | N599: =SUMIFS($M$5:$M$692,$A$5:$A$692,A599,$B$5:$B$692,B599,$F$5:$F$692,"<="&F599) | O599: ='帮会科技逐级'!S14 | P599: =SUMIFS($O$5:$O$692,$A$5:$A$692,A599,$B$5:$B$692,B599,$F$5:$F$692,"<="&F599) | Q599: ='帮会科技逐级'!T14 | R599: =SUMIFS($Q$5:$Q$692,$A$5:$A$692,A599,$B$5:$B$692,B599,$F$5:$F$692,"<="&F599) | S599: ='帮会科技逐级'!U14 | T599: =SUMIFS($S$5:$S$692,$A$5:$A$692,A599,$B$5:$B$692,B599,$F$5:$F$692,"<="&F599) | U599: ='帮会科技逐级'!V14
A600: 帮会科技 | B600: ='帮会科技逐级'!A15 | C600: ='帮会科技逐级'!B15 | D600: ='帮会科技逐级'!C15 | E600: — | F600: ='帮会科技逐级'!D15 | G600: ='帮会科技逐级'!E15 | H600: ='帮会科技逐级'!F15 | I600: 帮会科技即时完成 | J600: ='帮会科技逐级'!G15 | K600: =J600/3600 | L600: =SUMIFS($K$5:$K$692,$A$5:$A$692,A600,$B$5:$B$692,B600,$F$5:$F$692,"<="&F600) | M600: ='帮会科技逐级'!R15 | N600: =SUMIFS($M$5:$M$692,$A$5:$A$692,A600,$B$5:$B$692,B600,$F$5:$F$692,"<="&F600) | O600: ='帮会科技逐级'!S15 | P600: =SUMIFS($O$5:$O$692,$A$5:$A$692,A600,$B$5:$B$692,B600,$F$5:$F$692,"<="&F600) | Q600: ='帮会科技逐级'!T15 | R600: =SUMIFS($Q$5:$Q$692,$A$5:$A$692,A600,$B$5:$B$692,B600,$F$5:$F$692,"<="&F600) | S600: ='帮会科技逐级'!U15 | T600: =SUMIFS($S$5:$S$692,$A$5:$A$692,A600,$B$5:$B$692,B600,$F$5:$F$692,"<="&F600) | U600: ='帮会科技逐级'!V15
A601: 帮会科技 | B601: ='帮会科技逐级'!A16 | C601: ='帮会科技逐级'!B16 | D601: ='帮会科技逐级'!C16 | E601: — | F601: ='帮会科技逐级'!D16 | G601: ='帮会科技逐级'!E16 | H601: ='帮会科技逐级'!F16 | I601: 帮会科技即时完成 | J601: ='帮会科技逐级'!G16 | K601: =J601/3600 | L601: =SUMIFS($K$5:$K$692,$A$5:$A$692,A601,$B$5:$B$692,B601,$F$5:$F$692,"<="&F601) | M601: ='帮会科技逐级'!R16 | N601: =SUMIFS($M$5:$M$692,$A$5:$A$692,A601,$B$5:$B$692,B601,$F$5:$F$692,"<="&F601) | O601: ='帮会科技逐级'!S16 | P601: =SUMIFS($O$5:$O$692,$A$5:$A$692,A601,$B$5:$B$692,B601,$F$5:$F$692,"<="&F601) | Q601: ='帮会科技逐级'!T16 | R601: =SUMIFS($Q$5:$Q$692,$A$5:$A$692,A601,$B$5:$B$692,B601,$F$5:$F$692,"<="&F601) | S601: ='帮会科技逐级'!U16 | T601: =SUMIFS($S$5:$S$692,$A$5:$A$692,A601,$B$5:$B$692,B601,$F$5:$F$692,"<="&F601) | U601: ='帮会科技逐级'!V16
... A692: 帮会科技 | B692: ='帮会科技逐级'!A107 | C692: ='帮会科技逐级'!B107 | D692: ='帮会科技逐级'!C107 | E692: — | F692: ='帮会科技逐级'!D107 | G692: ='帮会科技逐级'!E107 | H692: ='帮会科技逐级'!F107 | I692: 帮会科技即时完成 | J692: ='帮会科技逐级'!G107 | K692: =J692/3600 | L692: =SUMIFS($K$5:$K$692,$A$5:$A$692,A692,$B$5:$B$692,B692,$F$5:$F$692,"<="&F692) | M692: ='帮会科技逐级'!R107 | N692: =SUMIFS($M$5:$M$692,$A$5:$A$692,A692,$B$5:$B$692,B692,$F$5:$F$692,"<="&F692) | O692: ='帮会科技逐级'!S107 | P692: =SUMIFS($O$5:$O$692,$A$5:$A$692,A692,$B$5:$B$692,B692,$F$5:$F$692,"<="&F692) | Q692: ='帮会科技逐级'!T107 | R692: =SUMIFS($Q$5:$Q$692,$A$5:$A$692,A692,$B$5:$B$692,B692,$F$5:$F$692,"<="&F692) | S692: ='帮会科技逐级'!U107 | T692: =SUMIFS($S$5:$S$692,$A$5:$A$692,A692,$B$5:$B$692,B692,$F$5:$F$692,"<="&F692) | U692: ='帮会科技逐级'!V107

Sheet 个人技术总览
A1: 个人技术升级总览
A2: 汇总覆盖42个个人技术；全程指从0级升到最高等级的全部单级升级成本/时间累加。所有当前技术均使用全等级预算曲线，预算列是验收目标，曲线列负责控制逐级倾斜。
A4: 技术Key | B4: 技术 | C4: 分类 | D4: 兵种 | E4: 最高等级 | F4: 基础时间(s) | G4: 时长曲线 | H4: 基础银两 | I4: 成本曲线 | J4: 首级基准实耗时(s) | K4: 末级基准实耗时(s) | L4: 全程基准小时 | M4: 全程银两 | N4: 数据来源 | O4: 全程时长预算(s) | P4: 时长曲线 | Q4: 全程银两预算 | R4: 成本曲线
A5: scout_art | B5: 侦查术 | C5: 基本技术 | D5: — | E5: 200 | F5: 60 | G5: 1.01 | H5: 8000 | I5: 1.01 | J5: =SUMIFS('个人技术逐级'!$M$5:$M$589,'个人技术逐级'!$A$5:$A$589,$A5,'个人技术逐级'!$E$5:$E$589,'参数与公式'!$B$10) | K5: =SUMIFS('个人技术逐级'!$M$5:$M$589,'个人技术逐级'!$A$5:$A$589,$A5,'个人技术逐级'!$E$5:$E$589,$E5-1) | L5: =SUMIF('个人技术逐级'!$A$5:$A$589,$A5,'个人技术逐级'!$M$5:$M$589)/3600 | M5: =SUMIF('个人技术逐级'!$A$5:$A$589,$A5,'个人技术逐级'!$N$5:$N$589) | N5: data/technology_templates.yaml; technologies[].upgrade_*_budget / *_curve | O5: 15552000 | P5: 1.01 | Q5: 200000000 | R5: 1.01
A6: march_art | B6: 行军术 | C6: 基本技术 | D6: — | E6: 10 | F6: 60 | G6: 1.08 | H6: 8000 | I6: 1.2 | J6: =SUMIFS('个人技术逐级'!$M$5:$M$589,'个人技术逐级'!$A$5:$A$589,$A6,'个人技术逐级'!$E$5:$E$589,'参数与公式'!$B$10) | K6: =SUMIFS('个人技术逐级'!$M$5:$M$589,'个人技术逐级'!$A$5:$A$589,$A6,'个人技术逐级'!$E$5:$E$589,$E6-1) | L6: =SUMIF('个人技术逐级'!$A$5:$A$589,$A6,'个人技术逐级'!$M$5:$M$589)/3600 | M6: =SUMIF('个人技术逐级'!$A$5:$A$589,$A6,'个人技术逐级'!$N$5:$N$589) | N6: data/technology_templates.yaml; technologies[].upgrade_*_budget / *_curve | O6: 1728000 | P6: 1.08 | Q6: 10000000 | R6: 1.2
A7: architecture | B7: 建筑学 | C7: 基本技术 | D7: — | E7: 10 | F7: 60 | G7: 1.08 | H7: 8000 | I7: 1.2 | J7: =SUMIFS('个人技术逐级'!$M$5:$M$589,'个人技术逐级'!$A$5:$A$589,$A7,'个人技术逐级'!$E$5:$E$589,'参数与公式'!$B$10) | K7: =SUMIFS('个人技术逐级'!$M$5:$M$589,'个人技术逐级'!$A$5:$A$589,$A7,'个人技术逐级'!$E$5:$E$589,$E7-1) | L7: =SUMIF('个人技术逐级'!$A$5:$A$589,$A7,'个人技术逐级'!$M$5:$M$589)/3600 | M7: =SUMIF('个人技术逐级'!$A$5:$A$589,$A7,'个人技术逐级'!$N$5:$N$589) | N7: data/technology_templates.yaml; technologies[].upgrade_*_budget / *_curve | O7: 864000 | P7: 1.08 | Q7: 3000000 | R7: 1.2
A8: horsemanship | B8: 驯马术 | C8: 生产技术 | D8: — | E8: 10 | F8: 60 | G8: 1.08 | H8: 8000 | I8: 1.2 | J8: =SUMIFS('个人技术逐级'!$M$5:$M$589,'个人技术逐级'!$A$5:$A$589,$A8,'个人技术逐级'!$E$5:$E$589,'参数与公式'!$B$10) | K8: =SUMIFS('个人技术逐级'!$M$5:$M$589,'个人技术逐级'!$A$5:$A$589,$A8,'个人技术逐级'!$E$5:$E$589,$E8-1) | L8: =SUMIF('个人技术逐级'!$A$5:$A$589,$A8,'个人技术逐级'!$M$5:$M$589)/3600 | M8: =SUMIF('个人技术逐级'!$A$5:$A$589,$A8,'个人技术逐级'!$N$5:$N$589) | N8: data/technology_templates.yaml; technologies[].upgrade_*_budget / *_curve | O8: 864000 | P8: 1.08 | Q8: 1000000 | R8: 1.2
A9: animal_husbandry | B9: 养殖术 | C9: 生产技术 | D9: — | E9: 10 | F9: 60 | G9: 1.08 | H9: 8000 | I9: 1.2 | J9: =SUMIFS('个人技术逐级'!$M$5:$M$589,'个人技术逐级'!$A$5:$A$589,$A9,'个人技术逐级'!$E$5:$E$589,'参数与公式'!$B$10) | K9: =SUMIFS('个人技术逐级'!$M$5:$M$589,'个人技术逐级'!$A$5:$A$589,$A9,'个人技术逐级'!$E$5:$E$589,$E9-1) | L9: =SUMIF('个人技术逐级'!$A$5:$A$589,$A9,'个人技术逐级'!$M$5:$M$589)/3600 | M9: =SUMIF('个人技术逐级'!$A$5:$A$589,$A9,'个人技术逐级'!$N$5:$N$589) | N9: data/technology_templates.yaml; technologies[].upgrade_*_budget / *_curve | O9: 864000 | P9: 1.08 | Q9: 1000000 | R9: 1.2
A10: smelting | B10: 冶炼技 | C10: 生产技术 | D10: — | E10: 10 | F10: 60 | G10: 1.08 | H10: 8000 | I10: 1.2 | J10: =SUMIFS('个人技术逐级'!$M$5:$M$589,'个人技术逐级'!$A$5:$A$589,$A10,'个人技术逐级'!$E$5:$E$589,'参数与公式'!$B$10) | K10: =SUMIFS('个人技术逐级'!$M$5:$M$589,'个人技术逐级'!$A$5:$A$589,$A10,'个人技术逐级'!$E$5:$E$589,$E10-1) | L10: =SUMIF('个人技术逐级'!$A$5:$A$589,$A10,'个人技术逐级'!$M$5:$M$589)/3600 | M10: =SUMIF('个人技术逐级'!$A$5:$A$589,$A10,'个人技术逐级'!$N$5:$N$589) | N10: data/technology_templates.yaml; technologies[].upgrade_*_budget / *_curve | O10: 864000 | P10: 1.08 | Q10: 1000000 | R10: 1.2
A11: forging | B11: 锻造技 | C11: 生产技术 | D11: — | E11: 10 | F11: 60 | G11: 1.08 | H11: 8000 | I11: 1.2 | J11: =SUMIFS('个人技术逐级'!$M$5:$M$589,'个人技术逐级'!$A$5:$A$589,$A11,'个人技术逐级'!$E$5:$E$589,'参数与公式'!$B$10) | K11: =SUMIFS('个人技术逐级'!$M$5:$M$589,'个人技术逐级'!$A$5:$A$589,$A11,'个人技术逐级'!$E$5:$E$589,$E11-1) | L11: =SUMIF('个人技术逐级'!$A$5:$A$589,$A11,'个人技术逐级'!$M$5:$M$589)/3600 | M11: =SUMIF('个人技术逐级'!$A$5:$A$589,$A11,'个人技术逐级'!$N$5:$N$589) | N11: data/technology_templates.yaml; technologies[].upgrade_*_budget / *_curve | O11: 864000 | P11: 1.08 | Q11: 1000000 | R11: 1.2
A12: dao_attack | B12: 力劈华山 | C12: 武艺技术 | D12: 刀类 | E12: 10 | F12: 60 | G12: 1.08 | H12: 8000 | I12: 1.2 | J12: =SUMIFS('个人技术逐级'!$M$5:$M$589,'个人技术逐级'!$A$5:$A$589,$A12,'个人技术逐级'!$E$5:$E$589,'参数与公式'!$B$10) | K12: =SUMIFS('个人技术逐级'!$M$5:$M$589,'个人技术逐级'!$A$5:$A$589,$A12,'个人技术逐级'!$E$5:$E$589,$E12-1) | L12: =SUMIF('个人技术逐级'!$A$5:$A$589,$A12,'个人技术逐级'!$M$5:$M$589)/3600 | M12: =SUMIF('个人技术逐级'!$A$5:$A$589,$A12,'个人技术逐级'!$N$5:$N$589) | N12: data/technology_templates.yaml; upgrade_profiles.martial | O12: 864000 | P12: 1.08 | Q12: 2000000 | R12: 1.2
A13: dao_defense | B13: 横炼铁杉 | C13: 武艺技术 | D13: 刀类 | E13: 10 | F13: 60 | G13: 1.08 | H13: 8000 | I13: 1.2 | J13: =SUMIFS('个人技术逐级'!$M$5:$M$589,'个人技术逐级'!$A$5:$A$589,$A13,'个人技术逐级'!$E$5:$E$589,'参数与公式'!$B$10) | K13: =SUMIFS('个人技术逐级'!$M$5:$M$589,'个人技术逐级'!$A$5:$A$589,$A13,'个人技术逐级'!$E$5:$E$589,$E13-1) | L13: =SUMIF('个人技术逐级'!$A$5:$A$589,$A13,'个人技术逐级'!$M$5:$M$589)/3600 | M13: =SUMIF('个人技术逐级'!$A$5:$A$589,$A13,'个人技术逐级'!$N$5:$N$589) | N13: data/technology_templates.yaml; upgrade_profiles.martial | O13: 864000 | P13: 1.08 | Q13: 2000000 | R13: 1.2
A14: dao_agility | B14: 疾风碎步 | C14: 武艺技术 | D14: 刀类 | E14: 10 | F14: 60 | G14: 1.08 | H14: 8000 | I14: 1.2 | J14: =SUMIFS('个人技术逐级'!$M$5:$M$589,'个人技术逐级'!$A$5:$A$589,$A14,'个人技术逐级'!$E$5:$E$589,'参数与公式'!$B$10) | K14: =SUMIFS('个人技术逐级'!$M$5:$M$589,'个人技术逐级'!$A$5:$A$589,$A14,'个人技术逐级'!$E$5:$E$589,$E14-1) | L14: =SUMIF('个人技术逐级'!$A$5:$A$589,$A14,'个人技术逐级'!$M$5:$M$589)/3600 | M14: =SUMIF('个人技术逐级'!$A$5:$A$589,$A14,'个人技术逐级'!$N$5:$N$589) | N14: data/technology_templates.yaml; upgrade_profiles.martial | O14: 864000 | P14: 1.08 | Q14: 2000000 | R14: 1.2
A15: dao_hp | B15: 蓄日回元 | C15: 武艺技术 | D15: 刀类 | E15: 10 | F15: 60 | G15: 1.08 | H15: 8000 | I15: 1.2 | J15: =SUMIFS('个人技术逐级'!$M$5:$M$589,'个人技术逐级'!$A$5:$A$589,$A15,'个人技术逐级'!$E$5:$E$589,'参数与公式'!$B$10) | K15: =SUMIFS('个人技术逐级'!$M$5:$M$589,'个人技术逐级'!$A$5:$A$589,$A15,'个人技术逐级'!$E$5:$E$589,$E15-1) | L15: =SUMIF('个人技术逐级'!$A$5:$A$589,$A15,'个人技术逐级'!$M$5:$M$589)/3600 | M15: =SUMIF('个人技术逐级'!$A$5:$A$589,$A15,'个人技术逐级'!$N$5:$N$589) | N15: data/technology_templates.yaml; upgrade_profiles.martial | O15: 864000 | P15: 1.08 | Q15: 2000000 | R15: 1.2
A16: dao_double_strike | B16: 狂狼必杀 | C16: 武艺技术 | D16: 刀类 | E16: 5 | F16: 60 | G16: 1.08 | H16: 20000 | I16: 1.2 | J16: =SUMIFS('个人技术逐级'!$M$5:$M$589,'个人技术逐级'!$A$5:$A$589,$A16,'个人技术逐级'!$E$5:$E$589,'参数与公式'!$B$10) | K16: =SUMIFS('个人技术逐级'!$M$5:$M$589,'个人技术逐级'!$A$5:$A$589,$A16,'个人技术逐级'!$E$5:$E$589,$E16-1) | L16: =SUMIF('个人技术逐级'!$A$5:$A$589,$A16,'个人技术逐级'!$M$5:$M$589)/3600 | M16: =SUMIF('个人技术逐级'!$A$5:$A$589,$A16,'个人技术逐级'!$N$5:$N$589) | N16: data/technology_templates.yaml; upgrade_profiles.martial | O16: 864000 | P16: 1.08 | Q16: 2000000 | R16: 1.2
... A46: gong_recruit | B46: 造兵术-弓 | C46: 武艺技术 | D46: 弓箭类 | E46: 7 | F46: 60 | G46: 1.08 | H46: 8000 | I46: 1.2 | J46: =SUMIFS('个人技术逐级'!$M$5:$M$589,'个人技术逐级'!$A$5:$A$589,$A46,'个人技术逐级'!$E$5:$E$589,'参数与公式'!$B$10) | K46: =SUMIFS('个人技术逐级'!$M$5:$M$589,'个人技术逐级'!$A$5:$A$589,$A46,'个人技术逐级'!$E$5:$E$589,$E46-1) | L46: =SUMIF('个人技术逐级'!$A$5:$A$589,$A46,'个人技术逐级'!$M$5:$M$589)/3600 | M46: =SUMIF('个人技术逐级'!$A$5:$A$589,$A46,'个人技术逐级'!$N$5:$N$589) | N46: data/technology_templates.yaml; upgrade_profiles.martial | O46: 864000 | P46: 1.08 | Q46: 2000000 | R46: 1.2

Sheet 个人技术逐级
A1: 个人技术逐级升级明细
A2: 个人技术从0级开始，全部技术统一使用全等级预算曲线：每级=基础底线+剩余总预算×POWER(曲线,当前等级)/全部权重总和，最后一级补齐整数舍入差额。T:Y 为可审计的预算分配辅助列。
A4: 技术Key | B4: 技术 | C4: 分类 | D4: 兵种 | E4: 当前等级 | F4: 目标等级 | G4: 最高等级 | H4: 基础时间(s) | I4: 时长曲线 | J4: 基础银两 | K4: 成本曲线 | L4: 配置时长(s) | M4: 基准实耗时(s) | N4: 配置银两 | O4: 数据来源 | P4: 时长总预算(s) | Q4: 时长曲线 | R4: 银两总预算 | S4: 成本曲线 | T4: 时长权重 | U4: 时长权重总和 | V4: 时长额外分配 | W4: 成本权重 | X4: 成本权重总和 | Y4: 成本额外分配
A5: scout_art | B5: 侦查术 | C5: 基本技术 | D5: — | E5: 0 | F5: =E5+1 | G5: =INDEX('个人技术总览'!$E$5:$E$46,MATCH($A5,'个人技术总览'!$A$5:$A$46,0)) | H5: =INDEX('个人技术总览'!$F$5:$F$46,MATCH($A5,'个人技术总览'!$A$5:$A$46,0)) | I5: =INDEX('个人技术总览'!$G$5:$G$46,MATCH($A5,'个人技术总览'!$A$5:$A$46,0)) | J5: =INDEX('个人技术总览'!$H$5:$H$46,MATCH($A5,'个人技术总览'!$A$5:$A$46,0)) | K5: =INDEX('个人技术总览'!$I$5:$I$46,MATCH($A5,'个人技术总览'!$A$5:$A$46,0)) | L5: =H5+V5+IF(E5=G5-1,MAX(0,P5-H5*G5-SUMIFS($V$5:$V$589,$A$5:$A$589,$A5)),0) | M5: =MAX(1,ROUNDDOWN($L5/'参数与公式'!$B$5,0)) | N5: =J5+Y5+IF(E5=G5-1,MAX(0,R5-J5*G5-SUMIFS($Y$5:$Y$589,$A$5:$A$589,$A5)),0) | O5: data/technology_templates.yaml; upgrade_*_budget / *_curve; code: technology_rules.allocate_upgrade_budget | P5: =INDEX('个人技术总览'!$O$5:$O$46,MATCH($A5,'个人技术总览'!$A$5:$A$46,0)) | Q5: =INDEX('个人技术总览'!$P$5:$P$46,MATCH($A5,'个人技术总览'!$A$5:$A$46,0)) | R5: =INDEX('个人技术总览'!$Q$5:$Q$46,MATCH($A5,'个人技术总览'!$A$5:$A$46,0)) | S5: =INDEX('个人技术总览'!$R$5:$R$46,MATCH($A5,'个人技术总览'!$A$5:$A$46,0)) | T5: =POWER($Q5,$E5) | U5: =SUMIFS($T$5:$T$589,$A$5:$A$589,$A5) | V5: =ROUNDDOWN(MAX(0,$P5-$H5*$G5)*$T5/MAX(1,$U5),0) | W5: =POWER($S5,$E5) | X5: =SUMIFS($W$5:$W$589,$A$5:$A$589,$A5) | Y5: =ROUNDDOWN(MAX(0,$R5-$J5*$G5)*$W5/MAX(1,$X5),0)
A6: scout_art | B6: 侦查术 | C6: 基本技术 | D6: — | E6: 1 | F6: =E6+1 | G6: =INDEX('个人技术总览'!$E$5:$E$46,MATCH($A6,'个人技术总览'!$A$5:$A$46,0)) | H6: =INDEX('个人技术总览'!$F$5:$F$46,MATCH($A6,'个人技术总览'!$A$5:$A$46,0)) | I6: =INDEX('个人技术总览'!$G$5:$G$46,MATCH($A6,'个人技术总览'!$A$5:$A$46,0)) | J6: =INDEX('个人技术总览'!$H$5:$H$46,MATCH($A6,'个人技术总览'!$A$5:$A$46,0)) | K6: =INDEX('个人技术总览'!$I$5:$I$46,MATCH($A6,'个人技术总览'!$A$5:$A$46,0)) | L6: =H6+V6+IF(E6=G6-1,MAX(0,P6-H6*G6-SUMIFS($V$5:$V$589,$A$5:$A$589,$A6)),0) | M6: =MAX(1,ROUNDDOWN($L6/'参数与公式'!$B$5,0)) | N6: =J6+Y6+IF(E6=G6-1,MAX(0,R6-J6*G6-SUMIFS($Y$5:$Y$589,$A$5:$A$589,$A6)),0) | O6: data/technology_templates.yaml; upgrade_*_budget / *_curve; code: technology_rules.allocate_upgrade_budget | P6: =INDEX('个人技术总览'!$O$5:$O$46,MATCH($A6,'个人技术总览'!$A$5:$A$46,0)) | Q6: =INDEX('个人技术总览'!$P$5:$P$46,MATCH($A6,'个人技术总览'!$A$5:$A$46,0)) | R6: =INDEX('个人技术总览'!$Q$5:$Q$46,MATCH($A6,'个人技术总览'!$A$5:$A$46,0)) | S6: =INDEX('个人技术总览'!$R$5:$R$46,MATCH($A6,'个人技术总览'!$A$5:$A$46,0)) | T6: =POWER($Q6,$E6) | U6: =SUMIFS($T$5:$T$589,$A$5:$A$589,$A6) | V6: =ROUNDDOWN(MAX(0,$P6-$H6*$G6)*$T6/MAX(1,$U6),0) | W6: =POWER($S6,$E6) | X6: =SUMIFS($W$5:$W$589,$A$5:$A$589,$A6) | Y6: =ROUNDDOWN(MAX(0,$R6-$J6*$G6)*$W6/MAX(1,$X6),0)
A7: scout_art | B7: 侦查术 | C7: 基本技术 | D7: — | E7: 2 | F7: =E7+1 | G7: =INDEX('个人技术总览'!$E$5:$E$46,MATCH($A7,'个人技术总览'!$A$5:$A$46,0)) | H7: =INDEX('个人技术总览'!$F$5:$F$46,MATCH($A7,'个人技术总览'!$A$5:$A$46,0)) | I7: =INDEX('个人技术总览'!$G$5:$G$46,MATCH($A7,'个人技术总览'!$A$5:$A$46,0)) | J7: =INDEX('个人技术总览'!$H$5:$H$46,MATCH($A7,'个人技术总览'!$A$5:$A$46,0)) | K7: =INDEX('个人技术总览'!$I$5:$I$46,MATCH($A7,'个人技术总览'!$A$5:$A$46,0)) | L7: =H7+V7+IF(E7=G7-1,MAX(0,P7-H7*G7-SUMIFS($V$5:$V$589,$A$5:$A$589,$A7)),0) | M7: =MAX(1,ROUNDDOWN($L7/'参数与公式'!$B$5,0)) | N7: =J7+Y7+IF(E7=G7-1,MAX(0,R7-J7*G7-SUMIFS($Y$5:$Y$589,$A$5:$A$589,$A7)),0) | O7: data/technology_templates.yaml; upgrade_*_budget / *_curve; code: technology_rules.allocate_upgrade_budget | P7: =INDEX('个人技术总览'!$O$5:$O$46,MATCH($A7,'个人技术总览'!$A$5:$A$46,0)) | Q7: =INDEX('个人技术总览'!$P$5:$P$46,MATCH($A7,'个人技术总览'!$A$5:$A$46,0)) | R7: =INDEX('个人技术总览'!$Q$5:$Q$46,MATCH($A7,'个人技术总览'!$A$5:$A$46,0)) | S7: =INDEX('个人技术总览'!$R$5:$R$46,MATCH($A7,'个人技术总览'!$A$5:$A$46,0)) | T7: =POWER($Q7,$E7) | U7: =SUMIFS($T$5:$T$589,$A$5:$A$589,$A7) | V7: =ROUNDDOWN(MAX(0,$P7-$H7*$G7)*$T7/MAX(1,$U7),0) | W7: =POWER($S7,$E7) | X7: =SUMIFS($W$5:$W$589,$A$5:$A$589,$A7) | Y7: =ROUNDDOWN(MAX(0,$R7-$J7*$G7)*$W7/MAX(1,$X7),0)
A8: scout_art | B8: 侦查术 | C8: 基本技术 | D8: — | E8: 3 | F8: =E8+1 | G8: =INDEX('个人技术总览'!$E$5:$E$46,MATCH($A8,'个人技术总览'!$A$5:$A$46,0)) | H8: =INDEX('个人技术总览'!$F$5:$F$46,MATCH($A8,'个人技术总览'!$A$5:$A$46,0)) | I8: =INDEX('个人技术总览'!$G$5:$G$46,MATCH($A8,'个人技术总览'!$A$5:$A$46,0)) | J8: =INDEX('个人技术总览'!$H$5:$H$46,MATCH($A8,'个人技术总览'!$A$5:$A$46,0)) | K8: =INDEX('个人技术总览'!$I$5:$I$46,MATCH($A8,'个人技术总览'!$A$5:$A$46,0)) | L8: =H8+V8+IF(E8=G8-1,MAX(0,P8-H8*G8-SUMIFS($V$5:$V$589,$A$5:$A$589,$A8)),0) | M8: =MAX(1,ROUNDDOWN($L8/'参数与公式'!$B$5,0)) | N8: =J8+Y8+IF(E8=G8-1,MAX(0,R8-J8*G8-SUMIFS($Y$5:$Y$589,$A$5:$A$589,$A8)),0) | O8: data/technology_templates.yaml; upgrade_*_budget / *_curve; code: technology_rules.allocate_upgrade_budget | P8: =INDEX('个人技术总览'!$O$5:$O$46,MATCH($A8,'个人技术总览'!$A$5:$A$46,0)) | Q8: =INDEX('个人技术总览'!$P$5:$P$46,MATCH($A8,'个人技术总览'!$A$5:$A$46,0)) | R8: =INDEX('个人技术总览'!$Q$5:$Q$46,MATCH($A8,'个人技术总览'!$A$5:$A$46,0)) | S8: =INDEX('个人技术总览'!$R$5:$R$46,MATCH($A8,'个人技术总览'!$A$5:$A$46,0)) | T8: =POWER($Q8,$E8) | U8: =SUMIFS($T$5:$T$589,$A$5:$A$589,$A8) | V8: =ROUNDDOWN(MAX(0,$P8-$H8*$G8)*$T8/MAX(1,$U8),0) | W8: =POWER($S8,$E8) | X8: =SUMIFS($W$5:$W$589,$A$5:$A$589,$A8) | Y8: =ROUNDDOWN(MAX(0,$R8-$J8*$G8)*$W8/MAX(1,$X8),0)
A9: scout_art | B9: 侦查术 | C9: 基本技术 | D9: — | E9: 4 | F9: =E9+1 | G9: =INDEX('个人技术总览'!$E$5:$E$46,MATCH($A9,'个人技术总览'!$A$5:$A$46,0)) | H9: =INDEX('个人技术总览'!$F$5:$F$46,MATCH($A9,'个人技术总览'!$A$5:$A$46,0)) | I9: =INDEX('个人技术总览'!$G$5:$G$46,MATCH($A9,'个人技术总览'!$A$5:$A$46,0)) | J9: =INDEX('个人技术总览'!$H$5:$H$46,MATCH($A9,'个人技术总览'!$A$5:$A$46,0)) | K9: =INDEX('个人技术总览'!$I$5:$I$46,MATCH($A9,'个人技术总览'!$A$5:$A$46,0)) | L9: =H9+V9+IF(E9=G9-1,MAX(0,P9-H9*G9-SUMIFS($V$5:$V$589,$A$5:$A$589,$A9)),0) | M9: =MAX(1,ROUNDDOWN($L9/'参数与公式'!$B$5,0)) | N9: =J9+Y9+IF(E9=G9-1,MAX(0,R9-J9*G9-SUMIFS($Y$5:$Y$589,$A$5:$A$589,$A9)),0) | O9: data/technology_templates.yaml; upgrade_*_budget / *_curve; code: technology_rules.allocate_upgrade_budget | P9: =INDEX('个人技术总览'!$O$5:$O$46,MATCH($A9,'个人技术总览'!$A$5:$A$46,0)) | Q9: =INDEX('个人技术总览'!$P$5:$P$46,MATCH($A9,'个人技术总览'!$A$5:$A$46,0)) | R9: =INDEX('个人技术总览'!$Q$5:$Q$46,MATCH($A9,'个人技术总览'!$A$5:$A$46,0)) | S9: =INDEX('个人技术总览'!$R$5:$R$46,MATCH($A9,'个人技术总览'!$A$5:$A$46,0)) | T9: =POWER($Q9,$E9) | U9: =SUMIFS($T$5:$T$589,$A$5:$A$589,$A9) | V9: =ROUNDDOWN(MAX(0,$P9-$H9*$G9)*$T9/MAX(1,$U9),0) | W9: =POWER($S9,$E9) | X9: =SUMIFS($W$5:$W$589,$A$5:$A$589,$A9) | Y9: =ROUNDDOWN(MAX(0,$R9-$J9*$G9)*$W9/MAX(1,$X9),0)
A10: scout_art | B10: 侦查术 | C10: 基本技术 | D10: — | E10: 5 | F10: =E10+1 | G10: =INDEX('个人技术总览'!$E$5:$E$46,MATCH($A10,'个人技术总览'!$A$5:$A$46,0)) | H10: =INDEX('个人技术总览'!$F$5:$F$46,MATCH($A10,'个人技术总览'!$A$5:$A$46,0)) | I10: =INDEX('个人技术总览'!$G$5:$G$46,MATCH($A10,'个人技术总览'!$A$5:$A$46,0)) | J10: =INDEX('个人技术总览'!$H$5:$H$46,MATCH($A10,'个人技术总览'!$A$5:$A$46,0)) | K10: =INDEX('个人技术总览'!$I$5:$I$46,MATCH($A10,'个人技术总览'!$A$5:$A$46,0)) | L10: =H10+V10+IF(E10=G10-1,MAX(0,P10-H10*G10-SUMIFS($V$5:$V$589,$A$5:$A$589,$A10)),0) | M10: =MAX(1,ROUNDDOWN($L10/'参数与公式'!$B$5,0)) | N10: =J10+Y10+IF(E10=G10-1,MAX(0,R10-J10*G10-SUMIFS($Y$5:$Y$589,$A$5:$A$589,$A10)),0) | O10: data/technology_templates.yaml; upgrade_*_budget / *_curve; code: technology_rules.allocate_upgrade_budget | P10: =INDEX('个人技术总览'!$O$5:$O$46,MATCH($A10,'个人技术总览'!$A$5:$A$46,0)) | Q10: =INDEX('个人技术总览'!$P$5:$P$46,MATCH($A10,'个人技术总览'!$A$5:$A$46,0)) | R10: =INDEX('个人技术总览'!$Q$5:$Q$46,MATCH($A10,'个人技术总览'!$A$5:$A$46,0)) | S10: =INDEX('个人技术总览'!$R$5:$R$46,MATCH($A10,'个人技术总览'!$A$5:$A$46,0)) | T10: =POWER($Q10,$E10) | U10: =SUMIFS($T$5:$T$589,$A$5:$A$589,$A10) | V10: =ROUNDDOWN(MAX(0,$P10-$H10*$G10)*$T10/MAX(1,$U10),0) | W10: =POWER($S10,$E10) | X10: =SUMIFS($W$5:$W$589,$A$5:$A$589,$A10) | Y10: =ROUNDDOWN(MAX(0,$R10-$J10*$G10)*$W10/MAX(1,$X10),0)
A11: scout_art | B11: 侦查术 | C11: 基本技术 | D11: — | E11: 6 | F11: =E11+1 | G11: =INDEX('个人技术总览'!$E$5:$E$46,MATCH($A11,'个人技术总览'!$A$5:$A$46,0)) | H11: =INDEX('个人技术总览'!$F$5:$F$46,MATCH($A11,'个人技术总览'!$A$5:$A$46,0)) | I11: =INDEX('个人技术总览'!$G$5:$G$46,MATCH($A11,'个人技术总览'!$A$5:$A$46,0)) | J11: =INDEX('个人技术总览'!$H$5:$H$46,MATCH($A11,'个人技术总览'!$A$5:$A$46,0)) | K11: =INDEX('个人技术总览'!$I$5:$I$46,MATCH($A11,'个人技术总览'!$A$5:$A$46,0)) | L11: =H11+V11+IF(E11=G11-1,MAX(0,P11-H11*G11-SUMIFS($V$5:$V$589,$A$5:$A$589,$A11)),0) | M11: =MAX(1,ROUNDDOWN($L11/'参数与公式'!$B$5,0)) | N11: =J11+Y11+IF(E11=G11-1,MAX(0,R11-J11*G11-SUMIFS($Y$5:$Y$589,$A$5:$A$589,$A11)),0) | O11: data/technology_templates.yaml; upgrade_*_budget / *_curve; code: technology_rules.allocate_upgrade_budget | P11: =INDEX('个人技术总览'!$O$5:$O$46,MATCH($A11,'个人技术总览'!$A$5:$A$46,0)) | Q11: =INDEX('个人技术总览'!$P$5:$P$46,MATCH($A11,'个人技术总览'!$A$5:$A$46,0)) | R11: =INDEX('个人技术总览'!$Q$5:$Q$46,MATCH($A11,'个人技术总览'!$A$5:$A$46,0)) | S11: =INDEX('个人技术总览'!$R$5:$R$46,MATCH($A11,'个人技术总览'!$A$5:$A$46,0)) | T11: =POWER($Q11,$E11) | U11: =SUMIFS($T$5:$T$589,$A$5:$A$589,$A11) | V11: =ROUNDDOWN(MAX(0,$P11-$H11*$G11)*$T11/MAX(1,$U11),0) | W11: =POWER($S11,$E11) | X11: =SUMIFS($W$5:$W$589,$A$5:$A$589,$A11) | Y11: =ROUNDDOWN(MAX(0,$R11-$J11*$G11)*$W11/MAX(1,$X11),0)
A12: scout_art | B12: 侦查术 | C12: 基本技术 | D12: — | E12: 7 | F12: =E12+1 | G12: =INDEX('个人技术总览'!$E$5:$E$46,MATCH($A12,'个人技术总览'!$A$5:$A$46,0)) | H12: =INDEX('个人技术总览'!$F$5:$F$46,MATCH($A12,'个人技术总览'!$A$5:$A$46,0)) | I12: =INDEX('个人技术总览'!$G$5:$G$46,MATCH($A12,'个人技术总览'!$A$5:$A$46,0)) | J12: =INDEX('个人技术总览'!$H$5:$H$46,MATCH($A12,'个人技术总览'!$A$5:$A$46,0)) | K12: =INDEX('个人技术总览'!$I$5:$I$46,MATCH($A12,'个人技术总览'!$A$5:$A$46,0)) | L12: =H12+V12+IF(E12=G12-1,MAX(0,P12-H12*G12-SUMIFS($V$5:$V$589,$A$5:$A$589,$A12)),0) | M12: =MAX(1,ROUNDDOWN($L12/'参数与公式'!$B$5,0)) | N12: =J12+Y12+IF(E12=G12-1,MAX(0,R12-J12*G12-SUMIFS($Y$5:$Y$589,$A$5:$A$589,$A12)),0) | O12: data/technology_templates.yaml; upgrade_*_budget / *_curve; code: technology_rules.allocate_upgrade_budget | P12: =INDEX('个人技术总览'!$O$5:$O$46,MATCH($A12,'个人技术总览'!$A$5:$A$46,0)) | Q12: =INDEX('个人技术总览'!$P$5:$P$46,MATCH($A12,'个人技术总览'!$A$5:$A$46,0)) | R12: =INDEX('个人技术总览'!$Q$5:$Q$46,MATCH($A12,'个人技术总览'!$A$5:$A$46,0)) | S12: =INDEX('个人技术总览'!$R$5:$R$46,MATCH($A12,'个人技术总览'!$A$5:$A$46,0)) | T12: =POWER($Q12,$E12) | U12: =SUMIFS($T$5:$T$589,$A$5:$A$589,$A12) | V12: =ROUNDDOWN(MAX(0,$P12-$H12*$G12)*$T12/MAX(1,$U12),0) | W12: =POWER($S12,$E12) | X12: =SUMIFS($W$5:$W$589,$A$5:$A$589,$A12) | Y12: =ROUNDDOWN(MAX(0,$R12-$J12*$G12)*$W12/MAX(1,$X12),0)
A13: scout_art | B13: 侦查术 | C13: 基本技术 | D13: — | E13: 8 | F13: =E13+1 | G13: =INDEX('个人技术总览'!$E$5:$E$46,MATCH($A13,'个人技术总览'!$A$5:$A$46,0)) | H13: =INDEX('个人技术总览'!$F$5:$F$46,MATCH($A13,'个人技术总览'!$A$5:$A$46,0)) | I13: =INDEX('个人技术总览'!$G$5:$G$46,MATCH($A13,'个人技术总览'!$A$5:$A$46,0)) | J13: =INDEX('个人技术总览'!$H$5:$H$46,MATCH($A13,'个人技术总览'!$A$5:$A$46,0)) | K13: =INDEX('个人技术总览'!$I$5:$I$46,MATCH($A13,'个人技术总览'!$A$5:$A$46,0)) | L13: =H13+V13+IF(E13=G13-1,MAX(0,P13-H13*G13-SUMIFS($V$5:$V$589,$A$5:$A$589,$A13)),0) | M13: =MAX(1,ROUNDDOWN($L13/'参数与公式'!$B$5,0)) | N13: =J13+Y13+IF(E13=G13-1,MAX(0,R13-J13*G13-SUMIFS($Y$5:$Y$589,$A$5:$A$589,$A13)),0) | O13: data/technology_templates.yaml; upgrade_*_budget / *_curve; code: technology_rules.allocate_upgrade_budget | P13: =INDEX('个人技术总览'!$O$5:$O$46,MATCH($A13,'个人技术总览'!$A$5:$A$46,0)) | Q13: =INDEX('个人技术总览'!$P$5:$P$46,MATCH($A13,'个人技术总览'!$A$5:$A$46,0)) | R13: =INDEX('个人技术总览'!$Q$5:$Q$46,MATCH($A13,'个人技术总览'!$A$5:$A$46,0)) | S13: =INDEX('个人技术总览'!$R$5:$R$46,MATCH($A13,'个人技术总览'!$A$5:$A$46,0)) | T13: =POWER($Q13,$E13) | U13: =SUMIFS($T$5:$T$589,$A$5:$A$589,$A13) | V13: =ROUNDDOWN(MAX(0,$P13-$H13*$G13)*$T13/MAX(1,$U13),0) | W13: =POWER($S13,$E13) | X13: =SUMIFS($W$5:$W$589,$A$5:$A$589,$A13) | Y13: =ROUNDDOWN(MAX(0,$R13-$J13*$G13)*$W13/MAX(1,$X13),0)
A14: scout_art | B14: 侦查术 | C14: 基本技术 | D14: — | E14: 9 | F14: =E14+1 | G14: =INDEX('个人技术总览'!$E$5:$E$46,MATCH($A14,'个人技术总览'!$A$5:$A$46,0)) | H14: =INDEX('个人技术总览'!$F$5:$F$46,MATCH($A14,'个人技术总览'!$A$5:$A$46,0)) | I14: =INDEX('个人技术总览'!$G$5:$G$46,MATCH($A14,'个人技术总览'!$A$5:$A$46,0)) | J14: =INDEX('个人技术总览'!$H$5:$H$46,MATCH($A14,'个人技术总览'!$A$5:$A$46,0)) | K14: =INDEX('个人技术总览'!$I$5:$I$46,MATCH($A14,'个人技术总览'!$A$5:$A$46,0)) | L14: =H14+V14+IF(E14=G14-1,MAX(0,P14-H14*G14-SUMIFS($V$5:$V$589,$A$5:$A$589,$A14)),0) | M14: =MAX(1,ROUNDDOWN($L14/'参数与公式'!$B$5,0)) | N14: =J14+Y14+IF(E14=G14-1,MAX(0,R14-J14*G14-SUMIFS($Y$5:$Y$589,$A$5:$A$589,$A14)),0) | O14: data/technology_templates.yaml; upgrade_*_budget / *_curve; code: technology_rules.allocate_upgrade_budget | P14: =INDEX('个人技术总览'!$O$5:$O$46,MATCH($A14,'个人技术总览'!$A$5:$A$46,0)) | Q14: =INDEX('个人技术总览'!$P$5:$P$46,MATCH($A14,'个人技术总览'!$A$5:$A$46,0)) | R14: =INDEX('个人技术总览'!$Q$5:$Q$46,MATCH($A14,'个人技术总览'!$A$5:$A$46,0)) | S14: =INDEX('个人技术总览'!$R$5:$R$46,MATCH($A14,'个人技术总览'!$A$5:$A$46,0)) | T14: =POWER($Q14,$E14) | U14: =SUMIFS($T$5:$T$589,$A$5:$A$589,$A14) | V14: =ROUNDDOWN(MAX(0,$P14-$H14*$G14)*$T14/MAX(1,$U14),0) | W14: =POWER($S14,$E14) | X14: =SUMIFS($W$5:$W$589,$A$5:$A$589,$A14) | Y14: =ROUNDDOWN(MAX(0,$R14-$J14*$G14)*$W14/MAX(1,$X14),0)
A15: scout_art | B15: 侦查术 | C15: 基本技术 | D15: — | E15: 10 | F15: =E15+1 | G15: =INDEX('个人技术总览'!$E$5:$E$46,MATCH($A15,'个人技术总览'!$A$5:$A$46,0)) | H15: =INDEX('个人技术总览'!$F$5:$F$46,MATCH($A15,'个人技术总览'!$A$5:$A$46,0)) | I15: =INDEX('个人技术总览'!$G$5:$G$46,MATCH($A15,'个人技术总览'!$A$5:$A$46,0)) | J15: =INDEX('个人技术总览'!$H$5:$H$46,MATCH($A15,'个人技术总览'!$A$5:$A$46,0)) | K15: =INDEX('个人技术总览'!$I$5:$I$46,MATCH($A15,'个人技术总览'!$A$5:$A$46,0)) | L15: =H15+V15+IF(E15=G15-1,MAX(0,P15-H15*G15-SUMIFS($V$5:$V$589,$A$5:$A$589,$A15)),0) | M15: =MAX(1,ROUNDDOWN($L15/'参数与公式'!$B$5,0)) | N15: =J15+Y15+IF(E15=G15-1,MAX(0,R15-J15*G15-SUMIFS($Y$5:$Y$589,$A$5:$A$589,$A15)),0) | O15: data/technology_templates.yaml; upgrade_*_budget / *_curve; code: technology_rules.allocate_upgrade_budget | P15: =INDEX('个人技术总览'!$O$5:$O$46,MATCH($A15,'个人技术总览'!$A$5:$A$46,0)) | Q15: =INDEX('个人技术总览'!$P$5:$P$46,MATCH($A15,'个人技术总览'!$A$5:$A$46,0)) | R15: =INDEX('个人技术总览'!$Q$5:$Q$46,MATCH($A15,'个人技术总览'!$A$5:$A$46,0)) | S15: =INDEX('个人技术总览'!$R$5:$R$46,MATCH($A15,'个人技术总览'!$A$5:$A$46,0)) | T15: =POWER($Q15,$E15) | U15: =SUMIFS($T$5:$T$589,$A$5:$A$589,$A15) | V15: =ROUNDDOWN(MAX(0,$P15-$H15*$G15)*$T15/MAX(1,$U15),0) | W15: =POWER($S15,$E15) | X15: =SUMIFS($W$5:$W$589,$A$5:$A$589,$A15) | Y15: =ROUNDDOWN(MAX(0,$R15-$J15*$G15)*$W15/MAX(1,$X15),0)
A16: scout_art | B16: 侦查术 | C16: 基本技术 | D16: — | E16: 11 | F16: =E16+1 | G16: =INDEX('个人技术总览'!$E$5:$E$46,MATCH($A16,'个人技术总览'!$A$5:$A$46,0)) | H16: =INDEX('个人技术总览'!$F$5:$F$46,MATCH($A16,'个人技术总览'!$A$5:$A$46,0)) | I16: =INDEX('个人技术总览'!$G$5:$G$46,MATCH($A16,'个人技术总览'!$A$5:$A$46,0)) | J16: =INDEX('个人技术总览'!$H$5:$H$46,MATCH($A16,'个人技术总览'!$A$5:$A$46,0)) | K16: =INDEX('个人技术总览'!$I$5:$I$46,MATCH($A16,'个人技术总览'!$A$5:$A$46,0)) | L16: =H16+V16+IF(E16=G16-1,MAX(0,P16-H16*G16-SUMIFS($V$5:$V$589,$A$5:$A$589,$A16)),0) | M16: =MAX(1,ROUNDDOWN($L16/'参数与公式'!$B$5,0)) | N16: =J16+Y16+IF(E16=G16-1,MAX(0,R16-J16*G16-SUMIFS($Y$5:$Y$589,$A$5:$A$589,$A16)),0) | O16: data/technology_templates.yaml; upgrade_*_budget / *_curve; code: technology_rules.allocate_upgrade_budget | P16: =INDEX('个人技术总览'!$O$5:$O$46,MATCH($A16,'个人技术总览'!$A$5:$A$46,0)) | Q16: =INDEX('个人技术总览'!$P$5:$P$46,MATCH($A16,'个人技术总览'!$A$5:$A$46,0)) | R16: =INDEX('个人技术总览'!$Q$5:$Q$46,MATCH($A16,'个人技术总览'!$A$5:$A$46,0)) | S16: =INDEX('个人技术总览'!$R$5:$R$46,MATCH($A16,'个人技术总览'!$A$5:$A$46,0)) | T16: =POWER($Q16,$E16) | U16: =SUMIFS($T$5:$T$589,$A$5:$A$589,$A16) | V16: =ROUNDDOWN(MAX(0,$P16-$H16*$G16)*$T16/MAX(1,$U16),0) | W16: =POWER($S16,$E16) | X16: =SUMIFS($W$5:$W$589,$A$5:$A$589,$A16) | Y16: =ROUNDDOWN(MAX(0,$R16-$J16*$G16)*$W16/MAX(1,$X16),0)
... A589: gong_recruit | B589: 造兵术-弓 | C589: 武艺技术 | D589: 弓箭类 | E589: 6 | F589: =E589+1 | G589: =INDEX('个人技术总览'!$E$5:$E$46,MATCH($A589,'个人技术总览'!$A$5:$A$46,0)) | H589: =INDEX('个人技术总览'!$F$5:$F$46,MATCH($A589,'个人技术总览'!$A$5:$A$46,0)) | I589: =INDEX('个人技术总览'!$G$5:$G$46,MATCH($A589,'个人技术总览'!$A$5:$A$46,0)) | J589: =INDEX('个人技术总览'!$H$5:$H$46,MATCH($A589,'个人技术总览'!$A$5:$A$46,0)) | K589: =INDEX('个人技术总览'!$I$5:$I$46,MATCH($A589,'个人技术总览'!$A$5:$A$46,0)) | L589: =H589+V589+IF(E589=G589-1,MAX(0,P589-H589*G589-SUMIFS($V$5:$V$589,$A$5:$A$589,$A589)),0) | M589: =MAX(1,ROUNDDOWN($L589/'参数与公式'!$B$5,0)) | N589: =J589+Y589+IF(E589=G589-1,MAX(0,R589-J589*G589-SUMIFS($Y$5:$Y$589,$A$5:$A$589,$A589)),0) | O589: data/technology_templates.yaml; upgrade_profiles.martial; code: technology_rules.allocate_upgrade_budget | P589: =INDEX('个人技术总览'!$O$5:$O$46,MATCH($A589,'个人技术总览'!$A$5:$A$46,0)) | Q589: =INDEX('个人技术总览'!$P$5:$P$46,MATCH($A589,'个人技术总览'!$A$5:$A$46,0)) | R589: =INDEX('个人技术总览'!$Q$5:$Q$46,MATCH($A589,'个人技术总览'!$A$5:$A$46,0)) | S589: =INDEX('个人技术总览'!$R$5:$R$46,MATCH($A589,'个人技术总览'!$A$5:$A$46,0)) | T589: =POWER($Q589,$E589) | U589: =SUMIFS($T$5:$T$589,$A$5:$A$589,$A589) | V589: =ROUNDDOWN(MAX(0,$P589-$H589*$G589)*$T589/MAX(1,$U589),0) | W589: =POWER($S589,$E589) | X589: =SUMIFS($W$5:$W$589,$A$5:$A$589,$A589) | Y589: =ROUNDDOWN(MAX(0,$R589-$J589*$G589)*$W589/MAX(1,$X589),0)

Sheet 帮会科技
A1: 帮会科技升级总览
A2: 帮会科技目前是资源门槛而非时间门槛：每级即时完成；总成本按各科技的离散升级曲线及覆盖项汇总。
A4: 科技Key | B4: 科技 | C4: 分类 | D4: 最高等级 | E4: 升级模式 | F4: 全程时长(s) | G4: 配置总银两 | H4: 配置总粮食 | I4: 配置总金条 | J4: 配置总红宝石 | K4: 成本曲线 | L4: 数据来源
A5: equipment_forge | B5: 装备锻造 | C5: 生产类 | D5: 10 | E5: 即时完成（无倒计时） | F5: =SUMIF('帮会科技逐级'!$A$5:$A$107,$A5,'帮会科技逐级'!$G$5:$G$107) | G5: =SUMIF('帮会科技逐级'!$A$5:$A$107,$A5,'帮会科技逐级'!$R$5:$R$107) | H5: =SUMIF('帮会科技逐级'!$A$5:$A$107,$A5,'帮会科技逐级'!$S$5:$S$107) | I5: =SUMIF('帮会科技逐级'!$A$5:$A$107,$A5,'帮会科技逐级'!$T$5:$T$107) | J5: =SUMIF('帮会科技逐级'!$A$5:$A$107,$A5,'帮会科技逐级'!$U$5:$U$107) | K5: standard_10 | L5: data/guild_rules.yaml + guilds/constants.py
A6: guard_armory | B6: 护院军备 | C6: 生产类 | D6: 10 | E6: 即时完成（无倒计时） | F6: =SUMIF('帮会科技逐级'!$A$5:$A$107,$A6,'帮会科技逐级'!$G$5:$G$107) | G6: =SUMIF('帮会科技逐级'!$A$5:$A$107,$A6,'帮会科技逐级'!$R$5:$R$107) | H6: =SUMIF('帮会科技逐级'!$A$5:$A$107,$A6,'帮会科技逐级'!$S$5:$S$107) | I6: =SUMIF('帮会科技逐级'!$A$5:$A$107,$A6,'帮会科技逐级'!$T$5:$T$107) | J6: =SUMIF('帮会科技逐级'!$A$5:$A$107,$A6,'帮会科技逐级'!$U$5:$U$107) | K6: standard_10 | L6: data/guild_rules.yaml + guilds/constants.py
A7: experience_refine | B7: 武学研习 | C7: 生产类 | D7: 10 | E7: 即时完成（无倒计时） | F7: =SUMIF('帮会科技逐级'!$A$5:$A$107,$A7,'帮会科技逐级'!$G$5:$G$107) | G7: =SUMIF('帮会科技逐级'!$A$5:$A$107,$A7,'帮会科技逐级'!$R$5:$R$107) | H7: =SUMIF('帮会科技逐级'!$A$5:$A$107,$A7,'帮会科技逐级'!$S$5:$S$107) | I7: =SUMIF('帮会科技逐级'!$A$5:$A$107,$A7,'帮会科技逐级'!$T$5:$T$107) | J7: =SUMIF('帮会科技逐级'!$A$5:$A$107,$A7,'帮会科技逐级'!$U$5:$U$107) | K7: standard_10 | L7: data/guild_rules.yaml + guilds/constants.py
A8: resource_supply | B8: 资源补给 | C8: 生产类 | D8: 10 | E8: 即时完成（无倒计时） | F8: =SUMIF('帮会科技逐级'!$A$5:$A$107,$A8,'帮会科技逐级'!$G$5:$G$107) | G8: =SUMIF('帮会科技逐级'!$A$5:$A$107,$A8,'帮会科技逐级'!$R$5:$R$107) | H8: =SUMIF('帮会科技逐级'!$A$5:$A$107,$A8,'帮会科技逐级'!$S$5:$S$107) | I8: =SUMIF('帮会科技逐级'!$A$5:$A$107,$A8,'帮会科技逐级'!$T$5:$T$107) | J8: =SUMIF('帮会科技逐级'!$A$5:$A$107,$A8,'帮会科技逐级'!$U$5:$U$107) | K8: standard_10 | L8: data/guild_rules.yaml + guilds/constants.py
A9: mysticism | B9: 神秘学 | C9: 生产类 | D9: 3 | E9: 即时完成（无倒计时） | F9: =SUMIF('帮会科技逐级'!$A$5:$A$107,$A9,'帮会科技逐级'!$G$5:$G$107) | G9: =SUMIF('帮会科技逐级'!$A$5:$A$107,$A9,'帮会科技逐级'!$R$5:$R$107) | H9: =SUMIF('帮会科技逐级'!$A$5:$A$107,$A9,'帮会科技逐级'!$S$5:$S$107) | I9: =SUMIF('帮会科技逐级'!$A$5:$A$107,$A9,'帮会科技逐级'!$T$5:$T$107) | J9: =SUMIF('帮会科技逐级'!$A$5:$A$107,$A9,'帮会科技逐级'!$U$5:$U$107) | K9: 指定覆盖 | L9: data/guild_rules.yaml + guilds/constants.py
A10: troop_tactics | B10: 强兵战术 | C10: 战斗类 | D10: 10 | E10: 即时完成（无倒计时） | F10: =SUMIF('帮会科技逐级'!$A$5:$A$107,$A10,'帮会科技逐级'!$G$5:$G$107) | G10: =SUMIF('帮会科技逐级'!$A$5:$A$107,$A10,'帮会科技逐级'!$R$5:$R$107) | H10: =SUMIF('帮会科技逐级'!$A$5:$A$107,$A10,'帮会科技逐级'!$S$5:$S$107) | I10: =SUMIF('帮会科技逐级'!$A$5:$A$107,$A10,'帮会科技逐级'!$T$5:$T$107) | J10: =SUMIF('帮会科技逐级'!$A$5:$A$107,$A10,'帮会科技逐级'!$U$5:$U$107) | K10: standard_10 | L10: data/guild_rules.yaml + guilds/constants.py
A11: resource_boost | B11: 资源增产 | C11: 福利类 | D11: 5 | E11: 即时完成（无倒计时） | F11: =SUMIF('帮会科技逐级'!$A$5:$A$107,$A11,'帮会科技逐级'!$G$5:$G$107) | G11: =SUMIF('帮会科技逐级'!$A$5:$A$107,$A11,'帮会科技逐级'!$R$5:$R$107) | H11: =SUMIF('帮会科技逐级'!$A$5:$A$107,$A11,'帮会科技逐级'!$S$5:$S$107) | I11: =SUMIF('帮会科技逐级'!$A$5:$A$107,$A11,'帮会科技逐级'!$T$5:$T$107) | J11: =SUMIF('帮会科技逐级'!$A$5:$A$107,$A11,'帮会科技逐级'!$U$5:$U$107) | K11: welfare_5 | L11: data/guild_rules.yaml + guilds/constants.py
A12: march_speed | B12: 行军加速 | C12: 福利类 | D12: 5 | E12: 即时完成（无倒计时） | F12: =SUMIF('帮会科技逐级'!$A$5:$A$107,$A12,'帮会科技逐级'!$G$5:$G$107) | G12: =SUMIF('帮会科技逐级'!$A$5:$A$107,$A12,'帮会科技逐级'!$R$5:$R$107) | H12: =SUMIF('帮会科技逐级'!$A$5:$A$107,$A12,'帮会科技逐级'!$S$5:$S$107) | I12: =SUMIF('帮会科技逐级'!$A$5:$A$107,$A12,'帮会科技逐级'!$T$5:$T$107) | J12: =SUMIF('帮会科技逐级'!$A$5:$A$107,$A12,'帮会科技逐级'!$U$5:$U$107) | K12: welfare_5 | L12: data/guild_rules.yaml + guilds/constants.py
A13: guild_lineup_capacity | B13: 出战位扩容 | C13: 战斗类 | D13: 20 | E13: 即时完成（无倒计时） | F13: =SUMIF('帮会科技逐级'!$A$5:$A$107,$A13,'帮会科技逐级'!$G$5:$G$107) | G13: =SUMIF('帮会科技逐级'!$A$5:$A$107,$A13,'帮会科技逐级'!$R$5:$R$107) | H13: =SUMIF('帮会科技逐级'!$A$5:$A$107,$A13,'帮会科技逐级'!$S$5:$S$107) | I13: =SUMIF('帮会科技逐级'!$A$5:$A$107,$A13,'帮会科技逐级'!$T$5:$T$107) | J13: =SUMIF('帮会科技逐级'!$A$5:$A$107,$A13,'帮会科技逐级'!$U$5:$U$107) | K13: capacity_20 | L13: data/guild_rules.yaml + guilds/constants.py
A14: guild_dispatch_capacity | B14: 出征位扩容 | C14: 战斗类 | D14: 20 | E14: 即时完成（无倒计时） | F14: =SUMIF('帮会科技逐级'!$A$5:$A$107,$A14,'帮会科技逐级'!$G$5:$G$107) | G14: =SUMIF('帮会科技逐级'!$A$5:$A$107,$A14,'帮会科技逐级'!$R$5:$R$107) | H14: =SUMIF('帮会科技逐级'!$A$5:$A$107,$A14,'帮会科技逐级'!$S$5:$S$107) | I14: =SUMIF('帮会科技逐级'!$A$5:$A$107,$A14,'帮会科技逐级'!$T$5:$T$107) | J14: =SUMIF('帮会科技逐级'!$A$5:$A$107,$A14,'帮会科技逐级'!$U$5:$U$107) | K14: capacity_20 | L14: data/guild_rules.yaml + guilds/constants.py

Sheet 帮会科技逐级
A1: 帮会科技逐级明细
A2: 帮会科技当前没有倒计时：每次升级时长记为0秒；成本按 data/guild_rules.yaml 的离散曲线计算，神秘学2/3级的覆盖成本优先于曲线。
A4: 科技Key | B4: 科技 | C4: 分类 | D4: 当前等级 | E4: 目标等级 | F4: 最高等级 | G4: 升级时长(s) | H4: 曲线Key | I4: 基础银两 | J4: 基础粮食 | K4: 基础金条 | L4: 基础红宝石 | M4: 倍率 | N4: 覆盖银两 | O4: 覆盖粮食 | P4: 覆盖金条 | Q4: 覆盖红宝石 | R4: 实际银两 | S4: 实际粮食 | T4: 实际金条 | U4: 实际红宝石 | V4: 数据来源
A5: equipment_forge | B5: 装备锻造 | C5: 生产类 | D5: 0 | E5: =D5+1 | F5: 10 | G5: ='参数与公式'!$B$11 | H5: standard_10 | I5: 5000 | J5: 2000 | K5: 1 | L5: 0 | M5: 1 | R5: =IF(N5<>"",N5,IF(I5=0,0,ROUND(I5*M5,0))) | S5: =IF(O5<>"",O5,IF(J5=0,0,ROUND(J5*M5,0))) | T5: =IF(P5<>"",P5,IF(K5=0,0,ROUND(K5*M5,0))) | U5: =IF(Q5<>"",Q5,IF(L5=0,0,ROUND(L5*M5,0))) | V5: data/guild_rules.yaml; max_level/category: guilds/constants.py; formula: guilds/services/technology.py
A6: equipment_forge | B6: 装备锻造 | C6: 生产类 | D6: 1 | E6: =D6+1 | F6: 10 | G6: ='参数与公式'!$B$11 | H6: standard_10 | I6: 5000 | J6: 2000 | K6: 1 | L6: 0 | M6: 2 | R6: =IF(N6<>"",N6,IF(I6=0,0,ROUND(I6*M6,0))) | S6: =IF(O6<>"",O6,IF(J6=0,0,ROUND(J6*M6,0))) | T6: =IF(P6<>"",P6,IF(K6=0,0,ROUND(K6*M6,0))) | U6: =IF(Q6<>"",Q6,IF(L6=0,0,ROUND(L6*M6,0))) | V6: data/guild_rules.yaml; max_level/category: guilds/constants.py; formula: guilds/services/technology.py
A7: equipment_forge | B7: 装备锻造 | C7: 生产类 | D7: 2 | E7: =D7+1 | F7: 10 | G7: ='参数与公式'!$B$11 | H7: standard_10 | I7: 5000 | J7: 2000 | K7: 1 | L7: 0 | M7: 4 | R7: =IF(N7<>"",N7,IF(I7=0,0,ROUND(I7*M7,0))) | S7: =IF(O7<>"",O7,IF(J7=0,0,ROUND(J7*M7,0))) | T7: =IF(P7<>"",P7,IF(K7=0,0,ROUND(K7*M7,0))) | U7: =IF(Q7<>"",Q7,IF(L7=0,0,ROUND(L7*M7,0))) | V7: data/guild_rules.yaml; max_level/category: guilds/constants.py; formula: guilds/services/technology.py
A8: equipment_forge | B8: 装备锻造 | C8: 生产类 | D8: 3 | E8: =D8+1 | F8: 10 | G8: ='参数与公式'!$B$11 | H8: standard_10 | I8: 5000 | J8: 2000 | K8: 1 | L8: 0 | M8: 7 | R8: =IF(N8<>"",N8,IF(I8=0,0,ROUND(I8*M8,0))) | S8: =IF(O8<>"",O8,IF(J8=0,0,ROUND(J8*M8,0))) | T8: =IF(P8<>"",P8,IF(K8=0,0,ROUND(K8*M8,0))) | U8: =IF(Q8<>"",Q8,IF(L8=0,0,ROUND(L8*M8,0))) | V8: data/guild_rules.yaml; max_level/category: guilds/constants.py; formula: guilds/services/technology.py
A9: equipment_forge | B9: 装备锻造 | C9: 生产类 | D9: 4 | E9: =D9+1 | F9: 10 | G9: ='参数与公式'!$B$11 | H9: standard_10 | I9: 5000 | J9: 2000 | K9: 1 | L9: 0 | M9: 12 | R9: =IF(N9<>"",N9,IF(I9=0,0,ROUND(I9*M9,0))) | S9: =IF(O9<>"",O9,IF(J9=0,0,ROUND(J9*M9,0))) | T9: =IF(P9<>"",P9,IF(K9=0,0,ROUND(K9*M9,0))) | U9: =IF(Q9<>"",Q9,IF(L9=0,0,ROUND(L9*M9,0))) | V9: data/guild_rules.yaml; max_level/category: guilds/constants.py; formula: guilds/services/technology.py
A10: equipment_forge | B10: 装备锻造 | C10: 生产类 | D10: 5 | E10: =D10+1 | F10: 10 | G10: ='参数与公式'!$B$11 | H10: standard_10 | I10: 5000 | J10: 2000 | K10: 1 | L10: 0 | M10: 20 | R10: =IF(N10<>"",N10,IF(I10=0,0,ROUND(I10*M10,0))) | S10: =IF(O10<>"",O10,IF(J10=0,0,ROUND(J10*M10,0))) | T10: =IF(P10<>"",P10,IF(K10=0,0,ROUND(K10*M10,0))) | U10: =IF(Q10<>"",Q10,IF(L10=0,0,ROUND(L10*M10,0))) | V10: data/guild_rules.yaml; max_level/category: guilds/constants.py; formula: guilds/services/technology.py
A11: equipment_forge | B11: 装备锻造 | C11: 生产类 | D11: 6 | E11: =D11+1 | F11: 10 | G11: ='参数与公式'!$B$11 | H11: standard_10 | I11: 5000 | J11: 2000 | K11: 1 | L11: 0 | M11: 35 | R11: =IF(N11<>"",N11,IF(I11=0,0,ROUND(I11*M11,0))) | S11: =IF(O11<>"",O11,IF(J11=0,0,ROUND(J11*M11,0))) | T11: =IF(P11<>"",P11,IF(K11=0,0,ROUND(K11*M11,0))) | U11: =IF(Q11<>"",Q11,IF(L11=0,0,ROUND(L11*M11,0))) | V11: data/guild_rules.yaml; max_level/category: guilds/constants.py; formula: guilds/services/technology.py
A12: equipment_forge | B12: 装备锻造 | C12: 生产类 | D12: 7 | E12: =D12+1 | F12: 10 | G12: ='参数与公式'!$B$11 | H12: standard_10 | I12: 5000 | J12: 2000 | K12: 1 | L12: 0 | M12: 70 | R12: =IF(N12<>"",N12,IF(I12=0,0,ROUND(I12*M12,0))) | S12: =IF(O12<>"",O12,IF(J12=0,0,ROUND(J12*M12,0))) | T12: =IF(P12<>"",P12,IF(K12=0,0,ROUND(K12*M12,0))) | U12: =IF(Q12<>"",Q12,IF(L12=0,0,ROUND(L12*M12,0))) | V12: data/guild_rules.yaml; max_level/category: guilds/constants.py; formula: guilds/services/technology.py
A13: equipment_forge | B13: 装备锻造 | C13: 生产类 | D13: 8 | E13: =D13+1 | F13: 10 | G13: ='参数与公式'!$B$11 | H13: standard_10 | I13: 5000 | J13: 2000 | K13: 1 | L13: 0 | M13: 150 | R13: =IF(N13<>"",N13,IF(I13=0,0,ROUND(I13*M13,0))) | S13: =IF(O13<>"",O13,IF(J13=0,0,ROUND(J13*M13,0))) | T13: =IF(P13<>"",P13,IF(K13=0,0,ROUND(K13*M13,0))) | U13: =IF(Q13<>"",Q13,IF(L13=0,0,ROUND(L13*M13,0))) | V13: data/guild_rules.yaml; max_level/category: guilds/constants.py; formula: guilds/services/technology.py
A14: equipment_forge | B14: 装备锻造 | C14: 生产类 | D14: 9 | E14: =D14+1 | F14: 10 | G14: ='参数与公式'!$B$11 | H14: standard_10 | I14: 5000 | J14: 2000 | K14: 1 | L14: 0 | M14: 350 | R14: =IF(N14<>"",N14,IF(I14=0,0,ROUND(I14*M14,0))) | S14: =IF(O14<>"",O14,IF(J14=0,0,ROUND(J14*M14,0))) | T14: =IF(P14<>"",P14,IF(K14=0,0,ROUND(K14*M14,0))) | U14: =IF(Q14<>"",Q14,IF(L14=0,0,ROUND(L14*M14,0))) | V14: data/guild_rules.yaml; max_level/category: guilds/constants.py; formula: guilds/services/technology.py
A15: guard_armory | B15: 护院军备 | C15: 生产类 | D15: 0 | E15: =D15+1 | F15: 10 | G15: ='参数与公式'!$B$11 | H15: standard_10 | I15: 5000 | J15: 2500 | K15: 1 | L15: 0 | M15: 1 | R15: =IF(N15<>"",N15,IF(I15=0,0,ROUND(I15*M15,0))) | S15: =IF(O15<>"",O15,IF(J15=0,0,ROUND(J15*M15,0))) | T15: =IF(P15<>"",P15,IF(K15=0,0,ROUND(K15*M15,0))) | U15: =IF(Q15<>"",Q15,IF(L15=0,0,ROUND(L15*M15,0))) | V15: data/guild_rules.yaml; max_level/category: guilds/constants.py; formula: guilds/services/technology.py
A16: guard_armory | B16: 护院军备 | C16: 生产类 | D16: 1 | E16: =D16+1 | F16: 10 | G16: ='参数与公式'!$B$11 | H16: standard_10 | I16: 5000 | J16: 2500 | K16: 1 | L16: 0 | M16: 2 | R16: =IF(N16<>"",N16,IF(I16=0,0,ROUND(I16*M16,0))) | S16: =IF(O16<>"",O16,IF(J16=0,0,ROUND(J16*M16,0))) | T16: =IF(P16<>"",P16,IF(K16=0,0,ROUND(K16*M16,0))) | U16: =IF(Q16<>"",Q16,IF(L16=0,0,ROUND(L16*M16,0))) | V16: data/guild_rules.yaml; max_level/category: guilds/constants.py; formula: guilds/services/technology.py
... A45: mysticism | B45: 神秘学 | C45: 生产类 | D45: 0 | E45: =D45+1 | F45: 3 | G45: ='参数与公式'!$B$11 | H45: — | I45: 0 | J45: 0 | K45: 0 | L45: 200 | M45: 1 | R45: =IF(N45<>"",N45,IF(I45=0,0,ROUND(I45*M45,0))) | S45: =IF(O45<>"",O45,IF(J45=0,0,ROUND(J45*M45,0))) | T45: =IF(P45<>"",P45,IF(K45=0,0,ROUND(K45*M45,0))) | U45: =IF(Q45<>"",Q45,IF(L45=0,0,ROUND(L45*M45,0))) | V45: data/guild_rules.yaml; max_level/category: guilds/constants.py; formula: guilds/services/technology.py
A46: mysticism | B46: 神秘学 | C46: 生产类 | D46: 1 | E46: =D46+1 | F46: 3 | G46: ='参数与公式'!$B$11 | H46: — | I46: 0 | J46: 0 | K46: 0 | L46: 200 | M46: 1 | P46: 150 | Q46: 300 | R46: =IF(N46<>"",N46,IF(I46=0,0,ROUND(I46*M46,0))) | S46: =IF(O46<>"",O46,IF(J46=0,0,ROUND(J46*M46,0))) | T46: =IF(P46<>"",P46,IF(K46=0,0,ROUND(K46*M46,0))) | U46: =IF(Q46<>"",Q46,IF(L46=0,0,ROUND(L46*M46,0))) | V46: data/guild_rules.yaml; max_level/category: guilds/constants.py; formula: guilds/services/technology.py
A47: mysticism | B47: 神秘学 | C47: 生产类 | D47: 2 | E47: =D47+1 | F47: 3 | G47: ='参数与公式'!$B$11 | H47: — | I47: 0 | J47: 0 | K47: 0 | L47: 200 | M47: 1 | P47: 200 | Q47: 300 | R47: =IF(N47<>"",N47,IF(I47=0,0,ROUND(I47*M47,0))) | S47: =IF(O47<>"",O47,IF(J47=0,0,ROUND(J47*M47,0))) | T47: =IF(P47<>"",P47,IF(K47=0,0,ROUND(K47*M47,0))) | U47: =IF(Q47<>"",Q47,IF(L47=0,0,ROUND(L47*M47,0))) | V47: data/guild_rules.yaml; max_level/category: guilds/constants.py; formula: guilds/services/technology.py
A48: troop_tactics | B48: 强兵战术 | C48: 战斗类 | D48: 0 | E48: =D48+1 | F48: 10 | G48: ='参数与公式'!$B$11 | H48: standard_10 | I48: 8000 | J48: 3000 | K48: 2 | L48: 0 | M48: 1 | R48: =IF(N48<>"",N48,IF(I48=0,0,ROUND(I48*M48,0))) | S48: =IF(O48<>"",O48,IF(J48=0,0,ROUND(J48*M48,0))) | T48: =IF(P48<>"",P48,IF(K48=0,0,ROUND(K48*M48,0))) | U48: =IF(Q48<>"",Q48,IF(L48=0,0,ROUND(L48*M48,0))) | V48: data/guild_rules.yaml; max_level/category: guilds/constants.py; formula: guilds/services/technology.py
A49: troop_tactics | B49: 强兵战术 | C49: 战斗类 | D49: 1 | E49: =D49+1 | F49: 10 | G49: ='参数与公式'!$B$11 | H49: standard_10 | I49: 8000 | J49: 3000 | K49: 2 | L49: 0 | M49: 2 | R49: =IF(N49<>"",N49,IF(I49=0,0,ROUND(I49*M49,0))) | S49: =IF(O49<>"",O49,IF(J49=0,0,ROUND(J49*M49,0))) | T49: =IF(P49<>"",P49,IF(K49=0,0,ROUND(K49*M49,0))) | U49: =IF(Q49<>"",Q49,IF(L49=0,0,ROUND(L49*M49,0))) | V49: data/guild_rules.yaml; max_level/category: guilds/constants.py; formula: guilds/services/technology.py
A50: troop_tactics | B50: 强兵战术 | C50: 战斗类 | D50: 2 | E50: =D50+1 | F50: 10 | G50: ='参数与公式'!$B$11 | H50: standard_10 | I50: 8000 | J50: 3000 | K50: 2 | L50: 0 | M50: 4 | R50: =IF(N50<>"",N50,IF(I50=0,0,ROUND(I50*M50,0))) | S50: =IF(O50<>"",O50,IF(J50=0,0,ROUND(J50*M50,0))) | T50: =IF(P50<>"",P50,IF(K50=0,0,ROUND(K50*M50,0))) | U50: =IF(Q50<>"",Q50,IF(L50=0,0,ROUND(L50*M50,0))) | V50: data/guild_rules.yaml; max_level/category: guilds/constants.py; formula: guilds/services/technology.py
A51: troop_tactics | B51: 强兵战术 | C51: 战斗类 | D51: 3 | E51: =D51+1 | F51: 10 | G51: ='参数与公式'!$B$11 | H51: standard_10 | I51: 8000 | J51: 3000 | K51: 2 | L51: 0 | M51: 7 | R51: =IF(N51<>"",N51,IF(I51=0,0,ROUND(I51*M51,0))) | S51: =IF(O51<>"",O51,IF(J51=0,0,ROUND(J51*M51,0))) | T51: =IF(P51<>"",P51,IF(K51=0,0,ROUND(K51*M51,0))) | U51: =IF(Q51<>"",Q51,IF(L51=0,0,ROUND(L51*M51,0))) | V51: data/guild_rules.yaml; max_level/category: guilds/constants.py; formula: guilds/services/technology.py
A52: troop_tactics | B52: 强兵战术 | C52: 战斗类 | D52: 4 | E52: =D52+1 | F52: 10 | G52: ='参数与公式'!$B$11 | H52: standard_10 | I52: 8000 | J52: 3000 | K52: 2 | L52: 0 | M52: 12 | R52: =IF(N52<>"",N52,IF(I52=0,0,ROUND(I52*M52,0))) | S52: =IF(O52<>"",O52,IF(J52=0,0,ROUND(J52*M52,0))) | T52: =IF(P52<>"",P52,IF(K52=0,0,ROUND(K52*M52,0))) | U52: =IF(Q52<>"",Q52,IF(L52=0,0,ROUND(L52*M52,0))) | V52: data/guild_rules.yaml; max_level/category: guilds/constants.py; formula: guilds/services/technology.py
A53: troop_tactics | B53: 强兵战术 | C53: 战斗类 | D53: 5 | E53: =D53+1 | F53: 10 | G53: ='参数与公式'!$B$11 | H53: standard_10 | I53: 8000 | J53: 3000 | K53: 2 | L53: 0 | M53: 20 | R53: =IF(N53<>"",N53,IF(I53=0,0,ROUND(I53*M53,0))) | S53: =IF(O53<>"",O53,IF(J53=0,0,ROUND(J53*M53,0))) | T53: =IF(P53<>"",P53,IF(K53=0,0,ROUND(K53*M53,0))) | U53: =IF(Q53<>"",Q53,IF(L53=0,0,ROUND(L53*M53,0))) | V53: data/guild_rules.yaml; max_level/category: guilds/constants.py; formula: guilds/services/technology.py
A54: troop_tactics | B54: 强兵战术 | C54: 战斗类 | D54: 6 | E54: =D54+1 | F54: 10 | G54: ='参数与公式'!$B$11 | H54: standard_10 | I54: 8000 | J54: 3000 | K54: 2 | L54: 0 | M54: 35 | R54: =IF(N54<>"",N54,IF(I54=0,0,ROUND(I54*M54,0))) | S54: =IF(O54<>"",O54,IF(J54=0,0,ROUND(J54*M54,0))) | T54: =IF(P54<>"",P54,IF(K54=0,0,ROUND(K54*M54,0))) | U54: =IF(Q54<>"",Q54,IF(L54=0,0,ROUND(L54*M54,0))) | V54: data/guild_rules.yaml; max_level/category: guilds/constants.py; formula: guilds/services/technology.py
A55: troop_tactics | B55: 强兵战术 | C55: 战斗类 | D55: 7 | E55: =D55+1 | F55: 10 | G55: ='参数与公式'!$B$11 | H55: standard_10 | I55: 8000 | J55: 3000 | K55: 2 | L55: 0 | M55: 70 | R55: =IF(N55<>"",N55,IF(I55=0,0,ROUND(I55*M55,0))) | S55: =IF(O55<>"",O55,IF(J55=0,0,ROUND(J55*M55,0))) | T55: =IF(P55<>"",P55,IF(K55=0,0,ROUND(K55*M55,0))) | U55: =IF(Q55<>"",Q55,IF(L55=0,0,ROUND(L55*M55,0))) | V55: data/guild_rules.yaml; max_level/category: guilds/constants.py; formula: guilds/services/technology.py
A56: troop_tactics | B56: 强兵战术 | C56: 战斗类 | D56: 8 | E56: =D56+1 | F56: 10 | G56: ='参数与公式'!$B$11 | H56: standard_10 | I56: 8000 | J56: 3000 | K56: 2 | L56: 0 | M56: 150 | R56: =IF(N56<>"",N56,IF(I56=0,0,ROUND(I56*M56,0))) | S56: =IF(O56<>"",O56,IF(J56=0,0,ROUND(J56*M56,0))) | T56: =IF(P56<>"",P56,IF(K56=0,0,ROUND(K56*M56,0))) | U56: =IF(Q56<>"",Q56,IF(L56=0,0,ROUND(L56*M56,0))) | V56: data/guild_rules.yaml; max_level/category: guilds/constants.py; formula: guilds/services/technology.py
A57: troop_tactics | B57: 强兵战术 | C57: 战斗类 | D57: 9 | E57: =D57+1 | F57: 10 | G57: ='参数与公式'!$B$11 | H57: standard_10 | I57: 8000 | J57: 3000 | K57: 2 | L57: 0 | M57: 350 | R57: =IF(N57<>"",N57,IF(I57=0,0,ROUND(I57*M57,0))) | S57: =IF(O57<>"",O57,IF(J57=0,0,ROUND(J57*M57,0))) | T57: =IF(P57<>"",P57,IF(K57=0,0,ROUND(K57*M57,0))) | U57: =IF(Q57<>"",Q57,IF(L57=0,0,ROUND(L57*M57,0))) | V57: data/guild_rules.yaml; max_level/category: guilds/constants.py; formula: guilds/services/technology.py
A58: resource_boost | B58: 资源增产 | C58: 福利类 | D58: 0 | E58: =D58+1 | F58: 5 | G58: ='参数与公式'!$B$11 | H58: welfare_5 | I58: 10000 | J58: 5000 | K58: 3 | L58: 0 | M58: 1 | R58: =IF(N58<>"",N58,IF(I58=0,0,ROUND(I58*M58,0))) | S58: =IF(O58<>"",O58,IF(J58=0,0,ROUND(J58*M58,0))) | T58: =IF(P58<>"",P58,IF(K58=0,0,ROUND(K58*M58,0))) | U58: =IF(Q58<>"",Q58,IF(L58=0,0,ROUND(L58*M58,0))) | V58: data/guild_rules.yaml; max_level/category: guilds/constants.py; formula: guilds/services/technology.py
A59: resource_boost | B59: 资源增产 | C59: 福利类 | D59: 1 | E59: =D59+1 | F59: 5 | G59: ='参数与公式'!$B$11 | H59: welfare_5 | I59: 10000 | J59: 5000 | K59: 3 | L59: 0 | M59: 3 | R59: =IF(N59<>"",N59,IF(I59=0,0,ROUND(I59*M59,0))) | S59: =IF(O59<>"",O59,IF(J59=0,0,ROUND(J59*M59,0))) | T59: =IF(P59<>"",P59,IF(K59=0,0,ROUND(K59*M59,0))) | U59: =IF(Q59<>"",Q59,IF(L59=0,0,ROUND(L59*M59,0))) | V59: data/guild_rules.yaml; max_level/category: guilds/constants.py; formula: guilds/services/technology.py
... A107: guild_dispatch_capacity | B107: 出征位扩容 | C107: 战斗类 | D107: 19 | E107: =D107+1 | F107: 20 | G107: ='参数与公式'!$B$11 | H107: capacity_20 | I107: 0 | J107: 0 | K107: 0 | L107: 5 | M107: 20 | R107: =IF(N107<>"",N107,IF(I107=0,0,ROUND(I107*M107,0))) | S107: =IF(O107<>"",O107,IF(J107=0,0,ROUND(J107*M107,0))) | T107: =IF(P107<>"",P107,IF(K107=0,0,ROUND(K107*M107,0))) | U107: =IF(Q107<>"",Q107,IF(L107=0,0,ROUND(L107*M107,0))) | V107: data/guild_rules.yaml; max_level/category: guilds/constants.py; formula: guilds/services/technology.py

Sheet 来源清单
A1: 来源清单｜代码与配置依据
A2: 当前配置来自仓库代码/配置；预算型建议参数来自用户目标与功能定位，横向依据放在末尾。
A4: 来源文件 | B4: 关键字段/函数 | C4: 本表使用内容 | D4: 当前含义 | E4: 核对日期
A5: data/building_templates.yaml | B5: buildings[].base_upgrade_time / time_growth / base_cost / cost_growth / *budget / *curve | C5: 建筑基础时间、逐级增长系数、基础成本、成本增长系数、总预算字段 | D5: 21个庄园建筑的配置输入 | E5: 2026-08-14
A6: gameplay/constants.py | B6: BUILDING_MAX_LEVELS / MAX_CONCURRENT_* | C6: 建筑最高等级、建筑/个人技术并发上限 | D6: 建筑上限不放在YAML中，而是在代码常量中维护 | E6: 2026-08-14
A7: gameplay/models/manor.py | B7: Building.next_level_cost / next_level_duration / _allocate_upgrade_budget | C7: 建筑逐级公式 | D7: 预算模式按总额归一化；当前等级为1时，升级到2级使用第0个预算权重 | E7: 2026-08-14
A8: gameplay/services/manor/core.py | B8: quote_building_upgrade | C8: 祠堂缩时、建筑学成本减免、全局时间倍率生效顺序 | D8: 实际入口按锁内quote重算后扣除资源 | E8: 2026-08-14
A9: gameplay/models/progression.py | B9: PlayerTechnology.upgrade_duration | C9: 个人技术预算时长与旧公式兼容入口 | D9: 统一按 upgrade_time_budget + time_curve 调用预算分配；缺失字段也只使用新公式安全默认值 | E9: 2026-08-14
A10: gameplay/services/technology_rules.py | B10: allocate_upgrade_budget / calculate_upgrade_duration / calculate_upgrade_cost | C10: 个人技术预算分配、时长与银两逐级公式 | D10: 总预算决定累计值；曲线决定逐级倾斜；最后一级补齐整数误差；不调用旧指数公式 | E10: 2026-08-14
A11: data/technology_templates.yaml | B11: max_level / upgrade_*_budget / *_curve / upgrade_profiles.martial | C11: 42个个人技术的等级与目标预算；侦查术200级 | D11: 42个个人技术全部使用新预算公式；侦查术200级；武艺类使用 martial profile | E11: 2026-08-14
A12: config/settings/base.py + .env | B12: GAME_TIME_MULTIPLIER | C12: 全局时间倍率 | D12: 当前.env为1；环境变量可以改变真实倒计时 | E12: 2026-08-14
A13: data/guild_rules.yaml | B13: technology.upgrade_costs / curves / overrides | C13: 帮会科技的逐级成本 | D13: 离散倍率曲线，神秘学2/3级有覆盖成本 | E13: 2026-08-14
A14: guilds/constants.py | B14: GUILD_TECHNOLOGY_CONFIGS | C14: 帮会科技分类和最高等级 | D14: 当前10个帮会科技 | E14: 2026-08-14
A15: guilds/services/technology.py | B15: calculate_tech_upgrade_cost / upgrade_technology | C15: 帮会科技成本和时长语义 | D15: 帮会科技不进入倒计时队列，资源扣除后即时完成 | E15: 2026-08-14
... A23: gameplay/services/technology_helpers.py | B23: build_technology_display_entry | C23: 科技界面升级时长展示 | D23: 与运行时模型共用新预算时长规则；不再保留旧指数分支 | E23: 2026-08-14

Sheet 优化测算
A1: 优化测算｜用户目标 + 前期可支付性验收
A2: 按用户目标的5%时间容差、5%银两容差（银两最低容差10万）验收；同时列出首级成本与最大相邻增长率，避免只看满级总额。
A4: 类型 | B4: 对象Key | C4: 对象 | D4: 用户目标时间(天) | E4: 建议时间(天) | F4: 时间偏差(天) | G4: 用户目标银两 | H4: 建议银两 | I4: 银两偏差 | J4: 验收 | K4: 建议首级银两 | L4: 最大相邻银两增长 | M4: 建议首级时长(h) | N4: 最大相邻时长增长
A5: 建筑 | B5: farm | C5: =INDEX('建筑建议总览'!$B$5:$B$25,MATCH($B5,'建筑建议总览'!$A$5:$A$25,0)) | D5: =IF(INDEX('建筑建议总览'!$K$5:$K$25,MATCH($B5,'建筑建议总览'!$A$5:$A$25,0))="","",INDEX('建筑建议总览'!$K$5:$K$25,MATCH($B5,'建筑建议总览'!$A$5:$A$25,0))) | E5: =INDEX('建筑建议总览'!$L$5:$L$25,MATCH($B5,'建筑建议总览'!$A$5:$A$25,0)) | F5: =IF(D5="","",E5-D5) | G5: =IF(INDEX('建筑建议总览'!$U$5:$U$25,MATCH($B5,'建筑建议总览'!$A$5:$A$25,0))="","",INDEX('建筑建议总览'!$U$5:$U$25,MATCH($B5,'建筑建议总览'!$A$5:$A$25,0))) | H5: =INDEX('建筑建议总览'!$V$5:$V$25,MATCH($B5,'建筑建议总览'!$A$5:$A$25,0)) | I5: =IF(G5="","",H5-G5) | J5: =IF(AND(OR(D5="",ABS(F5)<=MAX(1,D5*0.05)),OR(G5="",ABS(I5)<=MAX(100000,G5*0.05))),"达标","需复核") | K5: =IFERROR(INDEX('建筑建议逐级'!$X$5:$X$328,MATCH($B5,'建筑建议逐级'!$A$5:$A$328,0)),"") | L5: =IFERROR(MAXIFS('建筑建议逐级'!$AD$5:$AD$328,'建筑建议逐级'!$A$5:$A$328,$B5),"") | M5: =IFERROR(INDEX('建筑建议逐级'!$N$5:$N$328,MATCH($B5,'建筑建议逐级'!$A$5:$A$328,0)),"") | N5: =IFERROR(MAXIFS('建筑建议逐级'!$AC$5:$AC$328,'建筑建议逐级'!$A$5:$A$328,$B5),"")
A6: 建筑 | B6: tax_office | C6: =INDEX('建筑建议总览'!$B$5:$B$25,MATCH($B6,'建筑建议总览'!$A$5:$A$25,0)) | D6: =IF(INDEX('建筑建议总览'!$K$5:$K$25,MATCH($B6,'建筑建议总览'!$A$5:$A$25,0))="","",INDEX('建筑建议总览'!$K$5:$K$25,MATCH($B6,'建筑建议总览'!$A$5:$A$25,0))) | E6: =INDEX('建筑建议总览'!$L$5:$L$25,MATCH($B6,'建筑建议总览'!$A$5:$A$25,0)) | F6: =IF(D6="","",E6-D6) | G6: =IF(INDEX('建筑建议总览'!$U$5:$U$25,MATCH($B6,'建筑建议总览'!$A$5:$A$25,0))="","",INDEX('建筑建议总览'!$U$5:$U$25,MATCH($B6,'建筑建议总览'!$A$5:$A$25,0))) | H6: =INDEX('建筑建议总览'!$V$5:$V$25,MATCH($B6,'建筑建议总览'!$A$5:$A$25,0)) | I6: =IF(G6="","",H6-G6) | J6: =IF(AND(OR(D6="",ABS(F6)<=MAX(1,D6*0.05)),OR(G6="",ABS(I6)<=MAX(100000,G6*0.05))),"达标","需复核") | K6: =IFERROR(INDEX('建筑建议逐级'!$X$5:$X$328,MATCH($B6,'建筑建议逐级'!$A$5:$A$328,0)),"") | L6: =IFERROR(MAXIFS('建筑建议逐级'!$AD$5:$AD$328,'建筑建议逐级'!$A$5:$A$328,$B6),"") | M6: =IFERROR(INDEX('建筑建议逐级'!$N$5:$N$328,MATCH($B6,'建筑建议逐级'!$A$5:$A$328,0)),"") | N6: =IFERROR(MAXIFS('建筑建议逐级'!$AC$5:$AC$328,'建筑建议逐级'!$A$5:$A$328,$B6),"")
A7: 建筑 | B7: bathhouse | C7: =INDEX('建筑建议总览'!$B$5:$B$25,MATCH($B7,'建筑建议总览'!$A$5:$A$25,0)) | D7: =IF(INDEX('建筑建议总览'!$K$5:$K$25,MATCH($B7,'建筑建议总览'!$A$5:$A$25,0))="","",INDEX('建筑建议总览'!$K$5:$K$25,MATCH($B7,'建筑建议总览'!$A$5:$A$25,0))) | E7: =INDEX('建筑建议总览'!$L$5:$L$25,MATCH($B7,'建筑建议总览'!$A$5:$A$25,0)) | F7: =IF(D7="","",E7-D7) | G7: =IF(INDEX('建筑建议总览'!$U$5:$U$25,MATCH($B7,'建筑建议总览'!$A$5:$A$25,0))="","",INDEX('建筑建议总览'!$U$5:$U$25,MATCH($B7,'建筑建议总览'!$A$5:$A$25,0))) | H7: =INDEX('建筑建议总览'!$V$5:$V$25,MATCH($B7,'建筑建议总览'!$A$5:$A$25,0)) | I7: =IF(G7="","",H7-G7) | J7: =IF(AND(OR(D7="",ABS(F7)<=MAX(1,D7*0.05)),OR(G7="",ABS(I7)<=MAX(100000,G7*0.05))),"达标","需复核") | K7: =IFERROR(INDEX('建筑建议逐级'!$X$5:$X$328,MATCH($B7,'建筑建议逐级'!$A$5:$A$328,0)),"") | L7: =IFERROR(MAXIFS('建筑建议逐级'!$AD$5:$AD$328,'建筑建议逐级'!$A$5:$A$328,$B7),"") | M7: =IFERROR(INDEX('建筑建议逐级'!$N$5:$N$328,MATCH($B7,'建筑建议逐级'!$A$5:$A$328,0)),"") | N7: =IFERROR(MAXIFS('建筑建议逐级'!$AC$5:$AC$328,'建筑建议逐级'!$A$5:$A$328,$B7),"")
A8: 建筑 | B8: latrine | C8: =INDEX('建筑建议总览'!$B$5:$B$25,MATCH($B8,'建筑建议总览'!$A$5:$A$25,0)) | D8: =IF(INDEX('建筑建议总览'!$K$5:$K$25,MATCH($B8,'建筑建议总览'!$A$5:$A$25,0))="","",INDEX('建筑建议总览'!$K$5:$K$25,MATCH($B8,'建筑建议总览'!$A$5:$A$25,0))) | E8: =INDEX('建筑建议总览'!$L$5:$L$25,MATCH($B8,'建筑建议总览'!$A$5:$A$25,0)) | F8: =IF(D8="","",E8-D8) | G8: =IF(INDEX('建筑建议总览'!$U$5:$U$25,MATCH($B8,'建筑建议总览'!$A$5:$A$25,0))="","",INDEX('建筑建议总览'!$U$5:$U$25,MATCH($B8,'建筑建议总览'!$A$5:$A$25,0))) | H8: =INDEX('建筑建议总览'!$V$5:$V$25,MATCH($B8,'建筑建议总览'!$A$5:$A$25,0)) | I8: =IF(G8="","",H8-G8) | J8: =IF(AND(OR(D8="",ABS(F8)<=MAX(1,D8*0.05)),OR(G8="",ABS(I8)<=MAX(100000,G8*0.05))),"达标","需复核") | K8: =IFERROR(INDEX('建筑建议逐级'!$X$5:$X$328,MATCH($B8,'建筑建议逐级'!$A$5:$A$328,0)),"") | L8: =IFERROR(MAXIFS('建筑建议逐级'!$AD$5:$AD$328,'建筑建议逐级'!$A$5:$A$328,$B8),"") | M8: =IFERROR(INDEX('建筑建议逐级'!$N$5:$N$328,MATCH($B8,'建筑建议逐级'!$A$5:$A$328,0)),"") | N8: =IFERROR(MAXIFS('建筑建议逐级'!$AC$5:$AC$328,'建筑建议逐级'!$A$5:$A$328,$B8),"")
A9: 建筑 | B9: granary | C9: =INDEX('建筑建议总览'!$B$5:$B$25,MATCH($B9,'建筑建议总览'!$A$5:$A$25,0)) | D9: =IF(INDEX('建筑建议总览'!$K$5:$K$25,MATCH($B9,'建筑建议总览'!$A$5:$A$25,0))="","",INDEX('建筑建议总览'!$K$5:$K$25,MATCH($B9,'建筑建议总览'!$A$5:$A$25,0))) | E9: =INDEX('建筑建议总览'!$L$5:$L$25,MATCH($B9,'建筑建议总览'!$A$5:$A$25,0)) | F9: =IF(D9="","",E9-D9) | G9: =IF(INDEX('建筑建议总览'!$U$5:$U$25,MATCH($B9,'建筑建议总览'!$A$5:$A$25,0))="","",INDEX('建筑建议总览'!$U$5:$U$25,MATCH($B9,'建筑建议总览'!$A$5:$A$25,0))) | H9: =INDEX('建筑建议总览'!$V$5:$V$25,MATCH($B9,'建筑建议总览'!$A$5:$A$25,0)) | I9: =IF(G9="","",H9-G9) | J9: =IF(AND(OR(D9="",ABS(F9)<=MAX(1,D9*0.05)),OR(G9="",ABS(I9)<=MAX(100000,G9*0.05))),"达标","需复核") | K9: =IFERROR(INDEX('建筑建议逐级'!$X$5:$X$328,MATCH($B9,'建筑建议逐级'!$A$5:$A$328,0)),"") | L9: =IFERROR(MAXIFS('建筑建议逐级'!$AD$5:$AD$328,'建筑建议逐级'!$A$5:$A$328,$B9),"") | M9: =IFERROR(INDEX('建筑建议逐级'!$N$5:$N$328,MATCH($B9,'建筑建议逐级'!$A$5:$A$328,0)),"") | N9: =IFERROR(MAXIFS('建筑建议逐级'!$AC$5:$AC$328,'建筑建议逐级'!$A$5:$A$328,$B9),"")
A10: 建筑 | B10: silver_vault | C10: =INDEX('建筑建议总览'!$B$5:$B$25,MATCH($B10,'建筑建议总览'!$A$5:$A$25,0)) | D10: =IF(INDEX('建筑建议总览'!$K$5:$K$25,MATCH($B10,'建筑建议总览'!$A$5:$A$25,0))="","",INDEX('建筑建议总览'!$K$5:$K$25,MATCH($B10,'建筑建议总览'!$A$5:$A$25,0))) | E10: =INDEX('建筑建议总览'!$L$5:$L$25,MATCH($B10,'建筑建议总览'!$A$5:$A$25,0)) | F10: =IF(D10="","",E10-D10) | G10: =IF(INDEX('建筑建议总览'!$U$5:$U$25,MATCH($B10,'建筑建议总览'!$A$5:$A$25,0))="","",INDEX('建筑建议总览'!$U$5:$U$25,MATCH($B10,'建筑建议总览'!$A$5:$A$25,0))) | H10: =INDEX('建筑建议总览'!$V$5:$V$25,MATCH($B10,'建筑建议总览'!$A$5:$A$25,0)) | I10: =IF(G10="","",H10-G10) | J10: =IF(AND(OR(D10="",ABS(F10)<=MAX(1,D10*0.05)),OR(G10="",ABS(I10)<=MAX(100000,G10*0.05))),"达标","需复核") | K10: =IFERROR(INDEX('建筑建议逐级'!$X$5:$X$328,MATCH($B10,'建筑建议逐级'!$A$5:$A$328,0)),"") | L10: =IFERROR(MAXIFS('建筑建议逐级'!$AD$5:$AD$328,'建筑建议逐级'!$A$5:$A$328,$B10),"") | M10: =IFERROR(INDEX('建筑建议逐级'!$N$5:$N$328,MATCH($B10,'建筑建议逐级'!$A$5:$A$328,0)),"") | N10: =IFERROR(MAXIFS('建筑建议逐级'!$AC$5:$AC$328,'建筑建议逐级'!$A$5:$A$328,$B10),"")
A11: 建筑 | B11: treasury | C11: =INDEX('建筑建议总览'!$B$5:$B$25,MATCH($B11,'建筑建议总览'!$A$5:$A$25,0)) | D11: =IF(INDEX('建筑建议总览'!$K$5:$K$25,MATCH($B11,'建筑建议总览'!$A$5:$A$25,0))="","",INDEX('建筑建议总览'!$K$5:$K$25,MATCH($B11,'建筑建议总览'!$A$5:$A$25,0))) | E11: =INDEX('建筑建议总览'!$L$5:$L$25,MATCH($B11,'建筑建议总览'!$A$5:$A$25,0)) | F11: =IF(D11="","",E11-D11) | G11: =IF(INDEX('建筑建议总览'!$U$5:$U$25,MATCH($B11,'建筑建议总览'!$A$5:$A$25,0))="","",INDEX('建筑建议总览'!$U$5:$U$25,MATCH($B11,'建筑建议总览'!$A$5:$A$25,0))) | H11: =INDEX('建筑建议总览'!$V$5:$V$25,MATCH($B11,'建筑建议总览'!$A$5:$A$25,0)) | I11: =IF(G11="","",H11-G11) | J11: =IF(AND(OR(D11="",ABS(F11)<=MAX(1,D11*0.05)),OR(G11="",ABS(I11)<=MAX(100000,G11*0.05))),"达标","需复核") | K11: =IFERROR(INDEX('建筑建议逐级'!$X$5:$X$328,MATCH($B11,'建筑建议逐级'!$A$5:$A$328,0)),"") | L11: =IFERROR(MAXIFS('建筑建议逐级'!$AD$5:$AD$328,'建筑建议逐级'!$A$5:$A$328,$B11),"") | M11: =IFERROR(INDEX('建筑建议逐级'!$N$5:$N$328,MATCH($B11,'建筑建议逐级'!$A$5:$A$328,0)),"") | N11: =IFERROR(MAXIFS('建筑建议逐级'!$AC$5:$AC$328,'建筑建议逐级'!$A$5:$A$328,$B11),"")
A12: 建筑 | B12: ranch | C12: =INDEX('建筑建议总览'!$B$5:$B$25,MATCH($B12,'建筑建议总览'!$A$5:$A$25,0)) | D12: =IF(INDEX('建筑建议总览'!$K$5:$K$25,MATCH($B12,'建筑建议总览'!$A$5:$A$25,0))="","",INDEX('建筑建议总览'!$K$5:$K$25,MATCH($B12,'建筑建议总览'!$A$5:$A$25,0))) | E12: =INDEX('建筑建议总览'!$L$5:$L$25,MATCH($B12,'建筑建议总览'!$A$5:$A$25,0)) | F12: =IF(D12="","",E12-D12) | G12: =IF(INDEX('建筑建议总览'!$U$5:$U$25,MATCH($B12,'建筑建议总览'!$A$5:$A$25,0))="","",INDEX('建筑建议总览'!$U$5:$U$25,MATCH($B12,'建筑建议总览'!$A$5:$A$25,0))) | H12: =INDEX('建筑建议总览'!$V$5:$V$25,MATCH($B12,'建筑建议总览'!$A$5:$A$25,0)) | I12: =IF(G12="","",H12-G12) | J12: =IF(AND(OR(D12="",ABS(F12)<=MAX(1,D12*0.05)),OR(G12="",ABS(I12)<=MAX(100000,G12*0.05))),"达标","需复核") | K12: =IFERROR(INDEX('建筑建议逐级'!$X$5:$X$328,MATCH($B12,'建筑建议逐级'!$A$5:$A$328,0)),"") | L12: =IFERROR(MAXIFS('建筑建议逐级'!$AD$5:$AD$328,'建筑建议逐级'!$A$5:$A$328,$B12),"") | M12: =IFERROR(INDEX('建筑建议逐级'!$N$5:$N$328,MATCH($B12,'建筑建议逐级'!$A$5:$A$328,0)),"") | N12: =IFERROR(MAXIFS('建筑建议逐级'!$AC$5:$AC$328,'建筑建议逐级'!$A$5:$A$328,$B12),"")
A13: 建筑 | B13: smithy | C13: =INDEX('建筑建议总览'!$B$5:$B$25,MATCH($B13,'建筑建议总览'!$A$5:$A$25,0)) | D13: =IF(INDEX('建筑建议总览'!$K$5:$K$25,MATCH($B13,'建筑建议总览'!$A$5:$A$25,0))="","",INDEX('建筑建议总览'!$K$5:$K$25,MATCH($B13,'建筑建议总览'!$A$5:$A$25,0))) | E13: =INDEX('建筑建议总览'!$L$5:$L$25,MATCH($B13,'建筑建议总览'!$A$5:$A$25,0)) | F13: =IF(D13="","",E13-D13) | G13: =IF(INDEX('建筑建议总览'!$U$5:$U$25,MATCH($B13,'建筑建议总览'!$A$5:$A$25,0))="","",INDEX('建筑建议总览'!$U$5:$U$25,MATCH($B13,'建筑建议总览'!$A$5:$A$25,0))) | H13: =INDEX('建筑建议总览'!$V$5:$V$25,MATCH($B13,'建筑建议总览'!$A$5:$A$25,0)) | I13: =IF(G13="","",H13-G13) | J13: =IF(AND(OR(D13="",ABS(F13)<=MAX(1,D13*0.05)),OR(G13="",ABS(I13)<=MAX(100000,G13*0.05))),"达标","需复核") | K13: =IFERROR(INDEX('建筑建议逐级'!$X$5:$X$328,MATCH($B13,'建筑建议逐级'!$A$5:$A$328,0)),"") | L13: =IFERROR(MAXIFS('建筑建议逐级'!$AD$5:$AD$328,'建筑建议逐级'!$A$5:$A$328,$B13),"") | M13: =IFERROR(INDEX('建筑建议逐级'!$N$5:$N$328,MATCH($B13,'建筑建议逐级'!$A$5:$A$328,0)),"") | N13: =IFERROR(MAXIFS('建筑建议逐级'!$AC$5:$AC$328,'建筑建议逐级'!$A$5:$A$328,$B13),"")
A14: 建筑 | B14: stable | C14: =INDEX('建筑建议总览'!$B$5:$B$25,MATCH($B14,'建筑建议总览'!$A$5:$A$25,0)) | D14: =IF(INDEX('建筑建议总览'!$K$5:$K$25,MATCH($B14,'建筑建议总览'!$A$5:$A$25,0))="","",INDEX('建筑建议总览'!$K$5:$K$25,MATCH($B14,'建筑建议总览'!$A$5:$A$25,0))) | E14: =INDEX('建筑建议总览'!$L$5:$L$25,MATCH($B14,'建筑建议总览'!$A$5:$A$25,0)) | F14: =IF(D14="","",E14-D14) | G14: =IF(INDEX('建筑建议总览'!$U$5:$U$25,MATCH($B14,'建筑建议总览'!$A$5:$A$25,0))="","",INDEX('建筑建议总览'!$U$5:$U$25,MATCH($B14,'建筑建议总览'!$A$5:$A$25,0))) | H14: =INDEX('建筑建议总览'!$V$5:$V$25,MATCH($B14,'建筑建议总览'!$A$5:$A$25,0)) | I14: =IF(G14="","",H14-G14) | J14: =IF(AND(OR(D14="",ABS(F14)<=MAX(1,D14*0.05)),OR(G14="",ABS(I14)<=MAX(100000,G14*0.05))),"达标","需复核") | K14: =IFERROR(INDEX('建筑建议逐级'!$X$5:$X$328,MATCH($B14,'建筑建议逐级'!$A$5:$A$328,0)),"") | L14: =IFERROR(MAXIFS('建筑建议逐级'!$AD$5:$AD$328,'建筑建议逐级'!$A$5:$A$328,$B14),"") | M14: =IFERROR(INDEX('建筑建议逐级'!$N$5:$N$328,MATCH($B14,'建筑建议逐级'!$A$5:$A$328,0)),"") | N14: =IFERROR(MAXIFS('建筑建议逐级'!$AC$5:$AC$328,'建筑建议逐级'!$A$5:$A$328,$B14),"")
A15: 建筑 | B15: forge | C15: =INDEX('建筑建议总览'!$B$5:$B$25,MATCH($B15,'建筑建议总览'!$A$5:$A$25,0)) | D15: =IF(INDEX('建筑建议总览'!$K$5:$K$25,MATCH($B15,'建筑建议总览'!$A$5:$A$25,0))="","",INDEX('建筑建议总览'!$K$5:$K$25,MATCH($B15,'建筑建议总览'!$A$5:$A$25,0))) | E15: =INDEX('建筑建议总览'!$L$5:$L$25,MATCH($B15,'建筑建议总览'!$A$5:$A$25,0)) | F15: =IF(D15="","",E15-D15) | G15: =IF(INDEX('建筑建议总览'!$U$5:$U$25,MATCH($B15,'建筑建议总览'!$A$5:$A$25,0))="","",INDEX('建筑建议总览'!$U$5:$U$25,MATCH($B15,'建筑建议总览'!$A$5:$A$25,0))) | H15: =INDEX('建筑建议总览'!$V$5:$V$25,MATCH($B15,'建筑建议总览'!$A$5:$A$25,0)) | I15: =IF(G15="","",H15-G15) | J15: =IF(AND(OR(D15="",ABS(F15)<=MAX(1,D15*0.05)),OR(G15="",ABS(I15)<=MAX(100000,G15*0.05))),"达标","需复核") | K15: =IFERROR(INDEX('建筑建议逐级'!$X$5:$X$328,MATCH($B15,'建筑建议逐级'!$A$5:$A$328,0)),"") | L15: =IFERROR(MAXIFS('建筑建议逐级'!$AD$5:$AD$328,'建筑建议逐级'!$A$5:$A$328,$B15),"") | M15: =IFERROR(INDEX('建筑建议逐级'!$N$5:$N$328,MATCH($B15,'建筑建议逐级'!$A$5:$A$328,0)),"") | N15: =IFERROR(MAXIFS('建筑建议逐级'!$AC$5:$AC$328,'建筑建议逐级'!$A$5:$A$328,$B15),"")
A16: 建筑 | B16: juxianzhuang | C16: =INDEX('建筑建议总览'!$B$5:$B$25,MATCH($B16,'建筑建议总览'!$A$5:$A$25,0)) | D16: =IF(INDEX('建筑建议总览'!$K$5:$K$25,MATCH($B16,'建筑建议总览'!$A$5:$A$25,0))="","",INDEX('建筑建议总览'!$K$5:$K$25,MATCH($B16,'建筑建议总览'!$A$5:$A$25,0))) | E16: =INDEX('建筑建议总览'!$L$5:$L$25,MATCH($B16,'建筑建议总览'!$A$5:$A$25,0)) | F16: =IF(D16="","",E16-D16) | G16: =IF(INDEX('建筑建议总览'!$U$5:$U$25,MATCH($B16,'建筑建议总览'!$A$5:$A$25,0))="","",INDEX('建筑建议总览'!$U$5:$U$25,MATCH($B16,'建筑建议总览'!$A$5:$A$25,0))) | H16: =INDEX('建筑建议总览'!$V$5:$V$25,MATCH($B16,'建筑建议总览'!$A$5:$A$25,0)) | I16: =IF(G16="","",H16-G16) | J16: =IF(AND(OR(D16="",ABS(F16)<=MAX(1,D16*0.05)),OR(G16="",ABS(I16)<=MAX(100000,G16*0.05))),"达标","需复核") | K16: =IFERROR(INDEX('建筑建议逐级'!$X$5:$X$328,MATCH($B16,'建筑建议逐级'!$A$5:$A$328,0)),"") | L16: =IFERROR(MAXIFS('建筑建议逐级'!$AD$5:$AD$328,'建筑建议逐级'!$A$5:$A$328,$B16),"") | M16: =IFERROR(INDEX('建筑建议逐级'!$N$5:$N$328,MATCH($B16,'建筑建议逐级'!$A$5:$A$328,0)),"") | N16: =IFERROR(MAXIFS('建筑建议逐级'!$AC$5:$AC$328,'建筑建议逐级'!$A$5:$A$328,$B16),"")
... A25: 建筑 | B25: arrow_tower | C25: =INDEX('建筑建议总览'!$B$5:$B$25,MATCH($B25,'建筑建议总览'!$A$5:$A$25,0)) | D25: =IF(INDEX('建筑建议总览'!$K$5:$K$25,MATCH($B25,'建筑建议总览'!$A$5:$A$25,0))="","",INDEX('建筑建议总览'!$K$5:$K$25,MATCH($B25,'建筑建议总览'!$A$5:$A$25,0))) | E25: =INDEX('建筑建议总览'!$L$5:$L$25,MATCH($B25,'建筑建议总览'!$A$5:$A$25,0)) | F25: =IF(D25="","",E25-D25) | G25: =IF(INDEX('建筑建议总览'!$U$5:$U$25,MATCH($B25,'建筑建议总览'!$A$5:$A$25,0))="","",INDEX('建筑建议总览'!$U$5:$U$25,MATCH($B25,'建筑建议总览'!$A$5:$A$25,0))) | H25: =INDEX('建筑建议总览'!$V$5:$V$25,MATCH($B25,'建筑建议总览'!$A$5:$A$25,0)) | I25: =IF(G25="","",H25-G25) | J25: =IF(AND(OR(D25="",ABS(F25)<=MAX(1,D25*0.05)),OR(G25="",ABS(I25)<=MAX(100000,G25*0.05))),"达标","需复核") | K25: =IFERROR(INDEX('建筑建议逐级'!$X$5:$X$328,MATCH($B25,'建筑建议逐级'!$A$5:$A$328,0)),"") | L25: =IFERROR(MAXIFS('建筑建议逐级'!$AD$5:$AD$328,'建筑建议逐级'!$A$5:$A$328,$B25),"") | M25: =IFERROR(INDEX('建筑建议逐级'!$N$5:$N$328,MATCH($B25,'建筑建议逐级'!$A$5:$A$328,0)),"") | N25: =IFERROR(MAXIFS('建筑建议逐级'!$AC$5:$AC$328,'建筑建议逐级'!$A$5:$A$328,$B25),"")
